Analysis & Synthesis report for finalproj
Thu Jul 17 13:15:29 2025
Quartus Prime Version 22.1std.0 Build 915 10/25/2022 SC Lite Edition


---------------------
; Table of Contents ;
---------------------
  1. Legal Notice
  2. Analysis & Synthesis Summary
  3. Analysis & Synthesis Settings
  4. Parallel Compilation
  5. Analysis & Synthesis Source Files Read
  6. Analysis & Synthesis Resource Usage Summary
  7. Analysis & Synthesis Resource Utilization by Entity
  8. Analysis & Synthesis RAM Summary
  9. Analysis & Synthesis DSP Block Usage Summary
 10. Analysis & Synthesis IP Cores Summary
 11. Registers Removed During Synthesis
 12. General Register Statistics
 13. Multiplexer Restructuring Statistics (Restructuring Performed)
 14. Source assignments for image_rom:img_rom|altsyncram:altsyncram_component|altsyncram_cec1:auto_generated
 15. Parameter Settings for User Entity Instance: pll_148mhz:pll_inst|altpll:altpll_component
 16. Parameter Settings for User Entity Instance: vga_controller_1080p:vga
 17. Parameter Settings for User Entity Instance: image_rom:img_rom|altsyncram:altsyncram_component
 18. Parameter Settings for User Entity Instance: nearest_centroid_segment:ncentroid_inst
 19. Parameter Settings for Inferred Entity Instance: nearest_centroid_segment:ncentroid_inst|lpm_mult:Mult29
 20. Parameter Settings for Inferred Entity Instance: nearest_centroid_segment:ncentroid_inst|lpm_mult:Mult2
 21. Parameter Settings for Inferred Entity Instance: nearest_centroid_segment:ncentroid_inst|lpm_mult:Mult5
 22. Parameter Settings for Inferred Entity Instance: ContrastEnhancer:contrast_inst|lpm_divide:Div2
 23. Parameter Settings for Inferred Entity Instance: ContrastEnhancer:contrast_inst|lpm_divide:Div5
 24. Parameter Settings for Inferred Entity Instance: nearest_centroid_segment:ncentroid_inst|lpm_mult:Mult8
 25. Parameter Settings for Inferred Entity Instance: nearest_centroid_segment:ncentroid_inst|lpm_mult:Mult11
 26. Parameter Settings for Inferred Entity Instance: nearest_centroid_segment:ncentroid_inst|lpm_mult:Mult14
 27. Parameter Settings for Inferred Entity Instance: nearest_centroid_segment:ncentroid_inst|lpm_mult:Mult17
 28. Parameter Settings for Inferred Entity Instance: nearest_centroid_segment:ncentroid_inst|lpm_mult:Mult20
 29. Parameter Settings for Inferred Entity Instance: nearest_centroid_segment:ncentroid_inst|lpm_mult:Mult26
 30. Parameter Settings for Inferred Entity Instance: ContrastEnhancer:contrast_inst|lpm_divide:Div4
 31. Parameter Settings for Inferred Entity Instance: ContrastEnhancer:contrast_inst|lpm_divide:Div1
 32. Parameter Settings for Inferred Entity Instance: nearest_centroid_segment:ncentroid_inst|lpm_mult:Mult28
 33. Parameter Settings for Inferred Entity Instance: nearest_centroid_segment:ncentroid_inst|lpm_mult:Mult12
 34. Parameter Settings for Inferred Entity Instance: nearest_centroid_segment:ncentroid_inst|lpm_mult:Mult0
 35. Parameter Settings for Inferred Entity Instance: nearest_centroid_segment:ncentroid_inst|lpm_mult:Mult1
 36. Parameter Settings for Inferred Entity Instance: ContrastEnhancer:contrast_inst|lpm_divide:Div0
 37. Parameter Settings for Inferred Entity Instance: ContrastEnhancer:contrast_inst|lpm_divide:Div3
 38. Parameter Settings for Inferred Entity Instance: nearest_centroid_segment:ncentroid_inst|lpm_mult:Mult3
 39. Parameter Settings for Inferred Entity Instance: nearest_centroid_segment:ncentroid_inst|lpm_mult:Mult4
 40. Parameter Settings for Inferred Entity Instance: nearest_centroid_segment:ncentroid_inst|lpm_mult:Mult6
 41. Parameter Settings for Inferred Entity Instance: nearest_centroid_segment:ncentroid_inst|lpm_mult:Mult7
 42. Parameter Settings for Inferred Entity Instance: nearest_centroid_segment:ncentroid_inst|lpm_mult:Mult9
 43. Parameter Settings for Inferred Entity Instance: nearest_centroid_segment:ncentroid_inst|lpm_mult:Mult10
 44. Parameter Settings for Inferred Entity Instance: nearest_centroid_segment:ncentroid_inst|lpm_mult:Mult13
 45. Parameter Settings for Inferred Entity Instance: nearest_centroid_segment:ncentroid_inst|lpm_mult:Mult15
 46. Parameter Settings for Inferred Entity Instance: nearest_centroid_segment:ncentroid_inst|lpm_mult:Mult16
 47. Parameter Settings for Inferred Entity Instance: nearest_centroid_segment:ncentroid_inst|lpm_mult:Mult18
 48. Parameter Settings for Inferred Entity Instance: nearest_centroid_segment:ncentroid_inst|lpm_mult:Mult19
 49. Parameter Settings for Inferred Entity Instance: nearest_centroid_segment:ncentroid_inst|lpm_mult:Mult21
 50. Parameter Settings for Inferred Entity Instance: nearest_centroid_segment:ncentroid_inst|lpm_mult:Mult22
 51. Parameter Settings for Inferred Entity Instance: nearest_centroid_segment:ncentroid_inst|lpm_mult:Mult24
 52. Parameter Settings for Inferred Entity Instance: nearest_centroid_segment:ncentroid_inst|lpm_mult:Mult25
 53. altpll Parameter Settings by Entity Instance
 54. altsyncram Parameter Settings by Entity Instance
 55. lpm_mult Parameter Settings by Entity Instance
 56. Port Connectivity Checks: "vga_controller_1080p:vga"
 57. Port Connectivity Checks: "pll_148mhz:pll_inst"
 58. Post-Synthesis Netlist Statistics for Top Partition
 59. Elapsed Time Per Partition
 60. Analysis & Synthesis Messages



----------------
; Legal Notice ;
----------------
Copyright (C) 2022  Intel Corporation. All rights reserved.
Your use of Intel Corporation's design tools, logic functions 
and other software and tools, and any partner logic 
functions, and any output files from any of the foregoing 
(including device programming or simulation files), and any 
associated documentation or information are expressly subject 
to the terms and conditions of the Intel Program License 
Subscription Agreement, the Intel Quartus Prime License Agreement,
the Intel FPGA IP License Agreement, or other applicable license
agreement, including, without limitation, that your use is for
the sole purpose of programming logic devices manufactured by
Intel and sold by Intel or its authorized distributors.  Please
refer to the applicable agreement for further details, at
https://fpgasoftware.intel.com/eula.



+-------------------------------------------------------------------------------------+
; Analysis & Synthesis Summary                                                        ;
+------------------------------------+------------------------------------------------+
; Analysis & Synthesis Status        ; Successful - Thu Jul 17 13:15:29 2025          ;
; Quartus Prime Version              ; 22.1std.0 Build 915 10/25/2022 SC Lite Edition ;
; Revision Name                      ; finalproj                                      ;
; Top-level Entity Name              ; finalproj                                      ;
; Family                             ; Cyclone IV E                                   ;
; Total logic elements               ; 1,872                                          ;
;     Total combinational functions  ; 1,871                                          ;
;     Dedicated logic registers      ; 47                                             ;
; Total registers                    ; 47                                             ;
; Total pins                         ; 69                                             ;
; Total virtual pins                 ; 0                                              ;
; Total memory bits                  ; 393,216                                        ;
; Embedded Multiplier 9-bit elements ; 28                                             ;
; Total PLLs                         ; 1                                              ;
+------------------------------------+------------------------------------------------+


+------------------------------------------------------------------------------------------------------------+
; Analysis & Synthesis Settings                                                                              ;
+------------------------------------------------------------------+--------------------+--------------------+
; Option                                                           ; Setting            ; Default Value      ;
+------------------------------------------------------------------+--------------------+--------------------+
; Device                                                           ; EP4CE115F29C7      ;                    ;
; Top-level entity name                                            ; finalproj          ; finalproj          ;
; Family name                                                      ; Cyclone IV E       ; Cyclone V          ;
; Use smart compilation                                            ; Off                ; Off                ;
; Enable parallel Assembler and Timing Analyzer during compilation ; On                 ; On                 ;
; Enable compact report table                                      ; Off                ; Off                ;
; Restructure Multiplexers                                         ; Auto               ; Auto               ;
; Create Debugging Nodes for IP Cores                              ; Off                ; Off                ;
; Preserve fewer node names                                        ; On                 ; On                 ;
; Intel FPGA IP Evaluation Mode                                    ; Enable             ; Enable             ;
; Verilog Version                                                  ; Verilog_2001       ; Verilog_2001       ;
; VHDL Version                                                     ; VHDL_1993          ; VHDL_1993          ;
; State Machine Processing                                         ; Auto               ; Auto               ;
; Safe State Machine                                               ; Off                ; Off                ;
; Extract Verilog State Machines                                   ; On                 ; On                 ;
; Extract VHDL State Machines                                      ; On                 ; On                 ;
; Ignore Verilog initial constructs                                ; Off                ; Off                ;
; Iteration limit for constant Verilog loops                       ; 5000               ; 5000               ;
; Iteration limit for non-constant Verilog loops                   ; 250                ; 250                ;
; Add Pass-Through Logic to Inferred RAMs                          ; On                 ; On                 ;
; Infer RAMs from Raw Logic                                        ; On                 ; On                 ;
; Parallel Synthesis                                               ; On                 ; On                 ;
; DSP Block Balancing                                              ; Auto               ; Auto               ;
; NOT Gate Push-Back                                               ; On                 ; On                 ;
; Power-Up Don't Care                                              ; On                 ; On                 ;
; Remove Redundant Logic Cells                                     ; Off                ; Off                ;
; Remove Duplicate Registers                                       ; On                 ; On                 ;
; Ignore CARRY Buffers                                             ; Off                ; Off                ;
; Ignore CASCADE Buffers                                           ; Off                ; Off                ;
; Ignore GLOBAL Buffers                                            ; Off                ; Off                ;
; Ignore ROW GLOBAL Buffers                                        ; Off                ; Off                ;
; Ignore LCELL Buffers                                             ; Off                ; Off                ;
; Ignore SOFT Buffers                                              ; On                 ; On                 ;
; Limit AHDL Integers to 32 Bits                                   ; Off                ; Off                ;
; Optimization Technique                                           ; Balanced           ; Balanced           ;
; Carry Chain Length                                               ; 70                 ; 70                 ;
; Auto Carry Chains                                                ; On                 ; On                 ;
; Auto Open-Drain Pins                                             ; On                 ; On                 ;
; Perform WYSIWYG Primitive Resynthesis                            ; Off                ; Off                ;
; Auto ROM Replacement                                             ; On                 ; On                 ;
; Auto RAM Replacement                                             ; On                 ; On                 ;
; Auto DSP Block Replacement                                       ; On                 ; On                 ;
; Auto Shift Register Replacement                                  ; Auto               ; Auto               ;
; Allow Shift Register Merging across Hierarchies                  ; Auto               ; Auto               ;
; Auto Clock Enable Replacement                                    ; On                 ; On                 ;
; Strict RAM Replacement                                           ; Off                ; Off                ;
; Allow Synchronous Control Signals                                ; On                 ; On                 ;
; Force Use of Synchronous Clear Signals                           ; Off                ; Off                ;
; Auto RAM Block Balancing                                         ; On                 ; On                 ;
; Auto RAM to Logic Cell Conversion                                ; Off                ; Off                ;
; Auto Resource Sharing                                            ; Off                ; Off                ;
; Allow Any RAM Size For Recognition                               ; Off                ; Off                ;
; Allow Any ROM Size For Recognition                               ; Off                ; Off                ;
; Allow Any Shift Register Size For Recognition                    ; Off                ; Off                ;
; Use LogicLock Constraints during Resource Balancing              ; On                 ; On                 ;
; Ignore translate_off and synthesis_off directives                ; Off                ; Off                ;
; Timing-Driven Synthesis                                          ; On                 ; On                 ;
; Report Parameter Settings                                        ; On                 ; On                 ;
; Report Source Assignments                                        ; On                 ; On                 ;
; Report Connectivity Checks                                       ; On                 ; On                 ;
; Ignore Maximum Fan-Out Assignments                               ; Off                ; Off                ;
; Synchronization Register Chain Length                            ; 2                  ; 2                  ;
; Power Optimization During Synthesis                              ; Normal compilation ; Normal compilation ;
; HDL message level                                                ; Level2             ; Level2             ;
; Suppress Register Optimization Related Messages                  ; Off                ; Off                ;
; Number of Removed Registers Reported in Synthesis Report         ; 5000               ; 5000               ;
; Number of Swept Nodes Reported in Synthesis Report               ; 5000               ; 5000               ;
; Number of Inverted Registers Reported in Synthesis Report        ; 100                ; 100                ;
; Clock MUX Protection                                             ; On                 ; On                 ;
; Auto Gated Clock Conversion                                      ; Off                ; Off                ;
; Block Design Naming                                              ; Auto               ; Auto               ;
; SDC constraint protection                                        ; Off                ; Off                ;
; Synthesis Effort                                                 ; Auto               ; Auto               ;
; Shift Register Replacement - Allow Asynchronous Clear Signal     ; On                 ; On                 ;
; Pre-Mapping Resynthesis Optimization                             ; Off                ; Off                ;
; Analysis & Synthesis Message Level                               ; Medium             ; Medium             ;
; Disable Register Merging Across Hierarchies                      ; Auto               ; Auto               ;
; Resource Aware Inference For Block RAM                           ; On                 ; On                 ;
+------------------------------------------------------------------+--------------------+--------------------+


+------------------------------------------+
; Parallel Compilation                     ;
+----------------------------+-------------+
; Processors                 ; Number      ;
+----------------------------+-------------+
; Number detected on machine ; 12          ;
; Maximum allowed            ; 10          ;
;                            ;             ;
; Average used               ; 1.00        ;
; Maximum used               ; 10          ;
;                            ;             ;
; Usage by Processor         ; % Time Used ;
;     Processor 1            ; 100.0%      ;
;     Processor 2            ;   0.0%      ;
;     Processor 3            ;   0.0%      ;
;     Processor 4            ;   0.0%      ;
;     Processors 5-10        ;   0.0%      ;
+----------------------------+-------------+


+----------------------------------------------------------------------------------------------------------------------------------------------------------------------------------------------------+
; Analysis & Synthesis Source Files Read                                                                                                                                                             ;
+---------------------------------------------+-----------------+----------------------------------------+---------------------------------------------------------------------------------+---------+
; File Name with User-Entered Path            ; Used in Netlist ; File Type                              ; File Name with Absolute Path                                                    ; Library ;
+---------------------------------------------+-----------------+----------------------------------------+---------------------------------------------------------------------------------+---------+
; pll_148mhz.v                                ; yes             ; User Wizard-Generated File             ; C:/intelFPGA_lite/22.1std/finalproj/pll_148mhz.v                                ;         ;
; image_rom.v                                 ; yes             ; User Wizard-Generated File             ; C:/intelFPGA_lite/22.1std/finalproj/image_rom.v                                 ;         ;
; finalproj.v                                 ; yes             ; User Verilog HDL File                  ; C:/intelFPGA_lite/22.1std/finalproj/finalproj.v                                 ;         ;
; altpll.tdf                                  ; yes             ; Megafunction                           ; c:/intelfpga_lite/22.1std/quartus/libraries/megafunctions/altpll.tdf            ;         ;
; aglobal221.inc                              ; yes             ; Megafunction                           ; c:/intelfpga_lite/22.1std/quartus/libraries/megafunctions/aglobal221.inc        ;         ;
; stratix_pll.inc                             ; yes             ; Megafunction                           ; c:/intelfpga_lite/22.1std/quartus/libraries/megafunctions/stratix_pll.inc       ;         ;
; stratixii_pll.inc                           ; yes             ; Megafunction                           ; c:/intelfpga_lite/22.1std/quartus/libraries/megafunctions/stratixii_pll.inc     ;         ;
; cycloneii_pll.inc                           ; yes             ; Megafunction                           ; c:/intelfpga_lite/22.1std/quartus/libraries/megafunctions/cycloneii_pll.inc     ;         ;
; db/pll_148mhz_altpll.v                      ; yes             ; Auto-Generated Megafunction            ; C:/intelFPGA_lite/22.1std/finalproj/db/pll_148mhz_altpll.v                      ;         ;
; altsyncram.tdf                              ; yes             ; Megafunction                           ; c:/intelfpga_lite/22.1std/quartus/libraries/megafunctions/altsyncram.tdf        ;         ;
; stratix_ram_block.inc                       ; yes             ; Megafunction                           ; c:/intelfpga_lite/22.1std/quartus/libraries/megafunctions/stratix_ram_block.inc ;         ;
; lpm_mux.inc                                 ; yes             ; Megafunction                           ; c:/intelfpga_lite/22.1std/quartus/libraries/megafunctions/lpm_mux.inc           ;         ;
; lpm_decode.inc                              ; yes             ; Megafunction                           ; c:/intelfpga_lite/22.1std/quartus/libraries/megafunctions/lpm_decode.inc        ;         ;
; a_rdenreg.inc                               ; yes             ; Megafunction                           ; c:/intelfpga_lite/22.1std/quartus/libraries/megafunctions/a_rdenreg.inc         ;         ;
; altrom.inc                                  ; yes             ; Megafunction                           ; c:/intelfpga_lite/22.1std/quartus/libraries/megafunctions/altrom.inc            ;         ;
; altram.inc                                  ; yes             ; Megafunction                           ; c:/intelfpga_lite/22.1std/quartus/libraries/megafunctions/altram.inc            ;         ;
; altdpram.inc                                ; yes             ; Megafunction                           ; c:/intelfpga_lite/22.1std/quartus/libraries/megafunctions/altdpram.inc          ;         ;
; db/altsyncram_cec1.tdf                      ; yes             ; Auto-Generated Megafunction            ; C:/intelFPGA_lite/22.1std/finalproj/db/altsyncram_cec1.tdf                      ;         ;
; /users/meera/downloads/image128x128 (1).mif ; yes             ; Auto-Found Memory Initialization File  ; /users/meera/downloads/image128x128 (1).mif                                     ;         ;
; db/decode_c8a.tdf                           ; yes             ; Auto-Generated Megafunction            ; C:/intelFPGA_lite/22.1std/finalproj/db/decode_c8a.tdf                           ;         ;
; db/mux_hob.tdf                              ; yes             ; Auto-Generated Megafunction            ; C:/intelFPGA_lite/22.1std/finalproj/db/mux_hob.tdf                              ;         ;
; lpm_mult.tdf                                ; yes             ; Megafunction                           ; c:/intelfpga_lite/22.1std/quartus/libraries/megafunctions/lpm_mult.tdf          ;         ;
; lpm_add_sub.inc                             ; yes             ; Megafunction                           ; c:/intelfpga_lite/22.1std/quartus/libraries/megafunctions/lpm_add_sub.inc       ;         ;
; multcore.inc                                ; yes             ; Megafunction                           ; c:/intelfpga_lite/22.1std/quartus/libraries/megafunctions/multcore.inc          ;         ;
; bypassff.inc                                ; yes             ; Megafunction                           ; c:/intelfpga_lite/22.1std/quartus/libraries/megafunctions/bypassff.inc          ;         ;
; altshift.inc                                ; yes             ; Megafunction                           ; c:/intelfpga_lite/22.1std/quartus/libraries/megafunctions/altshift.inc          ;         ;
; db/mult_b3t.tdf                             ; yes             ; Auto-Generated Megafunction            ; C:/intelFPGA_lite/22.1std/finalproj/db/mult_b3t.tdf                             ;         ;
; lpm_divide.tdf                              ; yes             ; Megafunction                           ; c:/intelfpga_lite/22.1std/quartus/libraries/megafunctions/lpm_divide.tdf        ;         ;
; abs_divider.inc                             ; yes             ; Megafunction                           ; c:/intelfpga_lite/22.1std/quartus/libraries/megafunctions/abs_divider.inc       ;         ;
; sign_div_unsign.inc                         ; yes             ; Megafunction                           ; c:/intelfpga_lite/22.1std/quartus/libraries/megafunctions/sign_div_unsign.inc   ;         ;
; db/lpm_divide_vim.tdf                       ; yes             ; Auto-Generated Megafunction            ; C:/intelFPGA_lite/22.1std/finalproj/db/lpm_divide_vim.tdf                       ;         ;
; db/sign_div_unsign_nlh.tdf                  ; yes             ; Auto-Generated Megafunction            ; C:/intelFPGA_lite/22.1std/finalproj/db/sign_div_unsign_nlh.tdf                  ;         ;
; db/alt_u_div_27f.tdf                        ; yes             ; Auto-Generated Megafunction            ; C:/intelFPGA_lite/22.1std/finalproj/db/alt_u_div_27f.tdf                        ;         ;
; db/add_sub_7pc.tdf                          ; yes             ; Auto-Generated Megafunction            ; C:/intelFPGA_lite/22.1std/finalproj/db/add_sub_7pc.tdf                          ;         ;
; db/add_sub_8pc.tdf                          ; yes             ; Auto-Generated Megafunction            ; C:/intelFPGA_lite/22.1std/finalproj/db/add_sub_8pc.tdf                          ;         ;
; db/lpm_divide_uim.tdf                       ; yes             ; Auto-Generated Megafunction            ; C:/intelFPGA_lite/22.1std/finalproj/db/lpm_divide_uim.tdf                       ;         ;
; db/sign_div_unsign_mlh.tdf                  ; yes             ; Auto-Generated Megafunction            ; C:/intelFPGA_lite/22.1std/finalproj/db/sign_div_unsign_mlh.tdf                  ;         ;
; db/alt_u_div_07f.tdf                        ; yes             ; Auto-Generated Megafunction            ; C:/intelFPGA_lite/22.1std/finalproj/db/alt_u_div_07f.tdf                        ;         ;
+---------------------------------------------+-----------------+----------------------------------------+---------------------------------------------------------------------------------+---------+


+---------------------------------------------------------------------------------------------------------------------------------------------+
; Analysis & Synthesis Resource Usage Summary                                                                                                 ;
+---------------------------------------------+-----------------------------------------------------------------------------------------------+
; Resource                                    ; Usage                                                                                         ;
+---------------------------------------------+-----------------------------------------------------------------------------------------------+
; Estimated Total logic elements              ; 1,872                                                                                         ;
;                                             ;                                                                                               ;
; Total combinational functions               ; 1871                                                                                          ;
; Logic element usage by number of LUT inputs ;                                                                                               ;
;     -- 4 input functions                    ; 248                                                                                           ;
;     -- 3 input functions                    ; 951                                                                                           ;
;     -- <=2 input functions                  ; 672                                                                                           ;
;                                             ;                                                                                               ;
; Logic elements by mode                      ;                                                                                               ;
;     -- normal mode                          ; 893                                                                                           ;
;     -- arithmetic mode                      ; 978                                                                                           ;
;                                             ;                                                                                               ;
; Total registers                             ; 47                                                                                            ;
;     -- Dedicated logic registers            ; 47                                                                                            ;
;     -- I/O registers                        ; 0                                                                                             ;
;                                             ;                                                                                               ;
; I/O pins                                    ; 69                                                                                            ;
; Total memory bits                           ; 393216                                                                                        ;
;                                             ;                                                                                               ;
; Embedded Multiplier 9-bit elements          ; 28                                                                                            ;
;                                             ;                                                                                               ;
; Total PLLs                                  ; 1                                                                                             ;
;     -- PLLs                                 ; 1                                                                                             ;
;                                             ;                                                                                               ;
; Maximum fan-out node                        ; pll_148mhz:pll_inst|altpll:altpll_component|pll_148mhz_altpll:auto_generated|wire_pll1_clk[0] ;
; Maximum fan-out                             ; 97                                                                                            ;
; Total fan-out                               ; 6222                                                                                          ;
; Average fan-out                             ; 2.88                                                                                          ;
+---------------------------------------------+-----------------------------------------------------------------------------------------------+


+---------------------------------------------------------------------------------------------------------------------------------------------------------------------------------------------------------------------------------------------------------------------------------------------------------------------------------------------------------------+
; Analysis & Synthesis Resource Utilization by Entity                                                                                                                                                                                                                                                                                                           ;
+----------------------------------------------+---------------------+---------------------------+-------------+--------------+---------+-----------+------+--------------+-------------------------------------------------------------------------------------------------------------------------------------------+--------------------------+--------------+
; Compilation Hierarchy Node                   ; Combinational ALUTs ; Dedicated Logic Registers ; Memory Bits ; DSP Elements ; DSP 9x9 ; DSP 18x18 ; Pins ; Virtual Pins ; Full Hierarchy Name                                                                                                                       ; Entity Name              ; Library Name ;
+----------------------------------------------+---------------------+---------------------------+-------------+--------------+---------+-----------+------+--------------+-------------------------------------------------------------------------------------------------------------------------------------------+--------------------------+--------------+
; |finalproj                                   ; 1871 (92)           ; 47 (0)                    ; 393216      ; 28           ; 28      ; 0         ; 69   ; 0            ; |finalproj                                                                                                                                ; finalproj                ; work         ;
;    |ContrastEnhancer:contrast_inst|          ; 773 (116)           ; 0 (0)                     ; 0           ; 0            ; 0       ; 0         ; 0    ; 0            ; |finalproj|ContrastEnhancer:contrast_inst                                                                                                 ; ContrastEnhancer         ; work         ;
;       |lpm_divide:Div0|                      ; 111 (0)             ; 0 (0)                     ; 0           ; 0            ; 0       ; 0         ; 0    ; 0            ; |finalproj|ContrastEnhancer:contrast_inst|lpm_divide:Div0                                                                                 ; lpm_divide               ; work         ;
;          |lpm_divide_vim:auto_generated|     ; 111 (0)             ; 0 (0)                     ; 0           ; 0            ; 0       ; 0         ; 0    ; 0            ; |finalproj|ContrastEnhancer:contrast_inst|lpm_divide:Div0|lpm_divide_vim:auto_generated                                                   ; lpm_divide_vim           ; work         ;
;             |sign_div_unsign_nlh:divider|    ; 111 (0)             ; 0 (0)                     ; 0           ; 0            ; 0       ; 0         ; 0    ; 0            ; |finalproj|ContrastEnhancer:contrast_inst|lpm_divide:Div0|lpm_divide_vim:auto_generated|sign_div_unsign_nlh:divider                       ; sign_div_unsign_nlh      ; work         ;
;                |alt_u_div_27f:divider|       ; 111 (111)           ; 0 (0)                     ; 0           ; 0            ; 0       ; 0         ; 0    ; 0            ; |finalproj|ContrastEnhancer:contrast_inst|lpm_divide:Div0|lpm_divide_vim:auto_generated|sign_div_unsign_nlh:divider|alt_u_div_27f:divider ; alt_u_div_27f            ; work         ;
;       |lpm_divide:Div1|                      ; 111 (0)             ; 0 (0)                     ; 0           ; 0            ; 0       ; 0         ; 0    ; 0            ; |finalproj|ContrastEnhancer:contrast_inst|lpm_divide:Div1                                                                                 ; lpm_divide               ; work         ;
;          |lpm_divide_vim:auto_generated|     ; 111 (0)             ; 0 (0)                     ; 0           ; 0            ; 0       ; 0         ; 0    ; 0            ; |finalproj|ContrastEnhancer:contrast_inst|lpm_divide:Div1|lpm_divide_vim:auto_generated                                                   ; lpm_divide_vim           ; work         ;
;             |sign_div_unsign_nlh:divider|    ; 111 (0)             ; 0 (0)                     ; 0           ; 0            ; 0       ; 0         ; 0    ; 0            ; |finalproj|ContrastEnhancer:contrast_inst|lpm_divide:Div1|lpm_divide_vim:auto_generated|sign_div_unsign_nlh:divider                       ; sign_div_unsign_nlh      ; work         ;
;                |alt_u_div_27f:divider|       ; 111 (111)           ; 0 (0)                     ; 0           ; 0            ; 0       ; 0         ; 0    ; 0            ; |finalproj|ContrastEnhancer:contrast_inst|lpm_divide:Div1|lpm_divide_vim:auto_generated|sign_div_unsign_nlh:divider|alt_u_div_27f:divider ; alt_u_div_27f            ; work         ;
;       |lpm_divide:Div2|                      ; 111 (0)             ; 0 (0)                     ; 0           ; 0            ; 0       ; 0         ; 0    ; 0            ; |finalproj|ContrastEnhancer:contrast_inst|lpm_divide:Div2                                                                                 ; lpm_divide               ; work         ;
;          |lpm_divide_vim:auto_generated|     ; 111 (0)             ; 0 (0)                     ; 0           ; 0            ; 0       ; 0         ; 0    ; 0            ; |finalproj|ContrastEnhancer:contrast_inst|lpm_divide:Div2|lpm_divide_vim:auto_generated                                                   ; lpm_divide_vim           ; work         ;
;             |sign_div_unsign_nlh:divider|    ; 111 (0)             ; 0 (0)                     ; 0           ; 0            ; 0       ; 0         ; 0    ; 0            ; |finalproj|ContrastEnhancer:contrast_inst|lpm_divide:Div2|lpm_divide_vim:auto_generated|sign_div_unsign_nlh:divider                       ; sign_div_unsign_nlh      ; work         ;
;                |alt_u_div_27f:divider|       ; 111 (111)           ; 0 (0)                     ; 0           ; 0            ; 0       ; 0         ; 0    ; 0            ; |finalproj|ContrastEnhancer:contrast_inst|lpm_divide:Div2|lpm_divide_vim:auto_generated|sign_div_unsign_nlh:divider|alt_u_div_27f:divider ; alt_u_div_27f            ; work         ;
;       |lpm_divide:Div3|                      ; 108 (0)             ; 0 (0)                     ; 0           ; 0            ; 0       ; 0         ; 0    ; 0            ; |finalproj|ContrastEnhancer:contrast_inst|lpm_divide:Div3                                                                                 ; lpm_divide               ; work         ;
;          |lpm_divide_uim:auto_generated|     ; 108 (0)             ; 0 (0)                     ; 0           ; 0            ; 0       ; 0         ; 0    ; 0            ; |finalproj|ContrastEnhancer:contrast_inst|lpm_divide:Div3|lpm_divide_uim:auto_generated                                                   ; lpm_divide_uim           ; work         ;
;             |sign_div_unsign_mlh:divider|    ; 108 (0)             ; 0 (0)                     ; 0           ; 0            ; 0       ; 0         ; 0    ; 0            ; |finalproj|ContrastEnhancer:contrast_inst|lpm_divide:Div3|lpm_divide_uim:auto_generated|sign_div_unsign_mlh:divider                       ; sign_div_unsign_mlh      ; work         ;
;                |alt_u_div_07f:divider|       ; 108 (108)           ; 0 (0)                     ; 0           ; 0            ; 0       ; 0         ; 0    ; 0            ; |finalproj|ContrastEnhancer:contrast_inst|lpm_divide:Div3|lpm_divide_uim:auto_generated|sign_div_unsign_mlh:divider|alt_u_div_07f:divider ; alt_u_div_07f            ; work         ;
;       |lpm_divide:Div4|                      ; 108 (0)             ; 0 (0)                     ; 0           ; 0            ; 0       ; 0         ; 0    ; 0            ; |finalproj|ContrastEnhancer:contrast_inst|lpm_divide:Div4                                                                                 ; lpm_divide               ; work         ;
;          |lpm_divide_uim:auto_generated|     ; 108 (0)             ; 0 (0)                     ; 0           ; 0            ; 0       ; 0         ; 0    ; 0            ; |finalproj|ContrastEnhancer:contrast_inst|lpm_divide:Div4|lpm_divide_uim:auto_generated                                                   ; lpm_divide_uim           ; work         ;
;             |sign_div_unsign_mlh:divider|    ; 108 (0)             ; 0 (0)                     ; 0           ; 0            ; 0       ; 0         ; 0    ; 0            ; |finalproj|ContrastEnhancer:contrast_inst|lpm_divide:Div4|lpm_divide_uim:auto_generated|sign_div_unsign_mlh:divider                       ; sign_div_unsign_mlh      ; work         ;
;                |alt_u_div_07f:divider|       ; 108 (108)           ; 0 (0)                     ; 0           ; 0            ; 0       ; 0         ; 0    ; 0            ; |finalproj|ContrastEnhancer:contrast_inst|lpm_divide:Div4|lpm_divide_uim:auto_generated|sign_div_unsign_mlh:divider|alt_u_div_07f:divider ; alt_u_div_07f            ; work         ;
;       |lpm_divide:Div5|                      ; 108 (0)             ; 0 (0)                     ; 0           ; 0            ; 0       ; 0         ; 0    ; 0            ; |finalproj|ContrastEnhancer:contrast_inst|lpm_divide:Div5                                                                                 ; lpm_divide               ; work         ;
;          |lpm_divide_uim:auto_generated|     ; 108 (0)             ; 0 (0)                     ; 0           ; 0            ; 0       ; 0         ; 0    ; 0            ; |finalproj|ContrastEnhancer:contrast_inst|lpm_divide:Div5|lpm_divide_uim:auto_generated                                                   ; lpm_divide_uim           ; work         ;
;             |sign_div_unsign_mlh:divider|    ; 108 (0)             ; 0 (0)                     ; 0           ; 0            ; 0       ; 0         ; 0    ; 0            ; |finalproj|ContrastEnhancer:contrast_inst|lpm_divide:Div5|lpm_divide_uim:auto_generated|sign_div_unsign_mlh:divider                       ; sign_div_unsign_mlh      ; work         ;
;                |alt_u_div_07f:divider|       ; 108 (108)           ; 0 (0)                     ; 0           ; 0            ; 0       ; 0         ; 0    ; 0            ; |finalproj|ContrastEnhancer:contrast_inst|lpm_divide:Div5|lpm_divide_uim:auto_generated|sign_div_unsign_mlh:divider|alt_u_div_07f:divider ; alt_u_div_07f            ; work         ;
;    |color_map10:cmap_inst|                   ; 19 (19)             ; 0 (0)                     ; 0           ; 0            ; 0       ; 0         ; 0    ; 0            ; |finalproj|color_map10:cmap_inst                                                                                                          ; color_map10              ; work         ;
;    |image_rom:img_rom|                       ; 24 (0)              ; 2 (0)                     ; 393216      ; 0            ; 0       ; 0         ; 0    ; 0            ; |finalproj|image_rom:img_rom                                                                                                              ; image_rom                ; work         ;
;       |altsyncram:altsyncram_component|      ; 24 (0)              ; 2 (0)                     ; 393216      ; 0            ; 0       ; 0         ; 0    ; 0            ; |finalproj|image_rom:img_rom|altsyncram:altsyncram_component                                                                              ; altsyncram               ; work         ;
;          |altsyncram_cec1:auto_generated|    ; 24 (0)              ; 2 (2)                     ; 393216      ; 0            ; 0       ; 0         ; 0    ; 0            ; |finalproj|image_rom:img_rom|altsyncram:altsyncram_component|altsyncram_cec1:auto_generated                                               ; altsyncram_cec1          ; work         ;
;             |mux_hob:mux2|                   ; 24 (24)             ; 0 (0)                     ; 0           ; 0            ; 0       ; 0         ; 0    ; 0            ; |finalproj|image_rom:img_rom|altsyncram:altsyncram_component|altsyncram_cec1:auto_generated|mux_hob:mux2                                  ; mux_hob                  ; work         ;
;    |nearest_centroid_segment:ncentroid_inst| ; 897 (897)           ; 0 (0)                     ; 0           ; 28           ; 28      ; 0         ; 0    ; 0            ; |finalproj|nearest_centroid_segment:ncentroid_inst                                                                                        ; nearest_centroid_segment ; work         ;
;       |lpm_mult:Mult0|                       ; 0 (0)               ; 0 (0)                     ; 0           ; 1            ; 1       ; 0         ; 0    ; 0            ; |finalproj|nearest_centroid_segment:ncentroid_inst|lpm_mult:Mult0                                                                         ; lpm_mult                 ; work         ;
;          |mult_b3t:auto_generated|           ; 0 (0)               ; 0 (0)                     ; 0           ; 1            ; 1       ; 0         ; 0    ; 0            ; |finalproj|nearest_centroid_segment:ncentroid_inst|lpm_mult:Mult0|mult_b3t:auto_generated                                                 ; mult_b3t                 ; work         ;
;       |lpm_mult:Mult10|                      ; 0 (0)               ; 0 (0)                     ; 0           ; 1            ; 1       ; 0         ; 0    ; 0            ; |finalproj|nearest_centroid_segment:ncentroid_inst|lpm_mult:Mult10                                                                        ; lpm_mult                 ; work         ;
;          |mult_b3t:auto_generated|           ; 0 (0)               ; 0 (0)                     ; 0           ; 1            ; 1       ; 0         ; 0    ; 0            ; |finalproj|nearest_centroid_segment:ncentroid_inst|lpm_mult:Mult10|mult_b3t:auto_generated                                                ; mult_b3t                 ; work         ;
;       |lpm_mult:Mult11|                      ; 0 (0)               ; 0 (0)                     ; 0           ; 1            ; 1       ; 0         ; 0    ; 0            ; |finalproj|nearest_centroid_segment:ncentroid_inst|lpm_mult:Mult11                                                                        ; lpm_mult                 ; work         ;
;          |mult_b3t:auto_generated|           ; 0 (0)               ; 0 (0)                     ; 0           ; 1            ; 1       ; 0         ; 0    ; 0            ; |finalproj|nearest_centroid_segment:ncentroid_inst|lpm_mult:Mult11|mult_b3t:auto_generated                                                ; mult_b3t                 ; work         ;
;       |lpm_mult:Mult12|                      ; 0 (0)               ; 0 (0)                     ; 0           ; 1            ; 1       ; 0         ; 0    ; 0            ; |finalproj|nearest_centroid_segment:ncentroid_inst|lpm_mult:Mult12                                                                        ; lpm_mult                 ; work         ;
;          |mult_b3t:auto_generated|           ; 0 (0)               ; 0 (0)                     ; 0           ; 1            ; 1       ; 0         ; 0    ; 0            ; |finalproj|nearest_centroid_segment:ncentroid_inst|lpm_mult:Mult12|mult_b3t:auto_generated                                                ; mult_b3t                 ; work         ;
;       |lpm_mult:Mult13|                      ; 0 (0)               ; 0 (0)                     ; 0           ; 1            ; 1       ; 0         ; 0    ; 0            ; |finalproj|nearest_centroid_segment:ncentroid_inst|lpm_mult:Mult13                                                                        ; lpm_mult                 ; work         ;
;          |mult_b3t:auto_generated|           ; 0 (0)               ; 0 (0)                     ; 0           ; 1            ; 1       ; 0         ; 0    ; 0            ; |finalproj|nearest_centroid_segment:ncentroid_inst|lpm_mult:Mult13|mult_b3t:auto_generated                                                ; mult_b3t                 ; work         ;
;       |lpm_mult:Mult14|                      ; 0 (0)               ; 0 (0)                     ; 0           ; 1            ; 1       ; 0         ; 0    ; 0            ; |finalproj|nearest_centroid_segment:ncentroid_inst|lpm_mult:Mult14                                                                        ; lpm_mult                 ; work         ;
;          |mult_b3t:auto_generated|           ; 0 (0)               ; 0 (0)                     ; 0           ; 1            ; 1       ; 0         ; 0    ; 0            ; |finalproj|nearest_centroid_segment:ncentroid_inst|lpm_mult:Mult14|mult_b3t:auto_generated                                                ; mult_b3t                 ; work         ;
;       |lpm_mult:Mult15|                      ; 0 (0)               ; 0 (0)                     ; 0           ; 1            ; 1       ; 0         ; 0    ; 0            ; |finalproj|nearest_centroid_segment:ncentroid_inst|lpm_mult:Mult15                                                                        ; lpm_mult                 ; work         ;
;          |mult_b3t:auto_generated|           ; 0 (0)               ; 0 (0)                     ; 0           ; 1            ; 1       ; 0         ; 0    ; 0            ; |finalproj|nearest_centroid_segment:ncentroid_inst|lpm_mult:Mult15|mult_b3t:auto_generated                                                ; mult_b3t                 ; work         ;
;       |lpm_mult:Mult16|                      ; 0 (0)               ; 0 (0)                     ; 0           ; 1            ; 1       ; 0         ; 0    ; 0            ; |finalproj|nearest_centroid_segment:ncentroid_inst|lpm_mult:Mult16                                                                        ; lpm_mult                 ; work         ;
;          |mult_b3t:auto_generated|           ; 0 (0)               ; 0 (0)                     ; 0           ; 1            ; 1       ; 0         ; 0    ; 0            ; |finalproj|nearest_centroid_segment:ncentroid_inst|lpm_mult:Mult16|mult_b3t:auto_generated                                                ; mult_b3t                 ; work         ;
;       |lpm_mult:Mult17|                      ; 0 (0)               ; 0 (0)                     ; 0           ; 1            ; 1       ; 0         ; 0    ; 0            ; |finalproj|nearest_centroid_segment:ncentroid_inst|lpm_mult:Mult17                                                                        ; lpm_mult                 ; work         ;
;          |mult_b3t:auto_generated|           ; 0 (0)               ; 0 (0)                     ; 0           ; 1            ; 1       ; 0         ; 0    ; 0            ; |finalproj|nearest_centroid_segment:ncentroid_inst|lpm_mult:Mult17|mult_b3t:auto_generated                                                ; mult_b3t                 ; work         ;
;       |lpm_mult:Mult18|                      ; 0 (0)               ; 0 (0)                     ; 0           ; 1            ; 1       ; 0         ; 0    ; 0            ; |finalproj|nearest_centroid_segment:ncentroid_inst|lpm_mult:Mult18                                                                        ; lpm_mult                 ; work         ;
;          |mult_b3t:auto_generated|           ; 0 (0)               ; 0 (0)                     ; 0           ; 1            ; 1       ; 0         ; 0    ; 0            ; |finalproj|nearest_centroid_segment:ncentroid_inst|lpm_mult:Mult18|mult_b3t:auto_generated                                                ; mult_b3t                 ; work         ;
;       |lpm_mult:Mult19|                      ; 0 (0)               ; 0 (0)                     ; 0           ; 1            ; 1       ; 0         ; 0    ; 0            ; |finalproj|nearest_centroid_segment:ncentroid_inst|lpm_mult:Mult19                                                                        ; lpm_mult                 ; work         ;
;          |mult_b3t:auto_generated|           ; 0 (0)               ; 0 (0)                     ; 0           ; 1            ; 1       ; 0         ; 0    ; 0            ; |finalproj|nearest_centroid_segment:ncentroid_inst|lpm_mult:Mult19|mult_b3t:auto_generated                                                ; mult_b3t                 ; work         ;
;       |lpm_mult:Mult1|                       ; 0 (0)               ; 0 (0)                     ; 0           ; 1            ; 1       ; 0         ; 0    ; 0            ; |finalproj|nearest_centroid_segment:ncentroid_inst|lpm_mult:Mult1                                                                         ; lpm_mult                 ; work         ;
;          |mult_b3t:auto_generated|           ; 0 (0)               ; 0 (0)                     ; 0           ; 1            ; 1       ; 0         ; 0    ; 0            ; |finalproj|nearest_centroid_segment:ncentroid_inst|lpm_mult:Mult1|mult_b3t:auto_generated                                                 ; mult_b3t                 ; work         ;
;       |lpm_mult:Mult20|                      ; 0 (0)               ; 0 (0)                     ; 0           ; 1            ; 1       ; 0         ; 0    ; 0            ; |finalproj|nearest_centroid_segment:ncentroid_inst|lpm_mult:Mult20                                                                        ; lpm_mult                 ; work         ;
;          |mult_b3t:auto_generated|           ; 0 (0)               ; 0 (0)                     ; 0           ; 1            ; 1       ; 0         ; 0    ; 0            ; |finalproj|nearest_centroid_segment:ncentroid_inst|lpm_mult:Mult20|mult_b3t:auto_generated                                                ; mult_b3t                 ; work         ;
;       |lpm_mult:Mult21|                      ; 0 (0)               ; 0 (0)                     ; 0           ; 1            ; 1       ; 0         ; 0    ; 0            ; |finalproj|nearest_centroid_segment:ncentroid_inst|lpm_mult:Mult21                                                                        ; lpm_mult                 ; work         ;
;          |mult_b3t:auto_generated|           ; 0 (0)               ; 0 (0)                     ; 0           ; 1            ; 1       ; 0         ; 0    ; 0            ; |finalproj|nearest_centroid_segment:ncentroid_inst|lpm_mult:Mult21|mult_b3t:auto_generated                                                ; mult_b3t                 ; work         ;
;       |lpm_mult:Mult22|                      ; 0 (0)               ; 0 (0)                     ; 0           ; 1            ; 1       ; 0         ; 0    ; 0            ; |finalproj|nearest_centroid_segment:ncentroid_inst|lpm_mult:Mult22                                                                        ; lpm_mult                 ; work         ;
;          |mult_b3t:auto_generated|           ; 0 (0)               ; 0 (0)                     ; 0           ; 1            ; 1       ; 0         ; 0    ; 0            ; |finalproj|nearest_centroid_segment:ncentroid_inst|lpm_mult:Mult22|mult_b3t:auto_generated                                                ; mult_b3t                 ; work         ;
;       |lpm_mult:Mult24|                      ; 0 (0)               ; 0 (0)                     ; 0           ; 1            ; 1       ; 0         ; 0    ; 0            ; |finalproj|nearest_centroid_segment:ncentroid_inst|lpm_mult:Mult24                                                                        ; lpm_mult                 ; work         ;
;          |mult_b3t:auto_generated|           ; 0 (0)               ; 0 (0)                     ; 0           ; 1            ; 1       ; 0         ; 0    ; 0            ; |finalproj|nearest_centroid_segment:ncentroid_inst|lpm_mult:Mult24|mult_b3t:auto_generated                                                ; mult_b3t                 ; work         ;
;       |lpm_mult:Mult25|                      ; 0 (0)               ; 0 (0)                     ; 0           ; 1            ; 1       ; 0         ; 0    ; 0            ; |finalproj|nearest_centroid_segment:ncentroid_inst|lpm_mult:Mult25                                                                        ; lpm_mult                 ; work         ;
;          |mult_b3t:auto_generated|           ; 0 (0)               ; 0 (0)                     ; 0           ; 1            ; 1       ; 0         ; 0    ; 0            ; |finalproj|nearest_centroid_segment:ncentroid_inst|lpm_mult:Mult25|mult_b3t:auto_generated                                                ; mult_b3t                 ; work         ;
;       |lpm_mult:Mult26|                      ; 0 (0)               ; 0 (0)                     ; 0           ; 1            ; 1       ; 0         ; 0    ; 0            ; |finalproj|nearest_centroid_segment:ncentroid_inst|lpm_mult:Mult26                                                                        ; lpm_mult                 ; work         ;
;          |mult_b3t:auto_generated|           ; 0 (0)               ; 0 (0)                     ; 0           ; 1            ; 1       ; 0         ; 0    ; 0            ; |finalproj|nearest_centroid_segment:ncentroid_inst|lpm_mult:Mult26|mult_b3t:auto_generated                                                ; mult_b3t                 ; work         ;
;       |lpm_mult:Mult28|                      ; 0 (0)               ; 0 (0)                     ; 0           ; 1            ; 1       ; 0         ; 0    ; 0            ; |finalproj|nearest_centroid_segment:ncentroid_inst|lpm_mult:Mult28                                                                        ; lpm_mult                 ; work         ;
;          |mult_b3t:auto_generated|           ; 0 (0)               ; 0 (0)                     ; 0           ; 1            ; 1       ; 0         ; 0    ; 0            ; |finalproj|nearest_centroid_segment:ncentroid_inst|lpm_mult:Mult28|mult_b3t:auto_generated                                                ; mult_b3t                 ; work         ;
;       |lpm_mult:Mult29|                      ; 0 (0)               ; 0 (0)                     ; 0           ; 1            ; 1       ; 0         ; 0    ; 0            ; |finalproj|nearest_centroid_segment:ncentroid_inst|lpm_mult:Mult29                                                                        ; lpm_mult                 ; work         ;
;          |mult_b3t:auto_generated|           ; 0 (0)               ; 0 (0)                     ; 0           ; 1            ; 1       ; 0         ; 0    ; 0            ; |finalproj|nearest_centroid_segment:ncentroid_inst|lpm_mult:Mult29|mult_b3t:auto_generated                                                ; mult_b3t                 ; work         ;
;       |lpm_mult:Mult2|                       ; 0 (0)               ; 0 (0)                     ; 0           ; 1            ; 1       ; 0         ; 0    ; 0            ; |finalproj|nearest_centroid_segment:ncentroid_inst|lpm_mult:Mult2                                                                         ; lpm_mult                 ; work         ;
;          |mult_b3t:auto_generated|           ; 0 (0)               ; 0 (0)                     ; 0           ; 1            ; 1       ; 0         ; 0    ; 0            ; |finalproj|nearest_centroid_segment:ncentroid_inst|lpm_mult:Mult2|mult_b3t:auto_generated                                                 ; mult_b3t                 ; work         ;
;       |lpm_mult:Mult3|                       ; 0 (0)               ; 0 (0)                     ; 0           ; 1            ; 1       ; 0         ; 0    ; 0            ; |finalproj|nearest_centroid_segment:ncentroid_inst|lpm_mult:Mult3                                                                         ; lpm_mult                 ; work         ;
;          |mult_b3t:auto_generated|           ; 0 (0)               ; 0 (0)                     ; 0           ; 1            ; 1       ; 0         ; 0    ; 0            ; |finalproj|nearest_centroid_segment:ncentroid_inst|lpm_mult:Mult3|mult_b3t:auto_generated                                                 ; mult_b3t                 ; work         ;
;       |lpm_mult:Mult4|                       ; 0 (0)               ; 0 (0)                     ; 0           ; 1            ; 1       ; 0         ; 0    ; 0            ; |finalproj|nearest_centroid_segment:ncentroid_inst|lpm_mult:Mult4                                                                         ; lpm_mult                 ; work         ;
;          |mult_b3t:auto_generated|           ; 0 (0)               ; 0 (0)                     ; 0           ; 1            ; 1       ; 0         ; 0    ; 0            ; |finalproj|nearest_centroid_segment:ncentroid_inst|lpm_mult:Mult4|mult_b3t:auto_generated                                                 ; mult_b3t                 ; work         ;
;       |lpm_mult:Mult5|                       ; 0 (0)               ; 0 (0)                     ; 0           ; 1            ; 1       ; 0         ; 0    ; 0            ; |finalproj|nearest_centroid_segment:ncentroid_inst|lpm_mult:Mult5                                                                         ; lpm_mult                 ; work         ;
;          |mult_b3t:auto_generated|           ; 0 (0)               ; 0 (0)                     ; 0           ; 1            ; 1       ; 0         ; 0    ; 0            ; |finalproj|nearest_centroid_segment:ncentroid_inst|lpm_mult:Mult5|mult_b3t:auto_generated                                                 ; mult_b3t                 ; work         ;
;       |lpm_mult:Mult6|                       ; 0 (0)               ; 0 (0)                     ; 0           ; 1            ; 1       ; 0         ; 0    ; 0            ; |finalproj|nearest_centroid_segment:ncentroid_inst|lpm_mult:Mult6                                                                         ; lpm_mult                 ; work         ;
;          |mult_b3t:auto_generated|           ; 0 (0)               ; 0 (0)                     ; 0           ; 1            ; 1       ; 0         ; 0    ; 0            ; |finalproj|nearest_centroid_segment:ncentroid_inst|lpm_mult:Mult6|mult_b3t:auto_generated                                                 ; mult_b3t                 ; work         ;
;       |lpm_mult:Mult7|                       ; 0 (0)               ; 0 (0)                     ; 0           ; 1            ; 1       ; 0         ; 0    ; 0            ; |finalproj|nearest_centroid_segment:ncentroid_inst|lpm_mult:Mult7                                                                         ; lpm_mult                 ; work         ;
;          |mult_b3t:auto_generated|           ; 0 (0)               ; 0 (0)                     ; 0           ; 1            ; 1       ; 0         ; 0    ; 0            ; |finalproj|nearest_centroid_segment:ncentroid_inst|lpm_mult:Mult7|mult_b3t:auto_generated                                                 ; mult_b3t                 ; work         ;
;       |lpm_mult:Mult8|                       ; 0 (0)               ; 0 (0)                     ; 0           ; 1            ; 1       ; 0         ; 0    ; 0            ; |finalproj|nearest_centroid_segment:ncentroid_inst|lpm_mult:Mult8                                                                         ; lpm_mult                 ; work         ;
;          |mult_b3t:auto_generated|           ; 0 (0)               ; 0 (0)                     ; 0           ; 1            ; 1       ; 0         ; 0    ; 0            ; |finalproj|nearest_centroid_segment:ncentroid_inst|lpm_mult:Mult8|mult_b3t:auto_generated                                                 ; mult_b3t                 ; work         ;
;       |lpm_mult:Mult9|                       ; 0 (0)               ; 0 (0)                     ; 0           ; 1            ; 1       ; 0         ; 0    ; 0            ; |finalproj|nearest_centroid_segment:ncentroid_inst|lpm_mult:Mult9                                                                         ; lpm_mult                 ; work         ;
;          |mult_b3t:auto_generated|           ; 0 (0)               ; 0 (0)                     ; 0           ; 1            ; 1       ; 0         ; 0    ; 0            ; |finalproj|nearest_centroid_segment:ncentroid_inst|lpm_mult:Mult9|mult_b3t:auto_generated                                                 ; mult_b3t                 ; work         ;
;    |pll_148mhz:pll_inst|                     ; 0 (0)               ; 0 (0)                     ; 0           ; 0            ; 0       ; 0         ; 0    ; 0            ; |finalproj|pll_148mhz:pll_inst                                                                                                            ; pll_148mhz               ; work         ;
;       |altpll:altpll_component|              ; 0 (0)               ; 0 (0)                     ; 0           ; 0            ; 0       ; 0         ; 0    ; 0            ; |finalproj|pll_148mhz:pll_inst|altpll:altpll_component                                                                                    ; altpll                   ; work         ;
;          |pll_148mhz_altpll:auto_generated|  ; 0 (0)               ; 0 (0)                     ; 0           ; 0            ; 0       ; 0         ; 0    ; 0            ; |finalproj|pll_148mhz:pll_inst|altpll:altpll_component|pll_148mhz_altpll:auto_generated                                                   ; pll_148mhz_altpll        ; work         ;
;    |vga_controller_1080p:vga|                ; 66 (66)             ; 45 (45)                   ; 0           ; 0            ; 0       ; 0         ; 0    ; 0            ; |finalproj|vga_controller_1080p:vga                                                                                                       ; vga_controller_1080p     ; work         ;
+----------------------------------------------+---------------------+---------------------------+-------------+--------------+---------+-----------+------+--------------+-------------------------------------------------------------------------------------------------------------------------------------------+--------------------------+--------------+
Note: For table entries with two numbers listed, the numbers in parentheses indicate the number of resources of the given type used by the specific entity alone. The numbers listed outside of parentheses indicate the total resources of the given type used by the specific entity and all of its sub-entities in the hierarchy.


+--------------------------------------------------------------------------------------------------------------------------------------------------------------------------------------------------------------------------------------+
; Analysis & Synthesis RAM Summary                                                                                                                                                                                                     ;
+---------------------------------------------------------------------------------------------+------+------+--------------+--------------+--------------+--------------+--------+-----------------------------------------------------+
; Name                                                                                        ; Type ; Mode ; Port A Depth ; Port A Width ; Port B Depth ; Port B Width ; Size   ; MIF                                                 ;
+---------------------------------------------------------------------------------------------+------+------+--------------+--------------+--------------+--------------+--------+-----------------------------------------------------+
; image_rom:img_rom|altsyncram:altsyncram_component|altsyncram_cec1:auto_generated|ALTSYNCRAM ; AUTO ; ROM  ; 16384        ; 24           ; --           ; --           ; 393216 ; ../../../Users/meera/Downloads/image128x128 (1).mif ;
+---------------------------------------------------------------------------------------------+------+------+--------------+--------------+--------------+--------------+--------+-----------------------------------------------------+


+-----------------------------------------------------+
; Analysis & Synthesis DSP Block Usage Summary        ;
+---------------------------------------+-------------+
; Statistic                             ; Number Used ;
+---------------------------------------+-------------+
; Simple Multipliers (9-bit)            ; 28          ;
; Simple Multipliers (18-bit)           ; 0           ;
; Embedded Multiplier Blocks            ; --          ;
; Embedded Multiplier 9-bit elements    ; 28          ;
; Signed Embedded Multipliers           ; 28          ;
; Unsigned Embedded Multipliers         ; 0           ;
; Mixed Sign Embedded Multipliers       ; 0           ;
; Variable Sign Embedded Multipliers    ; 0           ;
; Dedicated Input Shift Register Chains ; 0           ;
+---------------------------------------+-------------+
Note: number of Embedded Multiplier Blocks used is only available after a successful fit.


+------------------------------------------------------------------------------------------------------------------+
; Analysis & Synthesis IP Cores Summary                                                                            ;
+--------+--------------+---------+--------------+--------------+--------------------------------+-----------------+
; Vendor ; IP Core Name ; Version ; Release Date ; License Type ; Entity Instance                ; IP Include File ;
+--------+--------------+---------+--------------+--------------+--------------------------------+-----------------+
; Altera ; ROM: 1-PORT  ; 22.1    ; N/A          ; N/A          ; |finalproj|image_rom:img_rom   ; image_rom.v     ;
; Altera ; ALTPLL       ; 22.1    ; N/A          ; N/A          ; |finalproj|pll_148mhz:pll_inst ; pll_148mhz.v    ;
+--------+--------------+---------+--------------+--------------+--------------------------------+-----------------+


+------------------------------------------------------------+
; Registers Removed During Synthesis                         ;
+---------------------------------------+--------------------+
; Register name                         ; Reason for Removal ;
+---------------------------------------+--------------------+
; vga_controller_1080p:vga|x[0,1]       ; Lost fanout        ;
; vga_controller_1080p:vga|y[0,1]       ; Lost fanout        ;
; Total Number of Removed Registers = 4 ;                    ;
+---------------------------------------+--------------------+


+------------------------------------------------------+
; General Register Statistics                          ;
+----------------------------------------------+-------+
; Statistic                                    ; Value ;
+----------------------------------------------+-------+
; Total registers                              ; 47    ;
; Number of registers using Synchronous Clear  ; 24    ;
; Number of registers using Synchronous Load   ; 0     ;
; Number of registers using Asynchronous Clear ; 0     ;
; Number of registers using Asynchronous Load  ; 0     ;
; Number of registers using Clock Enable       ; 12    ;
; Number of registers using Preset             ; 0     ;
+----------------------------------------------+-------+


+------------------------------------------------------------------------------------------------------------------------------------------------------------------+
; Multiplexer Restructuring Statistics (Restructuring Performed)                                                                                                   ;
+--------------------+-----------+---------------+----------------------+------------------------+------------+----------------------------------------------------+
; Multiplexer Inputs ; Bus Width ; Baseline Area ; Area if Restructured ; Saving if Restructured ; Registered ; Example Multiplexer Output                         ;
+--------------------+-----------+---------------+----------------------+------------------------+------------+----------------------------------------------------+
; 3:1                ; 2 bits    ; 4 LEs         ; 4 LEs                ; 0 LEs                  ; No         ; |finalproj|VGA_R                                   ;
; 3:1                ; 8 bits    ; 16 LEs        ; 16 LEs               ; 0 LEs                  ; No         ; |finalproj|ContrastEnhancer:contrast_inst|G_out[3] ;
; 3:1                ; 8 bits    ; 16 LEs        ; 16 LEs               ; 0 LEs                  ; No         ; |finalproj|ContrastEnhancer:contrast_inst|R_out[5] ;
; 3:1                ; 8 bits    ; 16 LEs        ; 16 LEs               ; 0 LEs                  ; No         ; |finalproj|ContrastEnhancer:contrast_inst|B_out[0] ;
; 3:1                ; 7 bits    ; 14 LEs        ; 7 LEs                ; 7 LEs                  ; No         ; |finalproj|img_addr[4]                             ;
; 4:1                ; 22 bits   ; 44 LEs        ; 44 LEs               ; 0 LEs                  ; No         ; |finalproj|VGA_R                                   ;
+--------------------+-----------+---------------+----------------------+------------------------+------------+----------------------------------------------------+


+---------------------------------------------------------------------------------------------------------+
; Source assignments for image_rom:img_rom|altsyncram:altsyncram_component|altsyncram_cec1:auto_generated ;
+---------------------------------+--------------------+------+-------------------------------------------+
; Assignment                      ; Value              ; From ; To                                        ;
+---------------------------------+--------------------+------+-------------------------------------------+
; OPTIMIZE_POWER_DURING_SYNTHESIS ; NORMAL_COMPILATION ; -    ; -                                         ;
+---------------------------------+--------------------+------+-------------------------------------------+


+------------------------------------------------------------------------------------------+
; Parameter Settings for User Entity Instance: pll_148mhz:pll_inst|altpll:altpll_component ;
+-------------------------------+------------------------------+---------------------------+
; Parameter Name                ; Value                        ; Type                      ;
+-------------------------------+------------------------------+---------------------------+
; OPERATION_MODE                ; NORMAL                       ; Untyped                   ;
; PLL_TYPE                      ; AUTO                         ; Untyped                   ;
; LPM_HINT                      ; CBX_MODULE_PREFIX=pll_148mhz ; Untyped                   ;
; QUALIFY_CONF_DONE             ; OFF                          ; Untyped                   ;
; COMPENSATE_CLOCK              ; CLK0                         ; Untyped                   ;
; SCAN_CHAIN                    ; LONG                         ; Untyped                   ;
; PRIMARY_CLOCK                 ; INCLK0                       ; Untyped                   ;
; INCLK0_INPUT_FREQUENCY        ; 20000                        ; Signed Integer            ;
; INCLK1_INPUT_FREQUENCY        ; 0                            ; Untyped                   ;
; GATE_LOCK_SIGNAL              ; NO                           ; Untyped                   ;
; GATE_LOCK_COUNTER             ; 0                            ; Untyped                   ;
; LOCK_HIGH                     ; 1                            ; Untyped                   ;
; LOCK_LOW                      ; 1                            ; Untyped                   ;
; VALID_LOCK_MULTIPLIER         ; 1                            ; Untyped                   ;
; INVALID_LOCK_MULTIPLIER       ; 5                            ; Untyped                   ;
; SWITCH_OVER_ON_LOSSCLK        ; OFF                          ; Untyped                   ;
; SWITCH_OVER_ON_GATED_LOCK     ; OFF                          ; Untyped                   ;
; ENABLE_SWITCH_OVER_COUNTER    ; OFF                          ; Untyped                   ;
; SKIP_VCO                      ; OFF                          ; Untyped                   ;
; SWITCH_OVER_COUNTER           ; 0                            ; Untyped                   ;
; SWITCH_OVER_TYPE              ; AUTO                         ; Untyped                   ;
; FEEDBACK_SOURCE               ; EXTCLK0                      ; Untyped                   ;
; BANDWIDTH                     ; 0                            ; Untyped                   ;
; BANDWIDTH_TYPE                ; AUTO                         ; Untyped                   ;
; SPREAD_FREQUENCY              ; 0                            ; Untyped                   ;
; DOWN_SPREAD                   ; 0                            ; Untyped                   ;
; SELF_RESET_ON_GATED_LOSS_LOCK ; OFF                          ; Untyped                   ;
; SELF_RESET_ON_LOSS_LOCK       ; OFF                          ; Untyped                   ;
; CLK9_MULTIPLY_BY              ; 0                            ; Untyped                   ;
; CLK8_MULTIPLY_BY              ; 0                            ; Untyped                   ;
; CLK7_MULTIPLY_BY              ; 0                            ; Untyped                   ;
; CLK6_MULTIPLY_BY              ; 0                            ; Untyped                   ;
; CLK5_MULTIPLY_BY              ; 1                            ; Untyped                   ;
; CLK4_MULTIPLY_BY              ; 1                            ; Untyped                   ;
; CLK3_MULTIPLY_BY              ; 1                            ; Untyped                   ;
; CLK2_MULTIPLY_BY              ; 1                            ; Untyped                   ;
; CLK1_MULTIPLY_BY              ; 1                            ; Untyped                   ;
; CLK0_MULTIPLY_BY              ; 95                           ; Signed Integer            ;
; CLK9_DIVIDE_BY                ; 0                            ; Untyped                   ;
; CLK8_DIVIDE_BY                ; 0                            ; Untyped                   ;
; CLK7_DIVIDE_BY                ; 0                            ; Untyped                   ;
; CLK6_DIVIDE_BY                ; 0                            ; Untyped                   ;
; CLK5_DIVIDE_BY                ; 1                            ; Untyped                   ;
; CLK4_DIVIDE_BY                ; 1                            ; Untyped                   ;
; CLK3_DIVIDE_BY                ; 1                            ; Untyped                   ;
; CLK2_DIVIDE_BY                ; 1                            ; Untyped                   ;
; CLK1_DIVIDE_BY                ; 1                            ; Untyped                   ;
; CLK0_DIVIDE_BY                ; 32                           ; Signed Integer            ;
; CLK9_PHASE_SHIFT              ; 0                            ; Untyped                   ;
; CLK8_PHASE_SHIFT              ; 0                            ; Untyped                   ;
; CLK7_PHASE_SHIFT              ; 0                            ; Untyped                   ;
; CLK6_PHASE_SHIFT              ; 0                            ; Untyped                   ;
; CLK5_PHASE_SHIFT              ; 0                            ; Untyped                   ;
; CLK4_PHASE_SHIFT              ; 0                            ; Untyped                   ;
; CLK3_PHASE_SHIFT              ; 0                            ; Untyped                   ;
; CLK2_PHASE_SHIFT              ; 0                            ; Untyped                   ;
; CLK1_PHASE_SHIFT              ; 0                            ; Untyped                   ;
; CLK0_PHASE_SHIFT              ; 0                            ; Untyped                   ;
; CLK5_TIME_DELAY               ; 0                            ; Untyped                   ;
; CLK4_TIME_DELAY               ; 0                            ; Untyped                   ;
; CLK3_TIME_DELAY               ; 0                            ; Untyped                   ;
; CLK2_TIME_DELAY               ; 0                            ; Untyped                   ;
; CLK1_TIME_DELAY               ; 0                            ; Untyped                   ;
; CLK0_TIME_DELAY               ; 0                            ; Untyped                   ;
; CLK9_DUTY_CYCLE               ; 50                           ; Untyped                   ;
; CLK8_DUTY_CYCLE               ; 50                           ; Untyped                   ;
; CLK7_DUTY_CYCLE               ; 50                           ; Untyped                   ;
; CLK6_DUTY_CYCLE               ; 50                           ; Untyped                   ;
; CLK5_DUTY_CYCLE               ; 50                           ; Untyped                   ;
; CLK4_DUTY_CYCLE               ; 50                           ; Untyped                   ;
; CLK3_DUTY_CYCLE               ; 50                           ; Untyped                   ;
; CLK2_DUTY_CYCLE               ; 50                           ; Untyped                   ;
; CLK1_DUTY_CYCLE               ; 50                           ; Untyped                   ;
; CLK0_DUTY_CYCLE               ; 50                           ; Signed Integer            ;
; CLK9_USE_EVEN_COUNTER_MODE    ; OFF                          ; Untyped                   ;
; CLK8_USE_EVEN_COUNTER_MODE    ; OFF                          ; Untyped                   ;
; CLK7_USE_EVEN_COUNTER_MODE    ; OFF                          ; Untyped                   ;
; CLK6_USE_EVEN_COUNTER_MODE    ; OFF                          ; Untyped                   ;
; CLK5_USE_EVEN_COUNTER_MODE    ; OFF                          ; Untyped                   ;
; CLK4_USE_EVEN_COUNTER_MODE    ; OFF                          ; Untyped                   ;
; CLK3_USE_EVEN_COUNTER_MODE    ; OFF                          ; Untyped                   ;
; CLK2_USE_EVEN_COUNTER_MODE    ; OFF                          ; Untyped                   ;
; CLK1_USE_EVEN_COUNTER_MODE    ; OFF                          ; Untyped                   ;
; CLK0_USE_EVEN_COUNTER_MODE    ; OFF                          ; Untyped                   ;
; CLK9_USE_EVEN_COUNTER_VALUE   ; OFF                          ; Untyped                   ;
; CLK8_USE_EVEN_COUNTER_VALUE   ; OFF                          ; Untyped                   ;
; CLK7_USE_EVEN_COUNTER_VALUE   ; OFF                          ; Untyped                   ;
; CLK6_USE_EVEN_COUNTER_VALUE   ; OFF                          ; Untyped                   ;
; CLK5_USE_EVEN_COUNTER_VALUE   ; OFF                          ; Untyped                   ;
; CLK4_USE_EVEN_COUNTER_VALUE   ; OFF                          ; Untyped                   ;
; CLK3_USE_EVEN_COUNTER_VALUE   ; OFF                          ; Untyped                   ;
; CLK2_USE_EVEN_COUNTER_VALUE   ; OFF                          ; Untyped                   ;
; CLK1_USE_EVEN_COUNTER_VALUE   ; OFF                          ; Untyped                   ;
; CLK0_USE_EVEN_COUNTER_VALUE   ; OFF                          ; Untyped                   ;
; LOCK_WINDOW_UI                ;  0.05                        ; Untyped                   ;
; LOCK_WINDOW_UI_BITS           ; UNUSED                       ; Untyped                   ;
; VCO_RANGE_DETECTOR_LOW_BITS   ; UNUSED                       ; Untyped                   ;
; VCO_RANGE_DETECTOR_HIGH_BITS  ; UNUSED                       ; Untyped                   ;
; DPA_MULTIPLY_BY               ; 0                            ; Untyped                   ;
; DPA_DIVIDE_BY                 ; 1                            ; Untyped                   ;
; DPA_DIVIDER                   ; 0                            ; Untyped                   ;
; EXTCLK3_MULTIPLY_BY           ; 1                            ; Untyped                   ;
; EXTCLK2_MULTIPLY_BY           ; 1                            ; Untyped                   ;
; EXTCLK1_MULTIPLY_BY           ; 1                            ; Untyped                   ;
; EXTCLK0_MULTIPLY_BY           ; 1                            ; Untyped                   ;
; EXTCLK3_DIVIDE_BY             ; 1                            ; Untyped                   ;
; EXTCLK2_DIVIDE_BY             ; 1                            ; Untyped                   ;
; EXTCLK1_DIVIDE_BY             ; 1                            ; Untyped                   ;
; EXTCLK0_DIVIDE_BY             ; 1                            ; Untyped                   ;
; EXTCLK3_PHASE_SHIFT           ; 0                            ; Untyped                   ;
; EXTCLK2_PHASE_SHIFT           ; 0                            ; Untyped                   ;
; EXTCLK1_PHASE_SHIFT           ; 0                            ; Untyped                   ;
; EXTCLK0_PHASE_SHIFT           ; 0                            ; Untyped                   ;
; EXTCLK3_TIME_DELAY            ; 0                            ; Untyped                   ;
; EXTCLK2_TIME_DELAY            ; 0                            ; Untyped                   ;
; EXTCLK1_TIME_DELAY            ; 0                            ; Untyped                   ;
; EXTCLK0_TIME_DELAY            ; 0                            ; Untyped                   ;
; EXTCLK3_DUTY_CYCLE            ; 50                           ; Untyped                   ;
; EXTCLK2_DUTY_CYCLE            ; 50                           ; Untyped                   ;
; EXTCLK1_DUTY_CYCLE            ; 50                           ; Untyped                   ;
; EXTCLK0_DUTY_CYCLE            ; 50                           ; Untyped                   ;
; VCO_MULTIPLY_BY               ; 0                            ; Untyped                   ;
; VCO_DIVIDE_BY                 ; 0                            ; Untyped                   ;
; SCLKOUT0_PHASE_SHIFT          ; 0                            ; Untyped                   ;
; SCLKOUT1_PHASE_SHIFT          ; 0                            ; Untyped                   ;
; VCO_MIN                       ; 0                            ; Untyped                   ;
; VCO_MAX                       ; 0                            ; Untyped                   ;
; VCO_CENTER                    ; 0                            ; Untyped                   ;
; PFD_MIN                       ; 0                            ; Untyped                   ;
; PFD_MAX                       ; 0                            ; Untyped                   ;
; M_INITIAL                     ; 0                            ; Untyped                   ;
; M                             ; 0                            ; Untyped                   ;
; N                             ; 1                            ; Untyped                   ;
; M2                            ; 1                            ; Untyped                   ;
; N2                            ; 1                            ; Untyped                   ;
; SS                            ; 1                            ; Untyped                   ;
; C0_HIGH                       ; 0                            ; Untyped                   ;
; C1_HIGH                       ; 0                            ; Untyped                   ;
; C2_HIGH                       ; 0                            ; Untyped                   ;
; C3_HIGH                       ; 0                            ; Untyped                   ;
; C4_HIGH                       ; 0                            ; Untyped                   ;
; C5_HIGH                       ; 0                            ; Untyped                   ;
; C6_HIGH                       ; 0                            ; Untyped                   ;
; C7_HIGH                       ; 0                            ; Untyped                   ;
; C8_HIGH                       ; 0                            ; Untyped                   ;
; C9_HIGH                       ; 0                            ; Untyped                   ;
; C0_LOW                        ; 0                            ; Untyped                   ;
; C1_LOW                        ; 0                            ; Untyped                   ;
; C2_LOW                        ; 0                            ; Untyped                   ;
; C3_LOW                        ; 0                            ; Untyped                   ;
; C4_LOW                        ; 0                            ; Untyped                   ;
; C5_LOW                        ; 0                            ; Untyped                   ;
; C6_LOW                        ; 0                            ; Untyped                   ;
; C7_LOW                        ; 0                            ; Untyped                   ;
; C8_LOW                        ; 0                            ; Untyped                   ;
; C9_LOW                        ; 0                            ; Untyped                   ;
; C0_INITIAL                    ; 0                            ; Untyped                   ;
; C1_INITIAL                    ; 0                            ; Untyped                   ;
; C2_INITIAL                    ; 0                            ; Untyped                   ;
; C3_INITIAL                    ; 0                            ; Untyped                   ;
; C4_INITIAL                    ; 0                            ; Untyped                   ;
; C5_INITIAL                    ; 0                            ; Untyped                   ;
; C6_INITIAL                    ; 0                            ; Untyped                   ;
; C7_INITIAL                    ; 0                            ; Untyped                   ;
; C8_INITIAL                    ; 0                            ; Untyped                   ;
; C9_INITIAL                    ; 0                            ; Untyped                   ;
; C0_MODE                       ; BYPASS                       ; Untyped                   ;
; C1_MODE                       ; BYPASS                       ; Untyped                   ;
; C2_MODE                       ; BYPASS                       ; Untyped                   ;
; C3_MODE                       ; BYPASS                       ; Untyped                   ;
; C4_MODE                       ; BYPASS                       ; Untyped                   ;
; C5_MODE                       ; BYPASS                       ; Untyped                   ;
; C6_MODE                       ; BYPASS                       ; Untyped                   ;
; C7_MODE                       ; BYPASS                       ; Untyped                   ;
; C8_MODE                       ; BYPASS                       ; Untyped                   ;
; C9_MODE                       ; BYPASS                       ; Untyped                   ;
; C0_PH                         ; 0                            ; Untyped                   ;
; C1_PH                         ; 0                            ; Untyped                   ;
; C2_PH                         ; 0                            ; Untyped                   ;
; C3_PH                         ; 0                            ; Untyped                   ;
; C4_PH                         ; 0                            ; Untyped                   ;
; C5_PH                         ; 0                            ; Untyped                   ;
; C6_PH                         ; 0                            ; Untyped                   ;
; C7_PH                         ; 0                            ; Untyped                   ;
; C8_PH                         ; 0                            ; Untyped                   ;
; C9_PH                         ; 0                            ; Untyped                   ;
; L0_HIGH                       ; 1                            ; Untyped                   ;
; L1_HIGH                       ; 1                            ; Untyped                   ;
; G0_HIGH                       ; 1                            ; Untyped                   ;
; G1_HIGH                       ; 1                            ; Untyped                   ;
; G2_HIGH                       ; 1                            ; Untyped                   ;
; G3_HIGH                       ; 1                            ; Untyped                   ;
; E0_HIGH                       ; 1                            ; Untyped                   ;
; E1_HIGH                       ; 1                            ; Untyped                   ;
; E2_HIGH                       ; 1                            ; Untyped                   ;
; E3_HIGH                       ; 1                            ; Untyped                   ;
; L0_LOW                        ; 1                            ; Untyped                   ;
; L1_LOW                        ; 1                            ; Untyped                   ;
; G0_LOW                        ; 1                            ; Untyped                   ;
; G1_LOW                        ; 1                            ; Untyped                   ;
; G2_LOW                        ; 1                            ; Untyped                   ;
; G3_LOW                        ; 1                            ; Untyped                   ;
; E0_LOW                        ; 1                            ; Untyped                   ;
; E1_LOW                        ; 1                            ; Untyped                   ;
; E2_LOW                        ; 1                            ; Untyped                   ;
; E3_LOW                        ; 1                            ; Untyped                   ;
; L0_INITIAL                    ; 1                            ; Untyped                   ;
; L1_INITIAL                    ; 1                            ; Untyped                   ;
; G0_INITIAL                    ; 1                            ; Untyped                   ;
; G1_INITIAL                    ; 1                            ; Untyped                   ;
; G2_INITIAL                    ; 1                            ; Untyped                   ;
; G3_INITIAL                    ; 1                            ; Untyped                   ;
; E0_INITIAL                    ; 1                            ; Untyped                   ;
; E1_INITIAL                    ; 1                            ; Untyped                   ;
; E2_INITIAL                    ; 1                            ; Untyped                   ;
; E3_INITIAL                    ; 1                            ; Untyped                   ;
; L0_MODE                       ; BYPASS                       ; Untyped                   ;
; L1_MODE                       ; BYPASS                       ; Untyped                   ;
; G0_MODE                       ; BYPASS                       ; Untyped                   ;
; G1_MODE                       ; BYPASS                       ; Untyped                   ;
; G2_MODE                       ; BYPASS                       ; Untyped                   ;
; G3_MODE                       ; BYPASS                       ; Untyped                   ;
; E0_MODE                       ; BYPASS                       ; Untyped                   ;
; E1_MODE                       ; BYPASS                       ; Untyped                   ;
; E2_MODE                       ; BYPASS                       ; Untyped                   ;
; E3_MODE                       ; BYPASS                       ; Untyped                   ;
; L0_PH                         ; 0                            ; Untyped                   ;
; L1_PH                         ; 0                            ; Untyped                   ;
; G0_PH                         ; 0                            ; Untyped                   ;
; G1_PH                         ; 0                            ; Untyped                   ;
; G2_PH                         ; 0                            ; Untyped                   ;
; G3_PH                         ; 0                            ; Untyped                   ;
; E0_PH                         ; 0                            ; Untyped                   ;
; E1_PH                         ; 0                            ; Untyped                   ;
; E2_PH                         ; 0                            ; Untyped                   ;
; E3_PH                         ; 0                            ; Untyped                   ;
; M_PH                          ; 0                            ; Untyped                   ;
; C1_USE_CASC_IN                ; OFF                          ; Untyped                   ;
; C2_USE_CASC_IN                ; OFF                          ; Untyped                   ;
; C3_USE_CASC_IN                ; OFF                          ; Untyped                   ;
; C4_USE_CASC_IN                ; OFF                          ; Untyped                   ;
; C5_USE_CASC_IN                ; OFF                          ; Untyped                   ;
; C6_USE_CASC_IN                ; OFF                          ; Untyped                   ;
; C7_USE_CASC_IN                ; OFF                          ; Untyped                   ;
; C8_USE_CASC_IN                ; OFF                          ; Untyped                   ;
; C9_USE_CASC_IN                ; OFF                          ; Untyped                   ;
; CLK0_COUNTER                  ; G0                           ; Untyped                   ;
; CLK1_COUNTER                  ; G0                           ; Untyped                   ;
; CLK2_COUNTER                  ; G0                           ; Untyped                   ;
; CLK3_COUNTER                  ; G0                           ; Untyped                   ;
; CLK4_COUNTER                  ; G0                           ; Untyped                   ;
; CLK5_COUNTER                  ; G0                           ; Untyped                   ;
; CLK6_COUNTER                  ; E0                           ; Untyped                   ;
; CLK7_COUNTER                  ; E1                           ; Untyped                   ;
; CLK8_COUNTER                  ; E2                           ; Untyped                   ;
; CLK9_COUNTER                  ; E3                           ; Untyped                   ;
; L0_TIME_DELAY                 ; 0                            ; Untyped                   ;
; L1_TIME_DELAY                 ; 0                            ; Untyped                   ;
; G0_TIME_DELAY                 ; 0                            ; Untyped                   ;
; G1_TIME_DELAY                 ; 0                            ; Untyped                   ;
; G2_TIME_DELAY                 ; 0                            ; Untyped                   ;
; G3_TIME_DELAY                 ; 0                            ; Untyped                   ;
; E0_TIME_DELAY                 ; 0                            ; Untyped                   ;
; E1_TIME_DELAY                 ; 0                            ; Untyped                   ;
; E2_TIME_DELAY                 ; 0                            ; Untyped                   ;
; E3_TIME_DELAY                 ; 0                            ; Untyped                   ;
; M_TIME_DELAY                  ; 0                            ; Untyped                   ;
; N_TIME_DELAY                  ; 0                            ; Untyped                   ;
; EXTCLK3_COUNTER               ; E3                           ; Untyped                   ;
; EXTCLK2_COUNTER               ; E2                           ; Untyped                   ;
; EXTCLK1_COUNTER               ; E1                           ; Untyped                   ;
; EXTCLK0_COUNTER               ; E0                           ; Untyped                   ;
; ENABLE0_COUNTER               ; L0                           ; Untyped                   ;
; ENABLE1_COUNTER               ; L0                           ; Untyped                   ;
; CHARGE_PUMP_CURRENT           ; 2                            ; Untyped                   ;
; LOOP_FILTER_R                 ;  1.000000                    ; Untyped                   ;
; LOOP_FILTER_C                 ; 5                            ; Untyped                   ;
; CHARGE_PUMP_CURRENT_BITS      ; 9999                         ; Untyped                   ;
; LOOP_FILTER_R_BITS            ; 9999                         ; Untyped                   ;
; LOOP_FILTER_C_BITS            ; 9999                         ; Untyped                   ;
; VCO_POST_SCALE                ; 0                            ; Untyped                   ;
; CLK2_OUTPUT_FREQUENCY         ; 0                            ; Untyped                   ;
; CLK1_OUTPUT_FREQUENCY         ; 0                            ; Untyped                   ;
; CLK0_OUTPUT_FREQUENCY         ; 0                            ; Untyped                   ;
; INTENDED_DEVICE_FAMILY        ; Cyclone IV E                 ; Untyped                   ;
; PORT_CLKENA0                  ; PORT_UNUSED                  ; Untyped                   ;
; PORT_CLKENA1                  ; PORT_UNUSED                  ; Untyped                   ;
; PORT_CLKENA2                  ; PORT_UNUSED                  ; Untyped                   ;
; PORT_CLKENA3                  ; PORT_UNUSED                  ; Untyped                   ;
; PORT_CLKENA4                  ; PORT_UNUSED                  ; Untyped                   ;
; PORT_CLKENA5                  ; PORT_UNUSED                  ; Untyped                   ;
; PORT_EXTCLKENA0               ; PORT_CONNECTIVITY            ; Untyped                   ;
; PORT_EXTCLKENA1               ; PORT_CONNECTIVITY            ; Untyped                   ;
; PORT_EXTCLKENA2               ; PORT_CONNECTIVITY            ; Untyped                   ;
; PORT_EXTCLKENA3               ; PORT_CONNECTIVITY            ; Untyped                   ;
; PORT_EXTCLK0                  ; PORT_UNUSED                  ; Untyped                   ;
; PORT_EXTCLK1                  ; PORT_UNUSED                  ; Untyped                   ;
; PORT_EXTCLK2                  ; PORT_UNUSED                  ; Untyped                   ;
; PORT_EXTCLK3                  ; PORT_UNUSED                  ; Untyped                   ;
; PORT_CLKBAD0                  ; PORT_UNUSED                  ; Untyped                   ;
; PORT_CLKBAD1                  ; PORT_UNUSED                  ; Untyped                   ;
; PORT_CLK0                     ; PORT_USED                    ; Untyped                   ;
; PORT_CLK1                     ; PORT_UNUSED                  ; Untyped                   ;
; PORT_CLK2                     ; PORT_UNUSED                  ; Untyped                   ;
; PORT_CLK3                     ; PORT_UNUSED                  ; Untyped                   ;
; PORT_CLK4                     ; PORT_UNUSED                  ; Untyped                   ;
; PORT_CLK5                     ; PORT_UNUSED                  ; Untyped                   ;
; PORT_CLK6                     ; PORT_UNUSED                  ; Untyped                   ;
; PORT_CLK7                     ; PORT_UNUSED                  ; Untyped                   ;
; PORT_CLK8                     ; PORT_UNUSED                  ; Untyped                   ;
; PORT_CLK9                     ; PORT_UNUSED                  ; Untyped                   ;
; PORT_SCANDATA                 ; PORT_UNUSED                  ; Untyped                   ;
; PORT_SCANDATAOUT              ; PORT_UNUSED                  ; Untyped                   ;
; PORT_SCANDONE                 ; PORT_UNUSED                  ; Untyped                   ;
; PORT_SCLKOUT1                 ; PORT_CONNECTIVITY            ; Untyped                   ;
; PORT_SCLKOUT0                 ; PORT_CONNECTIVITY            ; Untyped                   ;
; PORT_ACTIVECLOCK              ; PORT_UNUSED                  ; Untyped                   ;
; PORT_CLKLOSS                  ; PORT_UNUSED                  ; Untyped                   ;
; PORT_INCLK1                   ; PORT_UNUSED                  ; Untyped                   ;
; PORT_INCLK0                   ; PORT_USED                    ; Untyped                   ;
; PORT_FBIN                     ; PORT_UNUSED                  ; Untyped                   ;
; PORT_PLLENA                   ; PORT_UNUSED                  ; Untyped                   ;
; PORT_CLKSWITCH                ; PORT_UNUSED                  ; Untyped                   ;
; PORT_ARESET                   ; PORT_USED                    ; Untyped                   ;
; PORT_PFDENA                   ; PORT_UNUSED                  ; Untyped                   ;
; PORT_SCANCLK                  ; PORT_UNUSED                  ; Untyped                   ;
; PORT_SCANACLR                 ; PORT_UNUSED                  ; Untyped                   ;
; PORT_SCANREAD                 ; PORT_UNUSED                  ; Untyped                   ;
; PORT_SCANWRITE                ; PORT_UNUSED                  ; Untyped                   ;
; PORT_ENABLE0                  ; PORT_CONNECTIVITY            ; Untyped                   ;
; PORT_ENABLE1                  ; PORT_CONNECTIVITY            ; Untyped                   ;
; PORT_LOCKED                   ; PORT_USED                    ; Untyped                   ;
; PORT_CONFIGUPDATE             ; PORT_UNUSED                  ; Untyped                   ;
; PORT_FBOUT                    ; PORT_CONNECTIVITY            ; Untyped                   ;
; PORT_PHASEDONE                ; PORT_UNUSED                  ; Untyped                   ;
; PORT_PHASESTEP                ; PORT_UNUSED                  ; Untyped                   ;
; PORT_PHASEUPDOWN              ; PORT_UNUSED                  ; Untyped                   ;
; PORT_SCANCLKENA               ; PORT_UNUSED                  ; Untyped                   ;
; PORT_PHASECOUNTERSELECT       ; PORT_UNUSED                  ; Untyped                   ;
; PORT_VCOOVERRANGE             ; PORT_CONNECTIVITY            ; Untyped                   ;
; PORT_VCOUNDERRANGE            ; PORT_CONNECTIVITY            ; Untyped                   ;
; M_TEST_SOURCE                 ; 5                            ; Untyped                   ;
; C0_TEST_SOURCE                ; 5                            ; Untyped                   ;
; C1_TEST_SOURCE                ; 5                            ; Untyped                   ;
; C2_TEST_SOURCE                ; 5                            ; Untyped                   ;
; C3_TEST_SOURCE                ; 5                            ; Untyped                   ;
; C4_TEST_SOURCE                ; 5                            ; Untyped                   ;
; C5_TEST_SOURCE                ; 5                            ; Untyped                   ;
; C6_TEST_SOURCE                ; 5                            ; Untyped                   ;
; C7_TEST_SOURCE                ; 5                            ; Untyped                   ;
; C8_TEST_SOURCE                ; 5                            ; Untyped                   ;
; C9_TEST_SOURCE                ; 5                            ; Untyped                   ;
; CBXI_PARAMETER                ; pll_148mhz_altpll            ; Untyped                   ;
; VCO_FREQUENCY_CONTROL         ; AUTO                         ; Untyped                   ;
; VCO_PHASE_SHIFT_STEP          ; 0                            ; Untyped                   ;
; WIDTH_CLOCK                   ; 5                            ; Signed Integer            ;
; WIDTH_PHASECOUNTERSELECT      ; 4                            ; Untyped                   ;
; USING_FBMIMICBIDIR_PORT       ; OFF                          ; Untyped                   ;
; DEVICE_FAMILY                 ; Cyclone IV E                 ; Untyped                   ;
; SCAN_CHAIN_MIF_FILE           ; UNUSED                       ; Untyped                   ;
; SIM_GATE_LOCK_DEVICE_BEHAVIOR ; OFF                          ; Untyped                   ;
; AUTO_CARRY_CHAINS             ; ON                           ; AUTO_CARRY                ;
; IGNORE_CARRY_BUFFERS          ; OFF                          ; IGNORE_CARRY              ;
; AUTO_CASCADE_CHAINS           ; ON                           ; AUTO_CASCADE              ;
; IGNORE_CASCADE_BUFFERS        ; OFF                          ; IGNORE_CASCADE            ;
+-------------------------------+------------------------------+---------------------------+
Note: In order to hide this table in the UI and the text report file, please set the "Show Parameter Settings in Synthesis Report" option in "Analysis and Synthesis Settings -> More Settings" to "Off".


+-----------------------------------------------------------------------+
; Parameter Settings for User Entity Instance: vga_controller_1080p:vga ;
+----------------+-------+----------------------------------------------+
; Parameter Name ; Value ; Type                                         ;
+----------------+-------+----------------------------------------------+
; H_DISPLAY      ; 1920  ; Signed Integer                               ;
; H_FRONT        ; 88    ; Signed Integer                               ;
; H_SYNC         ; 44    ; Signed Integer                               ;
; H_BACK         ; 148   ; Signed Integer                               ;
; H_TOTAL        ; 2200  ; Signed Integer                               ;
; V_DISPLAY      ; 1080  ; Signed Integer                               ;
; V_FRONT        ; 4     ; Signed Integer                               ;
; V_SYNC         ; 5     ; Signed Integer                               ;
; V_BACK         ; 36    ; Signed Integer                               ;
; V_TOTAL        ; 1125  ; Signed Integer                               ;
+----------------+-------+----------------------------------------------+
Note: In order to hide this table in the UI and the text report file, please set the "Show Parameter Settings in Synthesis Report" option in "Analysis and Synthesis Settings -> More Settings" to "Off".


+-----------------------------------------------------------------------------------------------------------+
; Parameter Settings for User Entity Instance: image_rom:img_rom|altsyncram:altsyncram_component            ;
+------------------------------------+-----------------------------------------------------+----------------+
; Parameter Name                     ; Value                                               ; Type           ;
+------------------------------------+-----------------------------------------------------+----------------+
; BYTE_SIZE_BLOCK                    ; 8                                                   ; Untyped        ;
; AUTO_CARRY_CHAINS                  ; ON                                                  ; AUTO_CARRY     ;
; IGNORE_CARRY_BUFFERS               ; OFF                                                 ; IGNORE_CARRY   ;
; AUTO_CASCADE_CHAINS                ; ON                                                  ; AUTO_CASCADE   ;
; IGNORE_CASCADE_BUFFERS             ; OFF                                                 ; IGNORE_CASCADE ;
; WIDTH_BYTEENA                      ; 1                                                   ; Untyped        ;
; OPERATION_MODE                     ; ROM                                                 ; Untyped        ;
; WIDTH_A                            ; 24                                                  ; Signed Integer ;
; WIDTHAD_A                          ; 14                                                  ; Signed Integer ;
; NUMWORDS_A                         ; 16384                                               ; Signed Integer ;
; OUTDATA_REG_A                      ; CLOCK0                                              ; Untyped        ;
; ADDRESS_ACLR_A                     ; NONE                                                ; Untyped        ;
; OUTDATA_ACLR_A                     ; NONE                                                ; Untyped        ;
; WRCONTROL_ACLR_A                   ; NONE                                                ; Untyped        ;
; INDATA_ACLR_A                      ; NONE                                                ; Untyped        ;
; BYTEENA_ACLR_A                     ; NONE                                                ; Untyped        ;
; WIDTH_B                            ; 1                                                   ; Untyped        ;
; WIDTHAD_B                          ; 1                                                   ; Untyped        ;
; NUMWORDS_B                         ; 1                                                   ; Untyped        ;
; INDATA_REG_B                       ; CLOCK1                                              ; Untyped        ;
; WRCONTROL_WRADDRESS_REG_B          ; CLOCK1                                              ; Untyped        ;
; RDCONTROL_REG_B                    ; CLOCK1                                              ; Untyped        ;
; ADDRESS_REG_B                      ; CLOCK1                                              ; Untyped        ;
; OUTDATA_REG_B                      ; UNREGISTERED                                        ; Untyped        ;
; BYTEENA_REG_B                      ; CLOCK1                                              ; Untyped        ;
; INDATA_ACLR_B                      ; NONE                                                ; Untyped        ;
; WRCONTROL_ACLR_B                   ; NONE                                                ; Untyped        ;
; ADDRESS_ACLR_B                     ; NONE                                                ; Untyped        ;
; OUTDATA_ACLR_B                     ; NONE                                                ; Untyped        ;
; RDCONTROL_ACLR_B                   ; NONE                                                ; Untyped        ;
; BYTEENA_ACLR_B                     ; NONE                                                ; Untyped        ;
; WIDTH_BYTEENA_A                    ; 1                                                   ; Signed Integer ;
; WIDTH_BYTEENA_B                    ; 1                                                   ; Untyped        ;
; RAM_BLOCK_TYPE                     ; AUTO                                                ; Untyped        ;
; BYTE_SIZE                          ; 8                                                   ; Untyped        ;
; READ_DURING_WRITE_MODE_MIXED_PORTS ; DONT_CARE                                           ; Untyped        ;
; READ_DURING_WRITE_MODE_PORT_A      ; NEW_DATA_NO_NBE_READ                                ; Untyped        ;
; READ_DURING_WRITE_MODE_PORT_B      ; NEW_DATA_NO_NBE_READ                                ; Untyped        ;
; INIT_FILE                          ; ../../../Users/meera/Downloads/image128x128 (1).mif ; Untyped        ;
; INIT_FILE_LAYOUT                   ; PORT_A                                              ; Untyped        ;
; MAXIMUM_DEPTH                      ; 0                                                   ; Untyped        ;
; CLOCK_ENABLE_INPUT_A               ; BYPASS                                              ; Untyped        ;
; CLOCK_ENABLE_INPUT_B               ; NORMAL                                              ; Untyped        ;
; CLOCK_ENABLE_OUTPUT_A              ; BYPASS                                              ; Untyped        ;
; CLOCK_ENABLE_OUTPUT_B              ; NORMAL                                              ; Untyped        ;
; CLOCK_ENABLE_CORE_A                ; USE_INPUT_CLKEN                                     ; Untyped        ;
; CLOCK_ENABLE_CORE_B                ; USE_INPUT_CLKEN                                     ; Untyped        ;
; ENABLE_ECC                         ; FALSE                                               ; Untyped        ;
; ECC_PIPELINE_STAGE_ENABLED         ; FALSE                                               ; Untyped        ;
; WIDTH_ECCSTATUS                    ; 3                                                   ; Untyped        ;
; DEVICE_FAMILY                      ; Cyclone IV E                                        ; Untyped        ;
; CBXI_PARAMETER                     ; altsyncram_cec1                                     ; Untyped        ;
+------------------------------------+-----------------------------------------------------+----------------+
Note: In order to hide this table in the UI and the text report file, please set the "Show Parameter Settings in Synthesis Report" option in "Analysis and Synthesis Settings -> More Settings" to "Off".


+--------------------------------------------------------------------------------------+
; Parameter Settings for User Entity Instance: nearest_centroid_segment:ncentroid_inst ;
+----------------+--------------------------+------------------------------------------+
; Parameter Name ; Value                    ; Type                                     ;
+----------------+--------------------------+------------------------------------------+
; CENTROID0      ; 010011011111001101011111 ; Unsigned Binary                          ;
; CENTROID1      ; 101000001011110111111111 ; Unsigned Binary                          ;
; CENTROID2      ; 000010100001111101101100 ; Unsigned Binary                          ;
; CENTROID3      ; 000110010101000011111010 ; Unsigned Binary                          ;
; CENTROID4      ; 111111111110011011100101 ; Unsigned Binary                          ;
; CENTROID5      ; 101011011111111110111011 ; Unsigned Binary                          ;
; CENTROID6      ; 111011000111010001001010 ; Unsigned Binary                          ;
; CENTROID7      ; 010101101000100111111111 ; Unsigned Binary                          ;
; CENTROID8      ; 000111110101110000100111 ; Unsigned Binary                          ;
; CENTROID9      ; 111111111100011010110011 ; Unsigned Binary                          ;
+----------------+--------------------------+------------------------------------------+
Note: In order to hide this table in the UI and the text report file, please set the "Show Parameter Settings in Synthesis Report" option in "Analysis and Synthesis Settings -> More Settings" to "Off".


+----------------------------------------------------------------------------------------------------------+
; Parameter Settings for Inferred Entity Instance: nearest_centroid_segment:ncentroid_inst|lpm_mult:Mult29 ;
+------------------------------------------------+--------------+------------------------------------------+
; Parameter Name                                 ; Value        ; Type                                     ;
+------------------------------------------------+--------------+------------------------------------------+
; AUTO_CARRY_CHAINS                              ; ON           ; AUTO_CARRY                               ;
; IGNORE_CARRY_BUFFERS                           ; OFF          ; IGNORE_CARRY                             ;
; AUTO_CASCADE_CHAINS                            ; ON           ; AUTO_CASCADE                             ;
; IGNORE_CASCADE_BUFFERS                         ; OFF          ; IGNORE_CASCADE                           ;
; LPM_WIDTHA                                     ; 9            ; Untyped                                  ;
; LPM_WIDTHB                                     ; 9            ; Untyped                                  ;
; LPM_WIDTHP                                     ; 18           ; Untyped                                  ;
; LPM_WIDTHR                                     ; 18           ; Untyped                                  ;
; LPM_WIDTHS                                     ; 1            ; Untyped                                  ;
; LPM_REPRESENTATION                             ; SIGNED       ; Untyped                                  ;
; LPM_PIPELINE                                   ; 0            ; Untyped                                  ;
; LATENCY                                        ; 0            ; Untyped                                  ;
; INPUT_A_IS_CONSTANT                            ; NO           ; Untyped                                  ;
; INPUT_B_IS_CONSTANT                            ; NO           ; Untyped                                  ;
; USE_EAB                                        ; OFF          ; Untyped                                  ;
; MAXIMIZE_SPEED                                 ; 5            ; Untyped                                  ;
; DEVICE_FAMILY                                  ; Cyclone IV E ; Untyped                                  ;
; CARRY_CHAIN                                    ; MANUAL       ; Untyped                                  ;
; APEX20K_TECHNOLOGY_MAPPER                      ; LUT          ; TECH_MAPPER_APEX20K                      ;
; DEDICATED_MULTIPLIER_CIRCUITRY                 ; AUTO         ; Untyped                                  ;
; DEDICATED_MULTIPLIER_MIN_INPUT_WIDTH_FOR_AUTO  ; 0            ; Untyped                                  ;
; DEDICATED_MULTIPLIER_MIN_OUTPUT_WIDTH_FOR_AUTO ; 0            ; Untyped                                  ;
; CBXI_PARAMETER                                 ; mult_b3t     ; Untyped                                  ;
; INPUT_A_FIXED_VALUE                            ; Bx           ; Untyped                                  ;
; INPUT_B_FIXED_VALUE                            ; Bx           ; Untyped                                  ;
; USE_AHDL_IMPLEMENTATION                        ; OFF          ; Untyped                                  ;
+------------------------------------------------+--------------+------------------------------------------+
Note: In order to hide this table in the UI and the text report file, please set the "Show Parameter Settings in Synthesis Report" option in "Analysis and Synthesis Settings -> More Settings" to "Off".


+---------------------------------------------------------------------------------------------------------+
; Parameter Settings for Inferred Entity Instance: nearest_centroid_segment:ncentroid_inst|lpm_mult:Mult2 ;
+------------------------------------------------+--------------+-----------------------------------------+
; Parameter Name                                 ; Value        ; Type                                    ;
+------------------------------------------------+--------------+-----------------------------------------+
; AUTO_CARRY_CHAINS                              ; ON           ; AUTO_CARRY                              ;
; IGNORE_CARRY_BUFFERS                           ; OFF          ; IGNORE_CARRY                            ;
; AUTO_CASCADE_CHAINS                            ; ON           ; AUTO_CASCADE                            ;
; IGNORE_CASCADE_BUFFERS                         ; OFF          ; IGNORE_CASCADE                          ;
; LPM_WIDTHA                                     ; 9            ; Untyped                                 ;
; LPM_WIDTHB                                     ; 9            ; Untyped                                 ;
; LPM_WIDTHP                                     ; 18           ; Untyped                                 ;
; LPM_WIDTHR                                     ; 18           ; Untyped                                 ;
; LPM_WIDTHS                                     ; 1            ; Untyped                                 ;
; LPM_REPRESENTATION                             ; SIGNED       ; Untyped                                 ;
; LPM_PIPELINE                                   ; 0            ; Untyped                                 ;
; LATENCY                                        ; 0            ; Untyped                                 ;
; INPUT_A_IS_CONSTANT                            ; NO           ; Untyped                                 ;
; INPUT_B_IS_CONSTANT                            ; NO           ; Untyped                                 ;
; USE_EAB                                        ; OFF          ; Untyped                                 ;
; MAXIMIZE_SPEED                                 ; 5            ; Untyped                                 ;
; DEVICE_FAMILY                                  ; Cyclone IV E ; Untyped                                 ;
; CARRY_CHAIN                                    ; MANUAL       ; Untyped                                 ;
; APEX20K_TECHNOLOGY_MAPPER                      ; LUT          ; TECH_MAPPER_APEX20K                     ;
; DEDICATED_MULTIPLIER_CIRCUITRY                 ; AUTO         ; Untyped                                 ;
; DEDICATED_MULTIPLIER_MIN_INPUT_WIDTH_FOR_AUTO  ; 0            ; Untyped                                 ;
; DEDICATED_MULTIPLIER_MIN_OUTPUT_WIDTH_FOR_AUTO ; 0            ; Untyped                                 ;
; CBXI_PARAMETER                                 ; mult_b3t     ; Untyped                                 ;
; INPUT_A_FIXED_VALUE                            ; Bx           ; Untyped                                 ;
; INPUT_B_FIXED_VALUE                            ; Bx           ; Untyped                                 ;
; USE_AHDL_IMPLEMENTATION                        ; OFF          ; Untyped                                 ;
+------------------------------------------------+--------------+-----------------------------------------+
Note: In order to hide this table in the UI and the text report file, please set the "Show Parameter Settings in Synthesis Report" option in "Analysis and Synthesis Settings -> More Settings" to "Off".


+---------------------------------------------------------------------------------------------------------+
; Parameter Settings for Inferred Entity Instance: nearest_centroid_segment:ncentroid_inst|lpm_mult:Mult5 ;
+------------------------------------------------+--------------+-----------------------------------------+
; Parameter Name                                 ; Value        ; Type                                    ;
+------------------------------------------------+--------------+-----------------------------------------+
; AUTO_CARRY_CHAINS                              ; ON           ; AUTO_CARRY                              ;
; IGNORE_CARRY_BUFFERS                           ; OFF          ; IGNORE_CARRY                            ;
; AUTO_CASCADE_CHAINS                            ; ON           ; AUTO_CASCADE                            ;
; IGNORE_CASCADE_BUFFERS                         ; OFF          ; IGNORE_CASCADE                          ;
; LPM_WIDTHA                                     ; 9            ; Untyped                                 ;
; LPM_WIDTHB                                     ; 9            ; Untyped                                 ;
; LPM_WIDTHP                                     ; 18           ; Untyped                                 ;
; LPM_WIDTHR                                     ; 18           ; Untyped                                 ;
; LPM_WIDTHS                                     ; 1            ; Untyped                                 ;
; LPM_REPRESENTATION                             ; SIGNED       ; Untyped                                 ;
; LPM_PIPELINE                                   ; 0            ; Untyped                                 ;
; LATENCY                                        ; 0            ; Untyped                                 ;
; INPUT_A_IS_CONSTANT                            ; NO           ; Untyped                                 ;
; INPUT_B_IS_CONSTANT                            ; NO           ; Untyped                                 ;
; USE_EAB                                        ; OFF          ; Untyped                                 ;
; MAXIMIZE_SPEED                                 ; 5            ; Untyped                                 ;
; DEVICE_FAMILY                                  ; Cyclone IV E ; Untyped                                 ;
; CARRY_CHAIN                                    ; MANUAL       ; Untyped                                 ;
; APEX20K_TECHNOLOGY_MAPPER                      ; LUT          ; TECH_MAPPER_APEX20K                     ;
; DEDICATED_MULTIPLIER_CIRCUITRY                 ; AUTO         ; Untyped                                 ;
; DEDICATED_MULTIPLIER_MIN_INPUT_WIDTH_FOR_AUTO  ; 0            ; Untyped                                 ;
; DEDICATED_MULTIPLIER_MIN_OUTPUT_WIDTH_FOR_AUTO ; 0            ; Untyped                                 ;
; CBXI_PARAMETER                                 ; mult_b3t     ; Untyped                                 ;
; INPUT_A_FIXED_VALUE                            ; Bx           ; Untyped                                 ;
; INPUT_B_FIXED_VALUE                            ; Bx           ; Untyped                                 ;
; USE_AHDL_IMPLEMENTATION                        ; OFF          ; Untyped                                 ;
+------------------------------------------------+--------------+-----------------------------------------+
Note: In order to hide this table in the UI and the text report file, please set the "Show Parameter Settings in Synthesis Report" option in "Analysis and Synthesis Settings -> More Settings" to "Off".


+-------------------------------------------------------------------------------------------------+
; Parameter Settings for Inferred Entity Instance: ContrastEnhancer:contrast_inst|lpm_divide:Div2 ;
+------------------------+----------------+-------------------------------------------------------+
; Parameter Name         ; Value          ; Type                                                  ;
+------------------------+----------------+-------------------------------------------------------+
; LPM_WIDTHN             ; 13             ; Untyped                                               ;
; LPM_WIDTHD             ; 4              ; Untyped                                               ;
; LPM_NREPRESENTATION    ; UNSIGNED       ; Untyped                                               ;
; LPM_DREPRESENTATION    ; UNSIGNED       ; Untyped                                               ;
; LPM_PIPELINE           ; 0              ; Untyped                                               ;
; LPM_REMAINDERPOSITIVE  ; TRUE           ; Untyped                                               ;
; MAXIMIZE_SPEED         ; 5              ; Untyped                                               ;
; CBXI_PARAMETER         ; lpm_divide_vim ; Untyped                                               ;
; CARRY_CHAIN            ; MANUAL         ; Untyped                                               ;
; OPTIMIZE_FOR_SPEED     ; 5              ; Untyped                                               ;
; AUTO_CARRY_CHAINS      ; ON             ; AUTO_CARRY                                            ;
; IGNORE_CARRY_BUFFERS   ; OFF            ; IGNORE_CARRY                                          ;
; AUTO_CASCADE_CHAINS    ; ON             ; AUTO_CASCADE                                          ;
; IGNORE_CASCADE_BUFFERS ; OFF            ; IGNORE_CASCADE                                        ;
+------------------------+----------------+-------------------------------------------------------+
Note: In order to hide this table in the UI and the text report file, please set the "Show Parameter Settings in Synthesis Report" option in "Analysis and Synthesis Settings -> More Settings" to "Off".


+-------------------------------------------------------------------------------------------------+
; Parameter Settings for Inferred Entity Instance: ContrastEnhancer:contrast_inst|lpm_divide:Div5 ;
+------------------------+----------------+-------------------------------------------------------+
; Parameter Name         ; Value          ; Type                                                  ;
+------------------------+----------------+-------------------------------------------------------+
; LPM_WIDTHN             ; 12             ; Untyped                                               ;
; LPM_WIDTHD             ; 4              ; Untyped                                               ;
; LPM_NREPRESENTATION    ; UNSIGNED       ; Untyped                                               ;
; LPM_DREPRESENTATION    ; UNSIGNED       ; Untyped                                               ;
; LPM_PIPELINE           ; 0              ; Untyped                                               ;
; LPM_REMAINDERPOSITIVE  ; TRUE           ; Untyped                                               ;
; MAXIMIZE_SPEED         ; 5              ; Untyped                                               ;
; CBXI_PARAMETER         ; lpm_divide_uim ; Untyped                                               ;
; CARRY_CHAIN            ; MANUAL         ; Untyped                                               ;
; OPTIMIZE_FOR_SPEED     ; 5              ; Untyped                                               ;
; AUTO_CARRY_CHAINS      ; ON             ; AUTO_CARRY                                            ;
; IGNORE_CARRY_BUFFERS   ; OFF            ; IGNORE_CARRY                                          ;
; AUTO_CASCADE_CHAINS    ; ON             ; AUTO_CASCADE                                          ;
; IGNORE_CASCADE_BUFFERS ; OFF            ; IGNORE_CASCADE                                        ;
+------------------------+----------------+-------------------------------------------------------+
Note: In order to hide this table in the UI and the text report file, please set the "Show Parameter Settings in Synthesis Report" option in "Analysis and Synthesis Settings -> More Settings" to "Off".


+---------------------------------------------------------------------------------------------------------+
; Parameter Settings for Inferred Entity Instance: nearest_centroid_segment:ncentroid_inst|lpm_mult:Mult8 ;
+------------------------------------------------+--------------+-----------------------------------------+
; Parameter Name                                 ; Value        ; Type                                    ;
+------------------------------------------------+--------------+-----------------------------------------+
; AUTO_CARRY_CHAINS                              ; ON           ; AUTO_CARRY                              ;
; IGNORE_CARRY_BUFFERS                           ; OFF          ; IGNORE_CARRY                            ;
; AUTO_CASCADE_CHAINS                            ; ON           ; AUTO_CASCADE                            ;
; IGNORE_CASCADE_BUFFERS                         ; OFF          ; IGNORE_CASCADE                          ;
; LPM_WIDTHA                                     ; 9            ; Untyped                                 ;
; LPM_WIDTHB                                     ; 9            ; Untyped                                 ;
; LPM_WIDTHP                                     ; 18           ; Untyped                                 ;
; LPM_WIDTHR                                     ; 18           ; Untyped                                 ;
; LPM_WIDTHS                                     ; 1            ; Untyped                                 ;
; LPM_REPRESENTATION                             ; SIGNED       ; Untyped                                 ;
; LPM_PIPELINE                                   ; 0            ; Untyped                                 ;
; LATENCY                                        ; 0            ; Untyped                                 ;
; INPUT_A_IS_CONSTANT                            ; NO           ; Untyped                                 ;
; INPUT_B_IS_CONSTANT                            ; NO           ; Untyped                                 ;
; USE_EAB                                        ; OFF          ; Untyped                                 ;
; MAXIMIZE_SPEED                                 ; 5            ; Untyped                                 ;
; DEVICE_FAMILY                                  ; Cyclone IV E ; Untyped                                 ;
; CARRY_CHAIN                                    ; MANUAL       ; Untyped                                 ;
; APEX20K_TECHNOLOGY_MAPPER                      ; LUT          ; TECH_MAPPER_APEX20K                     ;
; DEDICATED_MULTIPLIER_CIRCUITRY                 ; AUTO         ; Untyped                                 ;
; DEDICATED_MULTIPLIER_MIN_INPUT_WIDTH_FOR_AUTO  ; 0            ; Untyped                                 ;
; DEDICATED_MULTIPLIER_MIN_OUTPUT_WIDTH_FOR_AUTO ; 0            ; Untyped                                 ;
; CBXI_PARAMETER                                 ; mult_b3t     ; Untyped                                 ;
; INPUT_A_FIXED_VALUE                            ; Bx           ; Untyped                                 ;
; INPUT_B_FIXED_VALUE                            ; Bx           ; Untyped                                 ;
; USE_AHDL_IMPLEMENTATION                        ; OFF          ; Untyped                                 ;
+------------------------------------------------+--------------+-----------------------------------------+
Note: In order to hide this table in the UI and the text report file, please set the "Show Parameter Settings in Synthesis Report" option in "Analysis and Synthesis Settings -> More Settings" to "Off".


+----------------------------------------------------------------------------------------------------------+
; Parameter Settings for Inferred Entity Instance: nearest_centroid_segment:ncentroid_inst|lpm_mult:Mult11 ;
+------------------------------------------------+--------------+------------------------------------------+
; Parameter Name                                 ; Value        ; Type                                     ;
+------------------------------------------------+--------------+------------------------------------------+
; AUTO_CARRY_CHAINS                              ; ON           ; AUTO_CARRY                               ;
; IGNORE_CARRY_BUFFERS                           ; OFF          ; IGNORE_CARRY                             ;
; AUTO_CASCADE_CHAINS                            ; ON           ; AUTO_CASCADE                             ;
; IGNORE_CASCADE_BUFFERS                         ; OFF          ; IGNORE_CASCADE                           ;
; LPM_WIDTHA                                     ; 9            ; Untyped                                  ;
; LPM_WIDTHB                                     ; 9            ; Untyped                                  ;
; LPM_WIDTHP                                     ; 18           ; Untyped                                  ;
; LPM_WIDTHR                                     ; 18           ; Untyped                                  ;
; LPM_WIDTHS                                     ; 1            ; Untyped                                  ;
; LPM_REPRESENTATION                             ; SIGNED       ; Untyped                                  ;
; LPM_PIPELINE                                   ; 0            ; Untyped                                  ;
; LATENCY                                        ; 0            ; Untyped                                  ;
; INPUT_A_IS_CONSTANT                            ; NO           ; Untyped                                  ;
; INPUT_B_IS_CONSTANT                            ; NO           ; Untyped                                  ;
; USE_EAB                                        ; OFF          ; Untyped                                  ;
; MAXIMIZE_SPEED                                 ; 5            ; Untyped                                  ;
; DEVICE_FAMILY                                  ; Cyclone IV E ; Untyped                                  ;
; CARRY_CHAIN                                    ; MANUAL       ; Untyped                                  ;
; APEX20K_TECHNOLOGY_MAPPER                      ; LUT          ; TECH_MAPPER_APEX20K                      ;
; DEDICATED_MULTIPLIER_CIRCUITRY                 ; AUTO         ; Untyped                                  ;
; DEDICATED_MULTIPLIER_MIN_INPUT_WIDTH_FOR_AUTO  ; 0            ; Untyped                                  ;
; DEDICATED_MULTIPLIER_MIN_OUTPUT_WIDTH_FOR_AUTO ; 0            ; Untyped                                  ;
; CBXI_PARAMETER                                 ; mult_b3t     ; Untyped                                  ;
; INPUT_A_FIXED_VALUE                            ; Bx           ; Untyped                                  ;
; INPUT_B_FIXED_VALUE                            ; Bx           ; Untyped                                  ;
; USE_AHDL_IMPLEMENTATION                        ; OFF          ; Untyped                                  ;
+------------------------------------------------+--------------+------------------------------------------+
Note: In order to hide this table in the UI and the text report file, please set the "Show Parameter Settings in Synthesis Report" option in "Analysis and Synthesis Settings -> More Settings" to "Off".


+----------------------------------------------------------------------------------------------------------+
; Parameter Settings for Inferred Entity Instance: nearest_centroid_segment:ncentroid_inst|lpm_mult:Mult14 ;
+------------------------------------------------+--------------+------------------------------------------+
; Parameter Name                                 ; Value        ; Type                                     ;
+------------------------------------------------+--------------+------------------------------------------+
; AUTO_CARRY_CHAINS                              ; ON           ; AUTO_CARRY                               ;
; IGNORE_CARRY_BUFFERS                           ; OFF          ; IGNORE_CARRY                             ;
; AUTO_CASCADE_CHAINS                            ; ON           ; AUTO_CASCADE                             ;
; IGNORE_CASCADE_BUFFERS                         ; OFF          ; IGNORE_CASCADE                           ;
; LPM_WIDTHA                                     ; 9            ; Untyped                                  ;
; LPM_WIDTHB                                     ; 9            ; Untyped                                  ;
; LPM_WIDTHP                                     ; 18           ; Untyped                                  ;
; LPM_WIDTHR                                     ; 18           ; Untyped                                  ;
; LPM_WIDTHS                                     ; 1            ; Untyped                                  ;
; LPM_REPRESENTATION                             ; SIGNED       ; Untyped                                  ;
; LPM_PIPELINE                                   ; 0            ; Untyped                                  ;
; LATENCY                                        ; 0            ; Untyped                                  ;
; INPUT_A_IS_CONSTANT                            ; NO           ; Untyped                                  ;
; INPUT_B_IS_CONSTANT                            ; NO           ; Untyped                                  ;
; USE_EAB                                        ; OFF          ; Untyped                                  ;
; MAXIMIZE_SPEED                                 ; 5            ; Untyped                                  ;
; DEVICE_FAMILY                                  ; Cyclone IV E ; Untyped                                  ;
; CARRY_CHAIN                                    ; MANUAL       ; Untyped                                  ;
; APEX20K_TECHNOLOGY_MAPPER                      ; LUT          ; TECH_MAPPER_APEX20K                      ;
; DEDICATED_MULTIPLIER_CIRCUITRY                 ; AUTO         ; Untyped                                  ;
; DEDICATED_MULTIPLIER_MIN_INPUT_WIDTH_FOR_AUTO  ; 0            ; Untyped                                  ;
; DEDICATED_MULTIPLIER_MIN_OUTPUT_WIDTH_FOR_AUTO ; 0            ; Untyped                                  ;
; CBXI_PARAMETER                                 ; mult_b3t     ; Untyped                                  ;
; INPUT_A_FIXED_VALUE                            ; Bx           ; Untyped                                  ;
; INPUT_B_FIXED_VALUE                            ; Bx           ; Untyped                                  ;
; USE_AHDL_IMPLEMENTATION                        ; OFF          ; Untyped                                  ;
+------------------------------------------------+--------------+------------------------------------------+
Note: In order to hide this table in the UI and the text report file, please set the "Show Parameter Settings in Synthesis Report" option in "Analysis and Synthesis Settings -> More Settings" to "Off".


+----------------------------------------------------------------------------------------------------------+
; Parameter Settings for Inferred Entity Instance: nearest_centroid_segment:ncentroid_inst|lpm_mult:Mult17 ;
+------------------------------------------------+--------------+------------------------------------------+
; Parameter Name                                 ; Value        ; Type                                     ;
+------------------------------------------------+--------------+------------------------------------------+
; AUTO_CARRY_CHAINS                              ; ON           ; AUTO_CARRY                               ;
; IGNORE_CARRY_BUFFERS                           ; OFF          ; IGNORE_CARRY                             ;
; AUTO_CASCADE_CHAINS                            ; ON           ; AUTO_CASCADE                             ;
; IGNORE_CASCADE_BUFFERS                         ; OFF          ; IGNORE_CASCADE                           ;
; LPM_WIDTHA                                     ; 9            ; Untyped                                  ;
; LPM_WIDTHB                                     ; 9            ; Untyped                                  ;
; LPM_WIDTHP                                     ; 18           ; Untyped                                  ;
; LPM_WIDTHR                                     ; 18           ; Untyped                                  ;
; LPM_WIDTHS                                     ; 1            ; Untyped                                  ;
; LPM_REPRESENTATION                             ; SIGNED       ; Untyped                                  ;
; LPM_PIPELINE                                   ; 0            ; Untyped                                  ;
; LATENCY                                        ; 0            ; Untyped                                  ;
; INPUT_A_IS_CONSTANT                            ; NO           ; Untyped                                  ;
; INPUT_B_IS_CONSTANT                            ; NO           ; Untyped                                  ;
; USE_EAB                                        ; OFF          ; Untyped                                  ;
; MAXIMIZE_SPEED                                 ; 5            ; Untyped                                  ;
; DEVICE_FAMILY                                  ; Cyclone IV E ; Untyped                                  ;
; CARRY_CHAIN                                    ; MANUAL       ; Untyped                                  ;
; APEX20K_TECHNOLOGY_MAPPER                      ; LUT          ; TECH_MAPPER_APEX20K                      ;
; DEDICATED_MULTIPLIER_CIRCUITRY                 ; AUTO         ; Untyped                                  ;
; DEDICATED_MULTIPLIER_MIN_INPUT_WIDTH_FOR_AUTO  ; 0            ; Untyped                                  ;
; DEDICATED_MULTIPLIER_MIN_OUTPUT_WIDTH_FOR_AUTO ; 0            ; Untyped                                  ;
; CBXI_PARAMETER                                 ; mult_b3t     ; Untyped                                  ;
; INPUT_A_FIXED_VALUE                            ; Bx           ; Untyped                                  ;
; INPUT_B_FIXED_VALUE                            ; Bx           ; Untyped                                  ;
; USE_AHDL_IMPLEMENTATION                        ; OFF          ; Untyped                                  ;
+------------------------------------------------+--------------+------------------------------------------+
Note: In order to hide this table in the UI and the text report file, please set the "Show Parameter Settings in Synthesis Report" option in "Analysis and Synthesis Settings -> More Settings" to "Off".


+----------------------------------------------------------------------------------------------------------+
; Parameter Settings for Inferred Entity Instance: nearest_centroid_segment:ncentroid_inst|lpm_mult:Mult20 ;
+------------------------------------------------+--------------+------------------------------------------+
; Parameter Name                                 ; Value        ; Type                                     ;
+------------------------------------------------+--------------+------------------------------------------+
; AUTO_CARRY_CHAINS                              ; ON           ; AUTO_CARRY                               ;
; IGNORE_CARRY_BUFFERS                           ; OFF          ; IGNORE_CARRY                             ;
; AUTO_CASCADE_CHAINS                            ; ON           ; AUTO_CASCADE                             ;
; IGNORE_CASCADE_BUFFERS                         ; OFF          ; IGNORE_CASCADE                           ;
; LPM_WIDTHA                                     ; 9            ; Untyped                                  ;
; LPM_WIDTHB                                     ; 9            ; Untyped                                  ;
; LPM_WIDTHP                                     ; 18           ; Untyped                                  ;
; LPM_WIDTHR                                     ; 18           ; Untyped                                  ;
; LPM_WIDTHS                                     ; 1            ; Untyped                                  ;
; LPM_REPRESENTATION                             ; SIGNED       ; Untyped                                  ;
; LPM_PIPELINE                                   ; 0            ; Untyped                                  ;
; LATENCY                                        ; 0            ; Untyped                                  ;
; INPUT_A_IS_CONSTANT                            ; NO           ; Untyped                                  ;
; INPUT_B_IS_CONSTANT                            ; NO           ; Untyped                                  ;
; USE_EAB                                        ; OFF          ; Untyped                                  ;
; MAXIMIZE_SPEED                                 ; 5            ; Untyped                                  ;
; DEVICE_FAMILY                                  ; Cyclone IV E ; Untyped                                  ;
; CARRY_CHAIN                                    ; MANUAL       ; Untyped                                  ;
; APEX20K_TECHNOLOGY_MAPPER                      ; LUT          ; TECH_MAPPER_APEX20K                      ;
; DEDICATED_MULTIPLIER_CIRCUITRY                 ; AUTO         ; Untyped                                  ;
; DEDICATED_MULTIPLIER_MIN_INPUT_WIDTH_FOR_AUTO  ; 0            ; Untyped                                  ;
; DEDICATED_MULTIPLIER_MIN_OUTPUT_WIDTH_FOR_AUTO ; 0            ; Untyped                                  ;
; CBXI_PARAMETER                                 ; mult_b3t     ; Untyped                                  ;
; INPUT_A_FIXED_VALUE                            ; Bx           ; Untyped                                  ;
; INPUT_B_FIXED_VALUE                            ; Bx           ; Untyped                                  ;
; USE_AHDL_IMPLEMENTATION                        ; OFF          ; Untyped                                  ;
+------------------------------------------------+--------------+------------------------------------------+
Note: In order to hide this table in the UI and the text report file, please set the "Show Parameter Settings in Synthesis Report" option in "Analysis and Synthesis Settings -> More Settings" to "Off".


+----------------------------------------------------------------------------------------------------------+
; Parameter Settings for Inferred Entity Instance: nearest_centroid_segment:ncentroid_inst|lpm_mult:Mult26 ;
+------------------------------------------------+--------------+------------------------------------------+
; Parameter Name                                 ; Value        ; Type                                     ;
+------------------------------------------------+--------------+------------------------------------------+
; AUTO_CARRY_CHAINS                              ; ON           ; AUTO_CARRY                               ;
; IGNORE_CARRY_BUFFERS                           ; OFF          ; IGNORE_CARRY                             ;
; AUTO_CASCADE_CHAINS                            ; ON           ; AUTO_CASCADE                             ;
; IGNORE_CASCADE_BUFFERS                         ; OFF          ; IGNORE_CASCADE                           ;
; LPM_WIDTHA                                     ; 9            ; Untyped                                  ;
; LPM_WIDTHB                                     ; 9            ; Untyped                                  ;
; LPM_WIDTHP                                     ; 18           ; Untyped                                  ;
; LPM_WIDTHR                                     ; 18           ; Untyped                                  ;
; LPM_WIDTHS                                     ; 1            ; Untyped                                  ;
; LPM_REPRESENTATION                             ; SIGNED       ; Untyped                                  ;
; LPM_PIPELINE                                   ; 0            ; Untyped                                  ;
; LATENCY                                        ; 0            ; Untyped                                  ;
; INPUT_A_IS_CONSTANT                            ; NO           ; Untyped                                  ;
; INPUT_B_IS_CONSTANT                            ; NO           ; Untyped                                  ;
; USE_EAB                                        ; OFF          ; Untyped                                  ;
; MAXIMIZE_SPEED                                 ; 5            ; Untyped                                  ;
; DEVICE_FAMILY                                  ; Cyclone IV E ; Untyped                                  ;
; CARRY_CHAIN                                    ; MANUAL       ; Untyped                                  ;
; APEX20K_TECHNOLOGY_MAPPER                      ; LUT          ; TECH_MAPPER_APEX20K                      ;
; DEDICATED_MULTIPLIER_CIRCUITRY                 ; AUTO         ; Untyped                                  ;
; DEDICATED_MULTIPLIER_MIN_INPUT_WIDTH_FOR_AUTO  ; 0            ; Untyped                                  ;
; DEDICATED_MULTIPLIER_MIN_OUTPUT_WIDTH_FOR_AUTO ; 0            ; Untyped                                  ;
; CBXI_PARAMETER                                 ; mult_b3t     ; Untyped                                  ;
; INPUT_A_FIXED_VALUE                            ; Bx           ; Untyped                                  ;
; INPUT_B_FIXED_VALUE                            ; Bx           ; Untyped                                  ;
; USE_AHDL_IMPLEMENTATION                        ; OFF          ; Untyped                                  ;
+------------------------------------------------+--------------+------------------------------------------+
Note: In order to hide this table in the UI and the text report file, please set the "Show Parameter Settings in Synthesis Report" option in "Analysis and Synthesis Settings -> More Settings" to "Off".


+-------------------------------------------------------------------------------------------------+
; Parameter Settings for Inferred Entity Instance: ContrastEnhancer:contrast_inst|lpm_divide:Div4 ;
+------------------------+----------------+-------------------------------------------------------+
; Parameter Name         ; Value          ; Type                                                  ;
+------------------------+----------------+-------------------------------------------------------+
; LPM_WIDTHN             ; 12             ; Untyped                                               ;
; LPM_WIDTHD             ; 4              ; Untyped                                               ;
; LPM_NREPRESENTATION    ; UNSIGNED       ; Untyped                                               ;
; LPM_DREPRESENTATION    ; UNSIGNED       ; Untyped                                               ;
; LPM_PIPELINE           ; 0              ; Untyped                                               ;
; LPM_REMAINDERPOSITIVE  ; TRUE           ; Untyped                                               ;
; MAXIMIZE_SPEED         ; 5              ; Untyped                                               ;
; CBXI_PARAMETER         ; lpm_divide_uim ; Untyped                                               ;
; CARRY_CHAIN            ; MANUAL         ; Untyped                                               ;
; OPTIMIZE_FOR_SPEED     ; 5              ; Untyped                                               ;
; AUTO_CARRY_CHAINS      ; ON             ; AUTO_CARRY                                            ;
; IGNORE_CARRY_BUFFERS   ; OFF            ; IGNORE_CARRY                                          ;
; AUTO_CASCADE_CHAINS    ; ON             ; AUTO_CASCADE                                          ;
; IGNORE_CASCADE_BUFFERS ; OFF            ; IGNORE_CASCADE                                        ;
+------------------------+----------------+-------------------------------------------------------+
Note: In order to hide this table in the UI and the text report file, please set the "Show Parameter Settings in Synthesis Report" option in "Analysis and Synthesis Settings -> More Settings" to "Off".


+-------------------------------------------------------------------------------------------------+
; Parameter Settings for Inferred Entity Instance: ContrastEnhancer:contrast_inst|lpm_divide:Div1 ;
+------------------------+----------------+-------------------------------------------------------+
; Parameter Name         ; Value          ; Type                                                  ;
+------------------------+----------------+-------------------------------------------------------+
; LPM_WIDTHN             ; 13             ; Untyped                                               ;
; LPM_WIDTHD             ; 4              ; Untyped                                               ;
; LPM_NREPRESENTATION    ; UNSIGNED       ; Untyped                                               ;
; LPM_DREPRESENTATION    ; UNSIGNED       ; Untyped                                               ;
; LPM_PIPELINE           ; 0              ; Untyped                                               ;
; LPM_REMAINDERPOSITIVE  ; TRUE           ; Untyped                                               ;
; MAXIMIZE_SPEED         ; 5              ; Untyped                                               ;
; CBXI_PARAMETER         ; lpm_divide_vim ; Untyped                                               ;
; CARRY_CHAIN            ; MANUAL         ; Untyped                                               ;
; OPTIMIZE_FOR_SPEED     ; 5              ; Untyped                                               ;
; AUTO_CARRY_CHAINS      ; ON             ; AUTO_CARRY                                            ;
; IGNORE_CARRY_BUFFERS   ; OFF            ; IGNORE_CARRY                                          ;
; AUTO_CASCADE_CHAINS    ; ON             ; AUTO_CASCADE                                          ;
; IGNORE_CASCADE_BUFFERS ; OFF            ; IGNORE_CASCADE                                        ;
+------------------------+----------------+-------------------------------------------------------+
Note: In order to hide this table in the UI and the text report file, please set the "Show Parameter Settings in Synthesis Report" option in "Analysis and Synthesis Settings -> More Settings" to "Off".


+----------------------------------------------------------------------------------------------------------+
; Parameter Settings for Inferred Entity Instance: nearest_centroid_segment:ncentroid_inst|lpm_mult:Mult28 ;
+------------------------------------------------+--------------+------------------------------------------+
; Parameter Name                                 ; Value        ; Type                                     ;
+------------------------------------------------+--------------+------------------------------------------+
; AUTO_CARRY_CHAINS                              ; ON           ; AUTO_CARRY                               ;
; IGNORE_CARRY_BUFFERS                           ; OFF          ; IGNORE_CARRY                             ;
; AUTO_CASCADE_CHAINS                            ; ON           ; AUTO_CASCADE                             ;
; IGNORE_CASCADE_BUFFERS                         ; OFF          ; IGNORE_CASCADE                           ;
; LPM_WIDTHA                                     ; 9            ; Untyped                                  ;
; LPM_WIDTHB                                     ; 9            ; Untyped                                  ;
; LPM_WIDTHP                                     ; 18           ; Untyped                                  ;
; LPM_WIDTHR                                     ; 18           ; Untyped                                  ;
; LPM_WIDTHS                                     ; 1            ; Untyped                                  ;
; LPM_REPRESENTATION                             ; SIGNED       ; Untyped                                  ;
; LPM_PIPELINE                                   ; 0            ; Untyped                                  ;
; LATENCY                                        ; 0            ; Untyped                                  ;
; INPUT_A_IS_CONSTANT                            ; NO           ; Untyped                                  ;
; INPUT_B_IS_CONSTANT                            ; NO           ; Untyped                                  ;
; USE_EAB                                        ; OFF          ; Untyped                                  ;
; MAXIMIZE_SPEED                                 ; 5            ; Untyped                                  ;
; DEVICE_FAMILY                                  ; Cyclone IV E ; Untyped                                  ;
; CARRY_CHAIN                                    ; MANUAL       ; Untyped                                  ;
; APEX20K_TECHNOLOGY_MAPPER                      ; LUT          ; TECH_MAPPER_APEX20K                      ;
; DEDICATED_MULTIPLIER_CIRCUITRY                 ; AUTO         ; Untyped                                  ;
; DEDICATED_MULTIPLIER_MIN_INPUT_WIDTH_FOR_AUTO  ; 0            ; Untyped                                  ;
; DEDICATED_MULTIPLIER_MIN_OUTPUT_WIDTH_FOR_AUTO ; 0            ; Untyped                                  ;
; CBXI_PARAMETER                                 ; mult_b3t     ; Untyped                                  ;
; INPUT_A_FIXED_VALUE                            ; Bx           ; Untyped                                  ;
; INPUT_B_FIXED_VALUE                            ; Bx           ; Untyped                                  ;
; USE_AHDL_IMPLEMENTATION                        ; OFF          ; Untyped                                  ;
+------------------------------------------------+--------------+------------------------------------------+
Note: In order to hide this table in the UI and the text report file, please set the "Show Parameter Settings in Synthesis Report" option in "Analysis and Synthesis Settings -> More Settings" to "Off".


+----------------------------------------------------------------------------------------------------------+
; Parameter Settings for Inferred Entity Instance: nearest_centroid_segment:ncentroid_inst|lpm_mult:Mult12 ;
+------------------------------------------------+--------------+------------------------------------------+
; Parameter Name                                 ; Value        ; Type                                     ;
+------------------------------------------------+--------------+------------------------------------------+
; AUTO_CARRY_CHAINS                              ; ON           ; AUTO_CARRY                               ;
; IGNORE_CARRY_BUFFERS                           ; OFF          ; IGNORE_CARRY                             ;
; AUTO_CASCADE_CHAINS                            ; ON           ; AUTO_CASCADE                             ;
; IGNORE_CASCADE_BUFFERS                         ; OFF          ; IGNORE_CASCADE                           ;
; LPM_WIDTHA                                     ; 9            ; Untyped                                  ;
; LPM_WIDTHB                                     ; 9            ; Untyped                                  ;
; LPM_WIDTHP                                     ; 18           ; Untyped                                  ;
; LPM_WIDTHR                                     ; 18           ; Untyped                                  ;
; LPM_WIDTHS                                     ; 1            ; Untyped                                  ;
; LPM_REPRESENTATION                             ; SIGNED       ; Untyped                                  ;
; LPM_PIPELINE                                   ; 0            ; Untyped                                  ;
; LATENCY                                        ; 0            ; Untyped                                  ;
; INPUT_A_IS_CONSTANT                            ; NO           ; Untyped                                  ;
; INPUT_B_IS_CONSTANT                            ; NO           ; Untyped                                  ;
; USE_EAB                                        ; OFF          ; Untyped                                  ;
; MAXIMIZE_SPEED                                 ; 5            ; Untyped                                  ;
; DEVICE_FAMILY                                  ; Cyclone IV E ; Untyped                                  ;
; CARRY_CHAIN                                    ; MANUAL       ; Untyped                                  ;
; APEX20K_TECHNOLOGY_MAPPER                      ; LUT          ; TECH_MAPPER_APEX20K                      ;
; DEDICATED_MULTIPLIER_CIRCUITRY                 ; AUTO         ; Untyped                                  ;
; DEDICATED_MULTIPLIER_MIN_INPUT_WIDTH_FOR_AUTO  ; 0            ; Untyped                                  ;
; DEDICATED_MULTIPLIER_MIN_OUTPUT_WIDTH_FOR_AUTO ; 0            ; Untyped                                  ;
; CBXI_PARAMETER                                 ; mult_b3t     ; Untyped                                  ;
; INPUT_A_FIXED_VALUE                            ; Bx           ; Untyped                                  ;
; INPUT_B_FIXED_VALUE                            ; Bx           ; Untyped                                  ;
; USE_AHDL_IMPLEMENTATION                        ; OFF          ; Untyped                                  ;
+------------------------------------------------+--------------+------------------------------------------+
Note: In order to hide this table in the UI and the text report file, please set the "Show Parameter Settings in Synthesis Report" option in "Analysis and Synthesis Settings -> More Settings" to "Off".


+---------------------------------------------------------------------------------------------------------+
; Parameter Settings for Inferred Entity Instance: nearest_centroid_segment:ncentroid_inst|lpm_mult:Mult0 ;
+------------------------------------------------+--------------+-----------------------------------------+
; Parameter Name                                 ; Value        ; Type                                    ;
+------------------------------------------------+--------------+-----------------------------------------+
; AUTO_CARRY_CHAINS                              ; ON           ; AUTO_CARRY                              ;
; IGNORE_CARRY_BUFFERS                           ; OFF          ; IGNORE_CARRY                            ;
; AUTO_CASCADE_CHAINS                            ; ON           ; AUTO_CASCADE                            ;
; IGNORE_CASCADE_BUFFERS                         ; OFF          ; IGNORE_CASCADE                          ;
; LPM_WIDTHA                                     ; 9            ; Untyped                                 ;
; LPM_WIDTHB                                     ; 9            ; Untyped                                 ;
; LPM_WIDTHP                                     ; 18           ; Untyped                                 ;
; LPM_WIDTHR                                     ; 18           ; Untyped                                 ;
; LPM_WIDTHS                                     ; 1            ; Untyped                                 ;
; LPM_REPRESENTATION                             ; SIGNED       ; Untyped                                 ;
; LPM_PIPELINE                                   ; 0            ; Untyped                                 ;
; LATENCY                                        ; 0            ; Untyped                                 ;
; INPUT_A_IS_CONSTANT                            ; NO           ; Untyped                                 ;
; INPUT_B_IS_CONSTANT                            ; NO           ; Untyped                                 ;
; USE_EAB                                        ; OFF          ; Untyped                                 ;
; MAXIMIZE_SPEED                                 ; 5            ; Untyped                                 ;
; DEVICE_FAMILY                                  ; Cyclone IV E ; Untyped                                 ;
; CARRY_CHAIN                                    ; MANUAL       ; Untyped                                 ;
; APEX20K_TECHNOLOGY_MAPPER                      ; LUT          ; TECH_MAPPER_APEX20K                     ;
; DEDICATED_MULTIPLIER_CIRCUITRY                 ; AUTO         ; Untyped                                 ;
; DEDICATED_MULTIPLIER_MIN_INPUT_WIDTH_FOR_AUTO  ; 0            ; Untyped                                 ;
; DEDICATED_MULTIPLIER_MIN_OUTPUT_WIDTH_FOR_AUTO ; 0            ; Untyped                                 ;
; CBXI_PARAMETER                                 ; mult_b3t     ; Untyped                                 ;
; INPUT_A_FIXED_VALUE                            ; Bx           ; Untyped                                 ;
; INPUT_B_FIXED_VALUE                            ; Bx           ; Untyped                                 ;
; USE_AHDL_IMPLEMENTATION                        ; OFF          ; Untyped                                 ;
+------------------------------------------------+--------------+-----------------------------------------+
Note: In order to hide this table in the UI and the text report file, please set the "Show Parameter Settings in Synthesis Report" option in "Analysis and Synthesis Settings -> More Settings" to "Off".


+---------------------------------------------------------------------------------------------------------+
; Parameter Settings for Inferred Entity Instance: nearest_centroid_segment:ncentroid_inst|lpm_mult:Mult1 ;
+------------------------------------------------+--------------+-----------------------------------------+
; Parameter Name                                 ; Value        ; Type                                    ;
+------------------------------------------------+--------------+-----------------------------------------+
; AUTO_CARRY_CHAINS                              ; ON           ; AUTO_CARRY                              ;
; IGNORE_CARRY_BUFFERS                           ; OFF          ; IGNORE_CARRY                            ;
; AUTO_CASCADE_CHAINS                            ; ON           ; AUTO_CASCADE                            ;
; IGNORE_CASCADE_BUFFERS                         ; OFF          ; IGNORE_CASCADE                          ;
; LPM_WIDTHA                                     ; 9            ; Untyped                                 ;
; LPM_WIDTHB                                     ; 9            ; Untyped                                 ;
; LPM_WIDTHP                                     ; 18           ; Untyped                                 ;
; LPM_WIDTHR                                     ; 18           ; Untyped                                 ;
; LPM_WIDTHS                                     ; 1            ; Untyped                                 ;
; LPM_REPRESENTATION                             ; SIGNED       ; Untyped                                 ;
; LPM_PIPELINE                                   ; 0            ; Untyped                                 ;
; LATENCY                                        ; 0            ; Untyped                                 ;
; INPUT_A_IS_CONSTANT                            ; NO           ; Untyped                                 ;
; INPUT_B_IS_CONSTANT                            ; NO           ; Untyped                                 ;
; USE_EAB                                        ; OFF          ; Untyped                                 ;
; MAXIMIZE_SPEED                                 ; 5            ; Untyped                                 ;
; DEVICE_FAMILY                                  ; Cyclone IV E ; Untyped                                 ;
; CARRY_CHAIN                                    ; MANUAL       ; Untyped                                 ;
; APEX20K_TECHNOLOGY_MAPPER                      ; LUT          ; TECH_MAPPER_APEX20K                     ;
; DEDICATED_MULTIPLIER_CIRCUITRY                 ; AUTO         ; Untyped                                 ;
; DEDICATED_MULTIPLIER_MIN_INPUT_WIDTH_FOR_AUTO  ; 0            ; Untyped                                 ;
; DEDICATED_MULTIPLIER_MIN_OUTPUT_WIDTH_FOR_AUTO ; 0            ; Untyped                                 ;
; CBXI_PARAMETER                                 ; mult_b3t     ; Untyped                                 ;
; INPUT_A_FIXED_VALUE                            ; Bx           ; Untyped                                 ;
; INPUT_B_FIXED_VALUE                            ; Bx           ; Untyped                                 ;
; USE_AHDL_IMPLEMENTATION                        ; OFF          ; Untyped                                 ;
+------------------------------------------------+--------------+-----------------------------------------+
Note: In order to hide this table in the UI and the text report file, please set the "Show Parameter Settings in Synthesis Report" option in "Analysis and Synthesis Settings -> More Settings" to "Off".


+-------------------------------------------------------------------------------------------------+
; Parameter Settings for Inferred Entity Instance: ContrastEnhancer:contrast_inst|lpm_divide:Div0 ;
+------------------------+----------------+-------------------------------------------------------+
; Parameter Name         ; Value          ; Type                                                  ;
+------------------------+----------------+-------------------------------------------------------+
; LPM_WIDTHN             ; 13             ; Untyped                                               ;
; LPM_WIDTHD             ; 4              ; Untyped                                               ;
; LPM_NREPRESENTATION    ; UNSIGNED       ; Untyped                                               ;
; LPM_DREPRESENTATION    ; UNSIGNED       ; Untyped                                               ;
; LPM_PIPELINE           ; 0              ; Untyped                                               ;
; LPM_REMAINDERPOSITIVE  ; TRUE           ; Untyped                                               ;
; MAXIMIZE_SPEED         ; 5              ; Untyped                                               ;
; CBXI_PARAMETER         ; lpm_divide_vim ; Untyped                                               ;
; CARRY_CHAIN            ; MANUAL         ; Untyped                                               ;
; OPTIMIZE_FOR_SPEED     ; 5              ; Untyped                                               ;
; AUTO_CARRY_CHAINS      ; ON             ; AUTO_CARRY                                            ;
; IGNORE_CARRY_BUFFERS   ; OFF            ; IGNORE_CARRY                                          ;
; AUTO_CASCADE_CHAINS    ; ON             ; AUTO_CASCADE                                          ;
; IGNORE_CASCADE_BUFFERS ; OFF            ; IGNORE_CASCADE                                        ;
+------------------------+----------------+-------------------------------------------------------+
Note: In order to hide this table in the UI and the text report file, please set the "Show Parameter Settings in Synthesis Report" option in "Analysis and Synthesis Settings -> More Settings" to "Off".


+-------------------------------------------------------------------------------------------------+
; Parameter Settings for Inferred Entity Instance: ContrastEnhancer:contrast_inst|lpm_divide:Div3 ;
+------------------------+----------------+-------------------------------------------------------+
; Parameter Name         ; Value          ; Type                                                  ;
+------------------------+----------------+-------------------------------------------------------+
; LPM_WIDTHN             ; 12             ; Untyped                                               ;
; LPM_WIDTHD             ; 4              ; Untyped                                               ;
; LPM_NREPRESENTATION    ; UNSIGNED       ; Untyped                                               ;
; LPM_DREPRESENTATION    ; UNSIGNED       ; Untyped                                               ;
; LPM_PIPELINE           ; 0              ; Untyped                                               ;
; LPM_REMAINDERPOSITIVE  ; TRUE           ; Untyped                                               ;
; MAXIMIZE_SPEED         ; 5              ; Untyped                                               ;
; CBXI_PARAMETER         ; lpm_divide_uim ; Untyped                                               ;
; CARRY_CHAIN            ; MANUAL         ; Untyped                                               ;
; OPTIMIZE_FOR_SPEED     ; 5              ; Untyped                                               ;
; AUTO_CARRY_CHAINS      ; ON             ; AUTO_CARRY                                            ;
; IGNORE_CARRY_BUFFERS   ; OFF            ; IGNORE_CARRY                                          ;
; AUTO_CASCADE_CHAINS    ; ON             ; AUTO_CASCADE                                          ;
; IGNORE_CASCADE_BUFFERS ; OFF            ; IGNORE_CASCADE                                        ;
+------------------------+----------------+-------------------------------------------------------+
Note: In order to hide this table in the UI and the text report file, please set the "Show Parameter Settings in Synthesis Report" option in "Analysis and Synthesis Settings -> More Settings" to "Off".


+---------------------------------------------------------------------------------------------------------+
; Parameter Settings for Inferred Entity Instance: nearest_centroid_segment:ncentroid_inst|lpm_mult:Mult3 ;
+------------------------------------------------+--------------+-----------------------------------------+
; Parameter Name                                 ; Value        ; Type                                    ;
+------------------------------------------------+--------------+-----------------------------------------+
; AUTO_CARRY_CHAINS                              ; ON           ; AUTO_CARRY                              ;
; IGNORE_CARRY_BUFFERS                           ; OFF          ; IGNORE_CARRY                            ;
; AUTO_CASCADE_CHAINS                            ; ON           ; AUTO_CASCADE                            ;
; IGNORE_CASCADE_BUFFERS                         ; OFF          ; IGNORE_CASCADE                          ;
; LPM_WIDTHA                                     ; 9            ; Untyped                                 ;
; LPM_WIDTHB                                     ; 9            ; Untyped                                 ;
; LPM_WIDTHP                                     ; 18           ; Untyped                                 ;
; LPM_WIDTHR                                     ; 18           ; Untyped                                 ;
; LPM_WIDTHS                                     ; 1            ; Untyped                                 ;
; LPM_REPRESENTATION                             ; SIGNED       ; Untyped                                 ;
; LPM_PIPELINE                                   ; 0            ; Untyped                                 ;
; LATENCY                                        ; 0            ; Untyped                                 ;
; INPUT_A_IS_CONSTANT                            ; NO           ; Untyped                                 ;
; INPUT_B_IS_CONSTANT                            ; NO           ; Untyped                                 ;
; USE_EAB                                        ; OFF          ; Untyped                                 ;
; MAXIMIZE_SPEED                                 ; 5            ; Untyped                                 ;
; DEVICE_FAMILY                                  ; Cyclone IV E ; Untyped                                 ;
; CARRY_CHAIN                                    ; MANUAL       ; Untyped                                 ;
; APEX20K_TECHNOLOGY_MAPPER                      ; LUT          ; TECH_MAPPER_APEX20K                     ;
; DEDICATED_MULTIPLIER_CIRCUITRY                 ; AUTO         ; Untyped                                 ;
; DEDICATED_MULTIPLIER_MIN_INPUT_WIDTH_FOR_AUTO  ; 0            ; Untyped                                 ;
; DEDICATED_MULTIPLIER_MIN_OUTPUT_WIDTH_FOR_AUTO ; 0            ; Untyped                                 ;
; CBXI_PARAMETER                                 ; mult_b3t     ; Untyped                                 ;
; INPUT_A_FIXED_VALUE                            ; Bx           ; Untyped                                 ;
; INPUT_B_FIXED_VALUE                            ; Bx           ; Untyped                                 ;
; USE_AHDL_IMPLEMENTATION                        ; OFF          ; Untyped                                 ;
+------------------------------------------------+--------------+-----------------------------------------+
Note: In order to hide this table in the UI and the text report file, please set the "Show Parameter Settings in Synthesis Report" option in "Analysis and Synthesis Settings -> More Settings" to "Off".


+---------------------------------------------------------------------------------------------------------+
; Parameter Settings for Inferred Entity Instance: nearest_centroid_segment:ncentroid_inst|lpm_mult:Mult4 ;
+------------------------------------------------+--------------+-----------------------------------------+
; Parameter Name                                 ; Value        ; Type                                    ;
+------------------------------------------------+--------------+-----------------------------------------+
; AUTO_CARRY_CHAINS                              ; ON           ; AUTO_CARRY                              ;
; IGNORE_CARRY_BUFFERS                           ; OFF          ; IGNORE_CARRY                            ;
; AUTO_CASCADE_CHAINS                            ; ON           ; AUTO_CASCADE                            ;
; IGNORE_CASCADE_BUFFERS                         ; OFF          ; IGNORE_CASCADE                          ;
; LPM_WIDTHA                                     ; 9            ; Untyped                                 ;
; LPM_WIDTHB                                     ; 9            ; Untyped                                 ;
; LPM_WIDTHP                                     ; 18           ; Untyped                                 ;
; LPM_WIDTHR                                     ; 18           ; Untyped                                 ;
; LPM_WIDTHS                                     ; 1            ; Untyped                                 ;
; LPM_REPRESENTATION                             ; SIGNED       ; Untyped                                 ;
; LPM_PIPELINE                                   ; 0            ; Untyped                                 ;
; LATENCY                                        ; 0            ; Untyped                                 ;
; INPUT_A_IS_CONSTANT                            ; NO           ; Untyped                                 ;
; INPUT_B_IS_CONSTANT                            ; NO           ; Untyped                                 ;
; USE_EAB                                        ; OFF          ; Untyped                                 ;
; MAXIMIZE_SPEED                                 ; 5            ; Untyped                                 ;
; DEVICE_FAMILY                                  ; Cyclone IV E ; Untyped                                 ;
; CARRY_CHAIN                                    ; MANUAL       ; Untyped                                 ;
; APEX20K_TECHNOLOGY_MAPPER                      ; LUT          ; TECH_MAPPER_APEX20K                     ;
; DEDICATED_MULTIPLIER_CIRCUITRY                 ; AUTO         ; Untyped                                 ;
; DEDICATED_MULTIPLIER_MIN_INPUT_WIDTH_FOR_AUTO  ; 0            ; Untyped                                 ;
; DEDICATED_MULTIPLIER_MIN_OUTPUT_WIDTH_FOR_AUTO ; 0            ; Untyped                                 ;
; CBXI_PARAMETER                                 ; mult_b3t     ; Untyped                                 ;
; INPUT_A_FIXED_VALUE                            ; Bx           ; Untyped                                 ;
; INPUT_B_FIXED_VALUE                            ; Bx           ; Untyped                                 ;
; USE_AHDL_IMPLEMENTATION                        ; OFF          ; Untyped                                 ;
+------------------------------------------------+--------------+-----------------------------------------+
Note: In order to hide this table in the UI and the text report file, please set the "Show Parameter Settings in Synthesis Report" option in "Analysis and Synthesis Settings -> More Settings" to "Off".


+---------------------------------------------------------------------------------------------------------+
; Parameter Settings for Inferred Entity Instance: nearest_centroid_segment:ncentroid_inst|lpm_mult:Mult6 ;
+------------------------------------------------+--------------+-----------------------------------------+
; Parameter Name                                 ; Value        ; Type                                    ;
+------------------------------------------------+--------------+-----------------------------------------+
; AUTO_CARRY_CHAINS                              ; ON           ; AUTO_CARRY                              ;
; IGNORE_CARRY_BUFFERS                           ; OFF          ; IGNORE_CARRY                            ;
; AUTO_CASCADE_CHAINS                            ; ON           ; AUTO_CASCADE                            ;
; IGNORE_CASCADE_BUFFERS                         ; OFF          ; IGNORE_CASCADE                          ;
; LPM_WIDTHA                                     ; 9            ; Untyped                                 ;
; LPM_WIDTHB                                     ; 9            ; Untyped                                 ;
; LPM_WIDTHP                                     ; 18           ; Untyped                                 ;
; LPM_WIDTHR                                     ; 18           ; Untyped                                 ;
; LPM_WIDTHS                                     ; 1            ; Untyped                                 ;
; LPM_REPRESENTATION                             ; SIGNED       ; Untyped                                 ;
; LPM_PIPELINE                                   ; 0            ; Untyped                                 ;
; LATENCY                                        ; 0            ; Untyped                                 ;
; INPUT_A_IS_CONSTANT                            ; NO           ; Untyped                                 ;
; INPUT_B_IS_CONSTANT                            ; NO           ; Untyped                                 ;
; USE_EAB                                        ; OFF          ; Untyped                                 ;
; MAXIMIZE_SPEED                                 ; 5            ; Untyped                                 ;
; DEVICE_FAMILY                                  ; Cyclone IV E ; Untyped                                 ;
; CARRY_CHAIN                                    ; MANUAL       ; Untyped                                 ;
; APEX20K_TECHNOLOGY_MAPPER                      ; LUT          ; TECH_MAPPER_APEX20K                     ;
; DEDICATED_MULTIPLIER_CIRCUITRY                 ; AUTO         ; Untyped                                 ;
; DEDICATED_MULTIPLIER_MIN_INPUT_WIDTH_FOR_AUTO  ; 0            ; Untyped                                 ;
; DEDICATED_MULTIPLIER_MIN_OUTPUT_WIDTH_FOR_AUTO ; 0            ; Untyped                                 ;
; CBXI_PARAMETER                                 ; mult_b3t     ; Untyped                                 ;
; INPUT_A_FIXED_VALUE                            ; Bx           ; Untyped                                 ;
; INPUT_B_FIXED_VALUE                            ; Bx           ; Untyped                                 ;
; USE_AHDL_IMPLEMENTATION                        ; OFF          ; Untyped                                 ;
+------------------------------------------------+--------------+-----------------------------------------+
Note: In order to hide this table in the UI and the text report file, please set the "Show Parameter Settings in Synthesis Report" option in "Analysis and Synthesis Settings -> More Settings" to "Off".


+---------------------------------------------------------------------------------------------------------+
; Parameter Settings for Inferred Entity Instance: nearest_centroid_segment:ncentroid_inst|lpm_mult:Mult7 ;
+------------------------------------------------+--------------+-----------------------------------------+
; Parameter Name                                 ; Value        ; Type                                    ;
+------------------------------------------------+--------------+-----------------------------------------+
; AUTO_CARRY_CHAINS                              ; ON           ; AUTO_CARRY                              ;
; IGNORE_CARRY_BUFFERS                           ; OFF          ; IGNORE_CARRY                            ;
; AUTO_CASCADE_CHAINS                            ; ON           ; AUTO_CASCADE                            ;
; IGNORE_CASCADE_BUFFERS                         ; OFF          ; IGNORE_CASCADE                          ;
; LPM_WIDTHA                                     ; 9            ; Untyped                                 ;
; LPM_WIDTHB                                     ; 9            ; Untyped                                 ;
; LPM_WIDTHP                                     ; 18           ; Untyped                                 ;
; LPM_WIDTHR                                     ; 18           ; Untyped                                 ;
; LPM_WIDTHS                                     ; 1            ; Untyped                                 ;
; LPM_REPRESENTATION                             ; SIGNED       ; Untyped                                 ;
; LPM_PIPELINE                                   ; 0            ; Untyped                                 ;
; LATENCY                                        ; 0            ; Untyped                                 ;
; INPUT_A_IS_CONSTANT                            ; NO           ; Untyped                                 ;
; INPUT_B_IS_CONSTANT                            ; NO           ; Untyped                                 ;
; USE_EAB                                        ; OFF          ; Untyped                                 ;
; MAXIMIZE_SPEED                                 ; 5            ; Untyped                                 ;
; DEVICE_FAMILY                                  ; Cyclone IV E ; Untyped                                 ;
; CARRY_CHAIN                                    ; MANUAL       ; Untyped                                 ;
; APEX20K_TECHNOLOGY_MAPPER                      ; LUT          ; TECH_MAPPER_APEX20K                     ;
; DEDICATED_MULTIPLIER_CIRCUITRY                 ; AUTO         ; Untyped                                 ;
; DEDICATED_MULTIPLIER_MIN_INPUT_WIDTH_FOR_AUTO  ; 0            ; Untyped                                 ;
; DEDICATED_MULTIPLIER_MIN_OUTPUT_WIDTH_FOR_AUTO ; 0            ; Untyped                                 ;
; CBXI_PARAMETER                                 ; mult_b3t     ; Untyped                                 ;
; INPUT_A_FIXED_VALUE                            ; Bx           ; Untyped                                 ;
; INPUT_B_FIXED_VALUE                            ; Bx           ; Untyped                                 ;
; USE_AHDL_IMPLEMENTATION                        ; OFF          ; Untyped                                 ;
+------------------------------------------------+--------------+-----------------------------------------+
Note: In order to hide this table in the UI and the text report file, please set the "Show Parameter Settings in Synthesis Report" option in "Analysis and Synthesis Settings -> More Settings" to "Off".


+---------------------------------------------------------------------------------------------------------+
; Parameter Settings for Inferred Entity Instance: nearest_centroid_segment:ncentroid_inst|lpm_mult:Mult9 ;
+------------------------------------------------+--------------+-----------------------------------------+
; Parameter Name                                 ; Value        ; Type                                    ;
+------------------------------------------------+--------------+-----------------------------------------+
; AUTO_CARRY_CHAINS                              ; ON           ; AUTO_CARRY                              ;
; IGNORE_CARRY_BUFFERS                           ; OFF          ; IGNORE_CARRY                            ;
; AUTO_CASCADE_CHAINS                            ; ON           ; AUTO_CASCADE                            ;
; IGNORE_CASCADE_BUFFERS                         ; OFF          ; IGNORE_CASCADE                          ;
; LPM_WIDTHA                                     ; 9            ; Untyped                                 ;
; LPM_WIDTHB                                     ; 9            ; Untyped                                 ;
; LPM_WIDTHP                                     ; 18           ; Untyped                                 ;
; LPM_WIDTHR                                     ; 18           ; Untyped                                 ;
; LPM_WIDTHS                                     ; 1            ; Untyped                                 ;
; LPM_REPRESENTATION                             ; SIGNED       ; Untyped                                 ;
; LPM_PIPELINE                                   ; 0            ; Untyped                                 ;
; LATENCY                                        ; 0            ; Untyped                                 ;
; INPUT_A_IS_CONSTANT                            ; NO           ; Untyped                                 ;
; INPUT_B_IS_CONSTANT                            ; NO           ; Untyped                                 ;
; USE_EAB                                        ; OFF          ; Untyped                                 ;
; MAXIMIZE_SPEED                                 ; 5            ; Untyped                                 ;
; DEVICE_FAMILY                                  ; Cyclone IV E ; Untyped                                 ;
; CARRY_CHAIN                                    ; MANUAL       ; Untyped                                 ;
; APEX20K_TECHNOLOGY_MAPPER                      ; LUT          ; TECH_MAPPER_APEX20K                     ;
; DEDICATED_MULTIPLIER_CIRCUITRY                 ; AUTO         ; Untyped                                 ;
; DEDICATED_MULTIPLIER_MIN_INPUT_WIDTH_FOR_AUTO  ; 0            ; Untyped                                 ;
; DEDICATED_MULTIPLIER_MIN_OUTPUT_WIDTH_FOR_AUTO ; 0            ; Untyped                                 ;
; CBXI_PARAMETER                                 ; mult_b3t     ; Untyped                                 ;
; INPUT_A_FIXED_VALUE                            ; Bx           ; Untyped                                 ;
; INPUT_B_FIXED_VALUE                            ; Bx           ; Untyped                                 ;
; USE_AHDL_IMPLEMENTATION                        ; OFF          ; Untyped                                 ;
+------------------------------------------------+--------------+-----------------------------------------+
Note: In order to hide this table in the UI and the text report file, please set the "Show Parameter Settings in Synthesis Report" option in "Analysis and Synthesis Settings -> More Settings" to "Off".


+----------------------------------------------------------------------------------------------------------+
; Parameter Settings for Inferred Entity Instance: nearest_centroid_segment:ncentroid_inst|lpm_mult:Mult10 ;
+------------------------------------------------+--------------+------------------------------------------+
; Parameter Name                                 ; Value        ; Type                                     ;
+------------------------------------------------+--------------+------------------------------------------+
; AUTO_CARRY_CHAINS                              ; ON           ; AUTO_CARRY                               ;
; IGNORE_CARRY_BUFFERS                           ; OFF          ; IGNORE_CARRY                             ;
; AUTO_CASCADE_CHAINS                            ; ON           ; AUTO_CASCADE                             ;
; IGNORE_CASCADE_BUFFERS                         ; OFF          ; IGNORE_CASCADE                           ;
; LPM_WIDTHA                                     ; 9            ; Untyped                                  ;
; LPM_WIDTHB                                     ; 9            ; Untyped                                  ;
; LPM_WIDTHP                                     ; 18           ; Untyped                                  ;
; LPM_WIDTHR                                     ; 18           ; Untyped                                  ;
; LPM_WIDTHS                                     ; 1            ; Untyped                                  ;
; LPM_REPRESENTATION                             ; SIGNED       ; Untyped                                  ;
; LPM_PIPELINE                                   ; 0            ; Untyped                                  ;
; LATENCY                                        ; 0            ; Untyped                                  ;
; INPUT_A_IS_CONSTANT                            ; NO           ; Untyped                                  ;
; INPUT_B_IS_CONSTANT                            ; NO           ; Untyped                                  ;
; USE_EAB                                        ; OFF          ; Untyped                                  ;
; MAXIMIZE_SPEED                                 ; 5            ; Untyped                                  ;
; DEVICE_FAMILY                                  ; Cyclone IV E ; Untyped                                  ;
; CARRY_CHAIN                                    ; MANUAL       ; Untyped                                  ;
; APEX20K_TECHNOLOGY_MAPPER                      ; LUT          ; TECH_MAPPER_APEX20K                      ;
; DEDICATED_MULTIPLIER_CIRCUITRY                 ; AUTO         ; Untyped                                  ;
; DEDICATED_MULTIPLIER_MIN_INPUT_WIDTH_FOR_AUTO  ; 0            ; Untyped                                  ;
; DEDICATED_MULTIPLIER_MIN_OUTPUT_WIDTH_FOR_AUTO ; 0            ; Untyped                                  ;
; CBXI_PARAMETER                                 ; mult_b3t     ; Untyped                                  ;
; INPUT_A_FIXED_VALUE                            ; Bx           ; Untyped                                  ;
; INPUT_B_FIXED_VALUE                            ; Bx           ; Untyped                                  ;
; USE_AHDL_IMPLEMENTATION                        ; OFF          ; Untyped                                  ;
+------------------------------------------------+--------------+------------------------------------------+
Note: In order to hide this table in the UI and the text report file, please set the "Show Parameter Settings in Synthesis Report" option in "Analysis and Synthesis Settings -> More Settings" to "Off".


+----------------------------------------------------------------------------------------------------------+
; Parameter Settings for Inferred Entity Instance: nearest_centroid_segment:ncentroid_inst|lpm_mult:Mult13 ;
+------------------------------------------------+--------------+------------------------------------------+
; Parameter Name                                 ; Value        ; Type                                     ;
+------------------------------------------------+--------------+------------------------------------------+
; AUTO_CARRY_CHAINS                              ; ON           ; AUTO_CARRY                               ;
; IGNORE_CARRY_BUFFERS                           ; OFF          ; IGNORE_CARRY                             ;
; AUTO_CASCADE_CHAINS                            ; ON           ; AUTO_CASCADE                             ;
; IGNORE_CASCADE_BUFFERS                         ; OFF          ; IGNORE_CASCADE                           ;
; LPM_WIDTHA                                     ; 9            ; Untyped                                  ;
; LPM_WIDTHB                                     ; 9            ; Untyped                                  ;
; LPM_WIDTHP                                     ; 18           ; Untyped                                  ;
; LPM_WIDTHR                                     ; 18           ; Untyped                                  ;
; LPM_WIDTHS                                     ; 1            ; Untyped                                  ;
; LPM_REPRESENTATION                             ; SIGNED       ; Untyped                                  ;
; LPM_PIPELINE                                   ; 0            ; Untyped                                  ;
; LATENCY                                        ; 0            ; Untyped                                  ;
; INPUT_A_IS_CONSTANT                            ; NO           ; Untyped                                  ;
; INPUT_B_IS_CONSTANT                            ; NO           ; Untyped                                  ;
; USE_EAB                                        ; OFF          ; Untyped                                  ;
; MAXIMIZE_SPEED                                 ; 5            ; Untyped                                  ;
; DEVICE_FAMILY                                  ; Cyclone IV E ; Untyped                                  ;
; CARRY_CHAIN                                    ; MANUAL       ; Untyped                                  ;
; APEX20K_TECHNOLOGY_MAPPER                      ; LUT          ; TECH_MAPPER_APEX20K                      ;
; DEDICATED_MULTIPLIER_CIRCUITRY                 ; AUTO         ; Untyped                                  ;
; DEDICATED_MULTIPLIER_MIN_INPUT_WIDTH_FOR_AUTO  ; 0            ; Untyped                                  ;
; DEDICATED_MULTIPLIER_MIN_OUTPUT_WIDTH_FOR_AUTO ; 0            ; Untyped                                  ;
; CBXI_PARAMETER                                 ; mult_b3t     ; Untyped                                  ;
; INPUT_A_FIXED_VALUE                            ; Bx           ; Untyped                                  ;
; INPUT_B_FIXED_VALUE                            ; Bx           ; Untyped                                  ;
; USE_AHDL_IMPLEMENTATION                        ; OFF          ; Untyped                                  ;
+------------------------------------------------+--------------+------------------------------------------+
Note: In order to hide this table in the UI and the text report file, please set the "Show Parameter Settings in Synthesis Report" option in "Analysis and Synthesis Settings -> More Settings" to "Off".


+----------------------------------------------------------------------------------------------------------+
; Parameter Settings for Inferred Entity Instance: nearest_centroid_segment:ncentroid_inst|lpm_mult:Mult15 ;
+------------------------------------------------+--------------+------------------------------------------+
; Parameter Name                                 ; Value        ; Type                                     ;
+------------------------------------------------+--------------+------------------------------------------+
; AUTO_CARRY_CHAINS                              ; ON           ; AUTO_CARRY                               ;
; IGNORE_CARRY_BUFFERS                           ; OFF          ; IGNORE_CARRY                             ;
; AUTO_CASCADE_CHAINS                            ; ON           ; AUTO_CASCADE                             ;
; IGNORE_CASCADE_BUFFERS                         ; OFF          ; IGNORE_CASCADE                           ;
; LPM_WIDTHA                                     ; 9            ; Untyped                                  ;
; LPM_WIDTHB                                     ; 9            ; Untyped                                  ;
; LPM_WIDTHP                                     ; 18           ; Untyped                                  ;
; LPM_WIDTHR                                     ; 18           ; Untyped                                  ;
; LPM_WIDTHS                                     ; 1            ; Untyped                                  ;
; LPM_REPRESENTATION                             ; SIGNED       ; Untyped                                  ;
; LPM_PIPELINE                                   ; 0            ; Untyped                                  ;
; LATENCY                                        ; 0            ; Untyped                                  ;
; INPUT_A_IS_CONSTANT                            ; NO           ; Untyped                                  ;
; INPUT_B_IS_CONSTANT                            ; NO           ; Untyped                                  ;
; USE_EAB                                        ; OFF          ; Untyped                                  ;
; MAXIMIZE_SPEED                                 ; 5            ; Untyped                                  ;
; DEVICE_FAMILY                                  ; Cyclone IV E ; Untyped                                  ;
; CARRY_CHAIN                                    ; MANUAL       ; Untyped                                  ;
; APEX20K_TECHNOLOGY_MAPPER                      ; LUT          ; TECH_MAPPER_APEX20K                      ;
; DEDICATED_MULTIPLIER_CIRCUITRY                 ; AUTO         ; Untyped                                  ;
; DEDICATED_MULTIPLIER_MIN_INPUT_WIDTH_FOR_AUTO  ; 0            ; Untyped                                  ;
; DEDICATED_MULTIPLIER_MIN_OUTPUT_WIDTH_FOR_AUTO ; 0            ; Untyped                                  ;
; CBXI_PARAMETER                                 ; mult_b3t     ; Untyped                                  ;
; INPUT_A_FIXED_VALUE                            ; Bx           ; Untyped                                  ;
; INPUT_B_FIXED_VALUE                            ; Bx           ; Untyped                                  ;
; USE_AHDL_IMPLEMENTATION                        ; OFF          ; Untyped                                  ;
+------------------------------------------------+--------------+------------------------------------------+
Note: In order to hide this table in the UI and the text report file, please set the "Show Parameter Settings in Synthesis Report" option in "Analysis and Synthesis Settings -> More Settings" to "Off".


+----------------------------------------------------------------------------------------------------------+
; Parameter Settings for Inferred Entity Instance: nearest_centroid_segment:ncentroid_inst|lpm_mult:Mult16 ;
+------------------------------------------------+--------------+------------------------------------------+
; Parameter Name                                 ; Value        ; Type                                     ;
+------------------------------------------------+--------------+------------------------------------------+
; AUTO_CARRY_CHAINS                              ; ON           ; AUTO_CARRY                               ;
; IGNORE_CARRY_BUFFERS                           ; OFF          ; IGNORE_CARRY                             ;
; AUTO_CASCADE_CHAINS                            ; ON           ; AUTO_CASCADE                             ;
; IGNORE_CASCADE_BUFFERS                         ; OFF          ; IGNORE_CASCADE                           ;
; LPM_WIDTHA                                     ; 9            ; Untyped                                  ;
; LPM_WIDTHB                                     ; 9            ; Untyped                                  ;
; LPM_WIDTHP                                     ; 18           ; Untyped                                  ;
; LPM_WIDTHR                                     ; 18           ; Untyped                                  ;
; LPM_WIDTHS                                     ; 1            ; Untyped                                  ;
; LPM_REPRESENTATION                             ; SIGNED       ; Untyped                                  ;
; LPM_PIPELINE                                   ; 0            ; Untyped                                  ;
; LATENCY                                        ; 0            ; Untyped                                  ;
; INPUT_A_IS_CONSTANT                            ; NO           ; Untyped                                  ;
; INPUT_B_IS_CONSTANT                            ; NO           ; Untyped                                  ;
; USE_EAB                                        ; OFF          ; Untyped                                  ;
; MAXIMIZE_SPEED                                 ; 5            ; Untyped                                  ;
; DEVICE_FAMILY                                  ; Cyclone IV E ; Untyped                                  ;
; CARRY_CHAIN                                    ; MANUAL       ; Untyped                                  ;
; APEX20K_TECHNOLOGY_MAPPER                      ; LUT          ; TECH_MAPPER_APEX20K                      ;
; DEDICATED_MULTIPLIER_CIRCUITRY                 ; AUTO         ; Untyped                                  ;
; DEDICATED_MULTIPLIER_MIN_INPUT_WIDTH_FOR_AUTO  ; 0            ; Untyped                                  ;
; DEDICATED_MULTIPLIER_MIN_OUTPUT_WIDTH_FOR_AUTO ; 0            ; Untyped                                  ;
; CBXI_PARAMETER                                 ; mult_b3t     ; Untyped                                  ;
; INPUT_A_FIXED_VALUE                            ; Bx           ; Untyped                                  ;
; INPUT_B_FIXED_VALUE                            ; Bx           ; Untyped                                  ;
; USE_AHDL_IMPLEMENTATION                        ; OFF          ; Untyped                                  ;
+------------------------------------------------+--------------+------------------------------------------+
Note: In order to hide this table in the UI and the text report file, please set the "Show Parameter Settings in Synthesis Report" option in "Analysis and Synthesis Settings -> More Settings" to "Off".


+----------------------------------------------------------------------------------------------------------+
; Parameter Settings for Inferred Entity Instance: nearest_centroid_segment:ncentroid_inst|lpm_mult:Mult18 ;
+------------------------------------------------+--------------+------------------------------------------+
; Parameter Name                                 ; Value        ; Type                                     ;
+------------------------------------------------+--------------+------------------------------------------+
; AUTO_CARRY_CHAINS                              ; ON           ; AUTO_CARRY                               ;
; IGNORE_CARRY_BUFFERS                           ; OFF          ; IGNORE_CARRY                             ;
; AUTO_CASCADE_CHAINS                            ; ON           ; AUTO_CASCADE                             ;
; IGNORE_CASCADE_BUFFERS                         ; OFF          ; IGNORE_CASCADE                           ;
; LPM_WIDTHA                                     ; 9            ; Untyped                                  ;
; LPM_WIDTHB                                     ; 9            ; Untyped                                  ;
; LPM_WIDTHP                                     ; 18           ; Untyped                                  ;
; LPM_WIDTHR                                     ; 18           ; Untyped                                  ;
; LPM_WIDTHS                                     ; 1            ; Untyped                                  ;
; LPM_REPRESENTATION                             ; SIGNED       ; Untyped                                  ;
; LPM_PIPELINE                                   ; 0            ; Untyped                                  ;
; LATENCY                                        ; 0            ; Untyped                                  ;
; INPUT_A_IS_CONSTANT                            ; NO           ; Untyped                                  ;
; INPUT_B_IS_CONSTANT                            ; NO           ; Untyped                                  ;
; USE_EAB                                        ; OFF          ; Untyped                                  ;
; MAXIMIZE_SPEED                                 ; 5            ; Untyped                                  ;
; DEVICE_FAMILY                                  ; Cyclone IV E ; Untyped                                  ;
; CARRY_CHAIN                                    ; MANUAL       ; Untyped                                  ;
; APEX20K_TECHNOLOGY_MAPPER                      ; LUT          ; TECH_MAPPER_APEX20K                      ;
; DEDICATED_MULTIPLIER_CIRCUITRY                 ; AUTO         ; Untyped                                  ;
; DEDICATED_MULTIPLIER_MIN_INPUT_WIDTH_FOR_AUTO  ; 0            ; Untyped                                  ;
; DEDICATED_MULTIPLIER_MIN_OUTPUT_WIDTH_FOR_AUTO ; 0            ; Untyped                                  ;
; CBXI_PARAMETER                                 ; mult_b3t     ; Untyped                                  ;
; INPUT_A_FIXED_VALUE                            ; Bx           ; Untyped                                  ;
; INPUT_B_FIXED_VALUE                            ; Bx           ; Untyped                                  ;
; USE_AHDL_IMPLEMENTATION                        ; OFF          ; Untyped                                  ;
+------------------------------------------------+--------------+------------------------------------------+
Note: In order to hide this table in the UI and the text report file, please set the "Show Parameter Settings in Synthesis Report" option in "Analysis and Synthesis Settings -> More Settings" to "Off".


+----------------------------------------------------------------------------------------------------------+
; Parameter Settings for Inferred Entity Instance: nearest_centroid_segment:ncentroid_inst|lpm_mult:Mult19 ;
+------------------------------------------------+--------------+------------------------------------------+
; Parameter Name                                 ; Value        ; Type                                     ;
+------------------------------------------------+--------------+------------------------------------------+
; AUTO_CARRY_CHAINS                              ; ON           ; AUTO_CARRY                               ;
; IGNORE_CARRY_BUFFERS                           ; OFF          ; IGNORE_CARRY                             ;
; AUTO_CASCADE_CHAINS                            ; ON           ; AUTO_CASCADE                             ;
; IGNORE_CASCADE_BUFFERS                         ; OFF          ; IGNORE_CASCADE                           ;
; LPM_WIDTHA                                     ; 9            ; Untyped                                  ;
; LPM_WIDTHB                                     ; 9            ; Untyped                                  ;
; LPM_WIDTHP                                     ; 18           ; Untyped                                  ;
; LPM_WIDTHR                                     ; 18           ; Untyped                                  ;
; LPM_WIDTHS                                     ; 1            ; Untyped                                  ;
; LPM_REPRESENTATION                             ; SIGNED       ; Untyped                                  ;
; LPM_PIPELINE                                   ; 0            ; Untyped                                  ;
; LATENCY                                        ; 0            ; Untyped                                  ;
; INPUT_A_IS_CONSTANT                            ; NO           ; Untyped                                  ;
; INPUT_B_IS_CONSTANT                            ; NO           ; Untyped                                  ;
; USE_EAB                                        ; OFF          ; Untyped                                  ;
; MAXIMIZE_SPEED                                 ; 5            ; Untyped                                  ;
; DEVICE_FAMILY                                  ; Cyclone IV E ; Untyped                                  ;
; CARRY_CHAIN                                    ; MANUAL       ; Untyped                                  ;
; APEX20K_TECHNOLOGY_MAPPER                      ; LUT          ; TECH_MAPPER_APEX20K                      ;
; DEDICATED_MULTIPLIER_CIRCUITRY                 ; AUTO         ; Untyped                                  ;
; DEDICATED_MULTIPLIER_MIN_INPUT_WIDTH_FOR_AUTO  ; 0            ; Untyped                                  ;
; DEDICATED_MULTIPLIER_MIN_OUTPUT_WIDTH_FOR_AUTO ; 0            ; Untyped                                  ;
; CBXI_PARAMETER                                 ; mult_b3t     ; Untyped                                  ;
; INPUT_A_FIXED_VALUE                            ; Bx           ; Untyped                                  ;
; INPUT_B_FIXED_VALUE                            ; Bx           ; Untyped                                  ;
; USE_AHDL_IMPLEMENTATION                        ; OFF          ; Untyped                                  ;
+------------------------------------------------+--------------+------------------------------------------+
Note: In order to hide this table in the UI and the text report file, please set the "Show Parameter Settings in Synthesis Report" option in "Analysis and Synthesis Settings -> More Settings" to "Off".


+----------------------------------------------------------------------------------------------------------+
; Parameter Settings for Inferred Entity Instance: nearest_centroid_segment:ncentroid_inst|lpm_mult:Mult21 ;
+------------------------------------------------+--------------+------------------------------------------+
; Parameter Name                                 ; Value        ; Type                                     ;
+------------------------------------------------+--------------+------------------------------------------+
; AUTO_CARRY_CHAINS                              ; ON           ; AUTO_CARRY                               ;
; IGNORE_CARRY_BUFFERS                           ; OFF          ; IGNORE_CARRY                             ;
; AUTO_CASCADE_CHAINS                            ; ON           ; AUTO_CASCADE                             ;
; IGNORE_CASCADE_BUFFERS                         ; OFF          ; IGNORE_CASCADE                           ;
; LPM_WIDTHA                                     ; 9            ; Untyped                                  ;
; LPM_WIDTHB                                     ; 9            ; Untyped                                  ;
; LPM_WIDTHP                                     ; 18           ; Untyped                                  ;
; LPM_WIDTHR                                     ; 18           ; Untyped                                  ;
; LPM_WIDTHS                                     ; 1            ; Untyped                                  ;
; LPM_REPRESENTATION                             ; SIGNED       ; Untyped                                  ;
; LPM_PIPELINE                                   ; 0            ; Untyped                                  ;
; LATENCY                                        ; 0            ; Untyped                                  ;
; INPUT_A_IS_CONSTANT                            ; NO           ; Untyped                                  ;
; INPUT_B_IS_CONSTANT                            ; NO           ; Untyped                                  ;
; USE_EAB                                        ; OFF          ; Untyped                                  ;
; MAXIMIZE_SPEED                                 ; 5            ; Untyped                                  ;
; DEVICE_FAMILY                                  ; Cyclone IV E ; Untyped                                  ;
; CARRY_CHAIN                                    ; MANUAL       ; Untyped                                  ;
; APEX20K_TECHNOLOGY_MAPPER                      ; LUT          ; TECH_MAPPER_APEX20K                      ;
; DEDICATED_MULTIPLIER_CIRCUITRY                 ; AUTO         ; Untyped                                  ;
; DEDICATED_MULTIPLIER_MIN_INPUT_WIDTH_FOR_AUTO  ; 0            ; Untyped                                  ;
; DEDICATED_MULTIPLIER_MIN_OUTPUT_WIDTH_FOR_AUTO ; 0            ; Untyped                                  ;
; CBXI_PARAMETER                                 ; mult_b3t     ; Untyped                                  ;
; INPUT_A_FIXED_VALUE                            ; Bx           ; Untyped                                  ;
; INPUT_B_FIXED_VALUE                            ; Bx           ; Untyped                                  ;
; USE_AHDL_IMPLEMENTATION                        ; OFF          ; Untyped                                  ;
+------------------------------------------------+--------------+------------------------------------------+
Note: In order to hide this table in the UI and the text report file, please set the "Show Parameter Settings in Synthesis Report" option in "Analysis and Synthesis Settings -> More Settings" to "Off".


+----------------------------------------------------------------------------------------------------------+
; Parameter Settings for Inferred Entity Instance: nearest_centroid_segment:ncentroid_inst|lpm_mult:Mult22 ;
+------------------------------------------------+--------------+------------------------------------------+
; Parameter Name                                 ; Value        ; Type                                     ;
+------------------------------------------------+--------------+------------------------------------------+
; AUTO_CARRY_CHAINS                              ; ON           ; AUTO_CARRY                               ;
; IGNORE_CARRY_BUFFERS                           ; OFF          ; IGNORE_CARRY                             ;
; AUTO_CASCADE_CHAINS                            ; ON           ; AUTO_CASCADE                             ;
; IGNORE_CASCADE_BUFFERS                         ; OFF          ; IGNORE_CASCADE                           ;
; LPM_WIDTHA                                     ; 9            ; Untyped                                  ;
; LPM_WIDTHB                                     ; 9            ; Untyped                                  ;
; LPM_WIDTHP                                     ; 18           ; Untyped                                  ;
; LPM_WIDTHR                                     ; 18           ; Untyped                                  ;
; LPM_WIDTHS                                     ; 1            ; Untyped                                  ;
; LPM_REPRESENTATION                             ; SIGNED       ; Untyped                                  ;
; LPM_PIPELINE                                   ; 0            ; Untyped                                  ;
; LATENCY                                        ; 0            ; Untyped                                  ;
; INPUT_A_IS_CONSTANT                            ; NO           ; Untyped                                  ;
; INPUT_B_IS_CONSTANT                            ; NO           ; Untyped                                  ;
; USE_EAB                                        ; OFF          ; Untyped                                  ;
; MAXIMIZE_SPEED                                 ; 5            ; Untyped                                  ;
; DEVICE_FAMILY                                  ; Cyclone IV E ; Untyped                                  ;
; CARRY_CHAIN                                    ; MANUAL       ; Untyped                                  ;
; APEX20K_TECHNOLOGY_MAPPER                      ; LUT          ; TECH_MAPPER_APEX20K                      ;
; DEDICATED_MULTIPLIER_CIRCUITRY                 ; AUTO         ; Untyped                                  ;
; DEDICATED_MULTIPLIER_MIN_INPUT_WIDTH_FOR_AUTO  ; 0            ; Untyped                                  ;
; DEDICATED_MULTIPLIER_MIN_OUTPUT_WIDTH_FOR_AUTO ; 0            ; Untyped                                  ;
; CBXI_PARAMETER                                 ; mult_b3t     ; Untyped                                  ;
; INPUT_A_FIXED_VALUE                            ; Bx           ; Untyped                                  ;
; INPUT_B_FIXED_VALUE                            ; Bx           ; Untyped                                  ;
; USE_AHDL_IMPLEMENTATION                        ; OFF          ; Untyped                                  ;
+------------------------------------------------+--------------+------------------------------------------+
Note: In order to hide this table in the UI and the text report file, please set the "Show Parameter Settings in Synthesis Report" option in "Analysis and Synthesis Settings -> More Settings" to "Off".


+----------------------------------------------------------------------------------------------------------+
; Parameter Settings for Inferred Entity Instance: nearest_centroid_segment:ncentroid_inst|lpm_mult:Mult24 ;
+------------------------------------------------+--------------+------------------------------------------+
; Parameter Name                                 ; Value        ; Type                                     ;
+------------------------------------------------+--------------+------------------------------------------+
; AUTO_CARRY_CHAINS                              ; ON           ; AUTO_CARRY                               ;
; IGNORE_CARRY_BUFFERS                           ; OFF          ; IGNORE_CARRY                             ;
; AUTO_CASCADE_CHAINS                            ; ON           ; AUTO_CASCADE                             ;
; IGNORE_CASCADE_BUFFERS                         ; OFF          ; IGNORE_CASCADE                           ;
; LPM_WIDTHA                                     ; 9            ; Untyped                                  ;
; LPM_WIDTHB                                     ; 9            ; Untyped                                  ;
; LPM_WIDTHP                                     ; 18           ; Untyped                                  ;
; LPM_WIDTHR                                     ; 18           ; Untyped                                  ;
; LPM_WIDTHS                                     ; 1            ; Untyped                                  ;
; LPM_REPRESENTATION                             ; SIGNED       ; Untyped                                  ;
; LPM_PIPELINE                                   ; 0            ; Untyped                                  ;
; LATENCY                                        ; 0            ; Untyped                                  ;
; INPUT_A_IS_CONSTANT                            ; NO           ; Untyped                                  ;
; INPUT_B_IS_CONSTANT                            ; NO           ; Untyped                                  ;
; USE_EAB                                        ; OFF          ; Untyped                                  ;
; MAXIMIZE_SPEED                                 ; 5            ; Untyped                                  ;
; DEVICE_FAMILY                                  ; Cyclone IV E ; Untyped                                  ;
; CARRY_CHAIN                                    ; MANUAL       ; Untyped                                  ;
; APEX20K_TECHNOLOGY_MAPPER                      ; LUT          ; TECH_MAPPER_APEX20K                      ;
; DEDICATED_MULTIPLIER_CIRCUITRY                 ; AUTO         ; Untyped                                  ;
; DEDICATED_MULTIPLIER_MIN_INPUT_WIDTH_FOR_AUTO  ; 0            ; Untyped                                  ;
; DEDICATED_MULTIPLIER_MIN_OUTPUT_WIDTH_FOR_AUTO ; 0            ; Untyped                                  ;
; CBXI_PARAMETER                                 ; mult_b3t     ; Untyped                                  ;
; INPUT_A_FIXED_VALUE                            ; Bx           ; Untyped                                  ;
; INPUT_B_FIXED_VALUE                            ; Bx           ; Untyped                                  ;
; USE_AHDL_IMPLEMENTATION                        ; OFF          ; Untyped                                  ;
+------------------------------------------------+--------------+------------------------------------------+
Note: In order to hide this table in the UI and the text report file, please set the "Show Parameter Settings in Synthesis Report" option in "Analysis and Synthesis Settings -> More Settings" to "Off".


+----------------------------------------------------------------------------------------------------------+
; Parameter Settings for Inferred Entity Instance: nearest_centroid_segment:ncentroid_inst|lpm_mult:Mult25 ;
+------------------------------------------------+--------------+------------------------------------------+
; Parameter Name                                 ; Value        ; Type                                     ;
+------------------------------------------------+--------------+------------------------------------------+
; AUTO_CARRY_CHAINS                              ; ON           ; AUTO_CARRY                               ;
; IGNORE_CARRY_BUFFERS                           ; OFF          ; IGNORE_CARRY                             ;
; AUTO_CASCADE_CHAINS                            ; ON           ; AUTO_CASCADE                             ;
; IGNORE_CASCADE_BUFFERS                         ; OFF          ; IGNORE_CASCADE                           ;
; LPM_WIDTHA                                     ; 9            ; Untyped                                  ;
; LPM_WIDTHB                                     ; 9            ; Untyped                                  ;
; LPM_WIDTHP                                     ; 18           ; Untyped                                  ;
; LPM_WIDTHR                                     ; 18           ; Untyped                                  ;
; LPM_WIDTHS                                     ; 1            ; Untyped                                  ;
; LPM_REPRESENTATION                             ; SIGNED       ; Untyped                                  ;
; LPM_PIPELINE                                   ; 0            ; Untyped                                  ;
; LATENCY                                        ; 0            ; Untyped                                  ;
; INPUT_A_IS_CONSTANT                            ; NO           ; Untyped                                  ;
; INPUT_B_IS_CONSTANT                            ; NO           ; Untyped                                  ;
; USE_EAB                                        ; OFF          ; Untyped                                  ;
; MAXIMIZE_SPEED                                 ; 5            ; Untyped                                  ;
; DEVICE_FAMILY                                  ; Cyclone IV E ; Untyped                                  ;
; CARRY_CHAIN                                    ; MANUAL       ; Untyped                                  ;
; APEX20K_TECHNOLOGY_MAPPER                      ; LUT          ; TECH_MAPPER_APEX20K                      ;
; DEDICATED_MULTIPLIER_CIRCUITRY                 ; AUTO         ; Untyped                                  ;
; DEDICATED_MULTIPLIER_MIN_INPUT_WIDTH_FOR_AUTO  ; 0            ; Untyped                                  ;
; DEDICATED_MULTIPLIER_MIN_OUTPUT_WIDTH_FOR_AUTO ; 0            ; Untyped                                  ;
; CBXI_PARAMETER                                 ; mult_b3t     ; Untyped                                  ;
; INPUT_A_FIXED_VALUE                            ; Bx           ; Untyped                                  ;
; INPUT_B_FIXED_VALUE                            ; Bx           ; Untyped                                  ;
; USE_AHDL_IMPLEMENTATION                        ; OFF          ; Untyped                                  ;
+------------------------------------------------+--------------+------------------------------------------+
Note: In order to hide this table in the UI and the text report file, please set the "Show Parameter Settings in Synthesis Report" option in "Analysis and Synthesis Settings -> More Settings" to "Off".


+-----------------------------------------------------------------------------+
; altpll Parameter Settings by Entity Instance                                ;
+-------------------------------+---------------------------------------------+
; Name                          ; Value                                       ;
+-------------------------------+---------------------------------------------+
; Number of entity instances    ; 1                                           ;
; Entity Instance               ; pll_148mhz:pll_inst|altpll:altpll_component ;
;     -- OPERATION_MODE         ; NORMAL                                      ;
;     -- PLL_TYPE               ; AUTO                                        ;
;     -- PRIMARY_CLOCK          ; INCLK0                                      ;
;     -- INCLK0_INPUT_FREQUENCY ; 20000                                       ;
;     -- INCLK1_INPUT_FREQUENCY ; 0                                           ;
;     -- VCO_MULTIPLY_BY        ; 0                                           ;
;     -- VCO_DIVIDE_BY          ; 0                                           ;
+-------------------------------+---------------------------------------------+


+-----------------------------------------------------------------------------------------------+
; altsyncram Parameter Settings by Entity Instance                                              ;
+-------------------------------------------+---------------------------------------------------+
; Name                                      ; Value                                             ;
+-------------------------------------------+---------------------------------------------------+
; Number of entity instances                ; 1                                                 ;
; Entity Instance                           ; image_rom:img_rom|altsyncram:altsyncram_component ;
;     -- OPERATION_MODE                     ; ROM                                               ;
;     -- WIDTH_A                            ; 24                                                ;
;     -- NUMWORDS_A                         ; 16384                                             ;
;     -- OUTDATA_REG_A                      ; CLOCK0                                            ;
;     -- WIDTH_B                            ; 1                                                 ;
;     -- NUMWORDS_B                         ; 1                                                 ;
;     -- ADDRESS_REG_B                      ; CLOCK1                                            ;
;     -- OUTDATA_REG_B                      ; UNREGISTERED                                      ;
;     -- RAM_BLOCK_TYPE                     ; AUTO                                              ;
;     -- READ_DURING_WRITE_MODE_MIXED_PORTS ; DONT_CARE                                         ;
+-------------------------------------------+---------------------------------------------------+


+-------------------------------------------------------------------------------------------------+
; lpm_mult Parameter Settings by Entity Instance                                                  ;
+---------------------------------------+---------------------------------------------------------+
; Name                                  ; Value                                                   ;
+---------------------------------------+---------------------------------------------------------+
; Number of entity instances            ; 28                                                      ;
; Entity Instance                       ; nearest_centroid_segment:ncentroid_inst|lpm_mult:Mult29 ;
;     -- LPM_WIDTHA                     ; 9                                                       ;
;     -- LPM_WIDTHB                     ; 9                                                       ;
;     -- LPM_WIDTHP                     ; 18                                                      ;
;     -- LPM_REPRESENTATION             ; SIGNED                                                  ;
;     -- INPUT_A_IS_CONSTANT            ; NO                                                      ;
;     -- INPUT_B_IS_CONSTANT            ; NO                                                      ;
;     -- USE_EAB                        ; OFF                                                     ;
;     -- DEDICATED_MULTIPLIER_CIRCUITRY ; AUTO                                                    ;
;     -- INPUT_A_FIXED_VALUE            ; Bx                                                      ;
;     -- INPUT_B_FIXED_VALUE            ; Bx                                                      ;
; Entity Instance                       ; nearest_centroid_segment:ncentroid_inst|lpm_mult:Mult2  ;
;     -- LPM_WIDTHA                     ; 9                                                       ;
;     -- LPM_WIDTHB                     ; 9                                                       ;
;     -- LPM_WIDTHP                     ; 18                                                      ;
;     -- LPM_REPRESENTATION             ; SIGNED                                                  ;
;     -- INPUT_A_IS_CONSTANT            ; NO                                                      ;
;     -- INPUT_B_IS_CONSTANT            ; NO                                                      ;
;     -- USE_EAB                        ; OFF                                                     ;
;     -- DEDICATED_MULTIPLIER_CIRCUITRY ; AUTO                                                    ;
;     -- INPUT_A_FIXED_VALUE            ; Bx                                                      ;
;     -- INPUT_B_FIXED_VALUE            ; Bx                                                      ;
; Entity Instance                       ; nearest_centroid_segment:ncentroid_inst|lpm_mult:Mult5  ;
;     -- LPM_WIDTHA                     ; 9                                                       ;
;     -- LPM_WIDTHB                     ; 9                                                       ;
;     -- LPM_WIDTHP                     ; 18                                                      ;
;     -- LPM_REPRESENTATION             ; SIGNED                                                  ;
;     -- INPUT_A_IS_CONSTANT            ; NO                                                      ;
;     -- INPUT_B_IS_CONSTANT            ; NO                                                      ;
;     -- USE_EAB                        ; OFF                                                     ;
;     -- DEDICATED_MULTIPLIER_CIRCUITRY ; AUTO                                                    ;
;     -- INPUT_A_FIXED_VALUE            ; Bx                                                      ;
;     -- INPUT_B_FIXED_VALUE            ; Bx                                                      ;
; Entity Instance                       ; nearest_centroid_segment:ncentroid_inst|lpm_mult:Mult8  ;
;     -- LPM_WIDTHA                     ; 9                                                       ;
;     -- LPM_WIDTHB                     ; 9                                                       ;
;     -- LPM_WIDTHP                     ; 18                                                      ;
;     -- LPM_REPRESENTATION             ; SIGNED                                                  ;
;     -- INPUT_A_IS_CONSTANT            ; NO                                                      ;
;     -- INPUT_B_IS_CONSTANT            ; NO                                                      ;
;     -- USE_EAB                        ; OFF                                                     ;
;     -- DEDICATED_MULTIPLIER_CIRCUITRY ; AUTO                                                    ;
;     -- INPUT_A_FIXED_VALUE            ; Bx                                                      ;
;     -- INPUT_B_FIXED_VALUE            ; Bx                                                      ;
; Entity Instance                       ; nearest_centroid_segment:ncentroid_inst|lpm_mult:Mult11 ;
;     -- LPM_WIDTHA                     ; 9                                                       ;
;     -- LPM_WIDTHB                     ; 9                                                       ;
;     -- LPM_WIDTHP                     ; 18                                                      ;
;     -- LPM_REPRESENTATION             ; SIGNED                                                  ;
;     -- INPUT_A_IS_CONSTANT            ; NO                                                      ;
;     -- INPUT_B_IS_CONSTANT            ; NO                                                      ;
;     -- USE_EAB                        ; OFF                                                     ;
;     -- DEDICATED_MULTIPLIER_CIRCUITRY ; AUTO                                                    ;
;     -- INPUT_A_FIXED_VALUE            ; Bx                                                      ;
;     -- INPUT_B_FIXED_VALUE            ; Bx                                                      ;
; Entity Instance                       ; nearest_centroid_segment:ncentroid_inst|lpm_mult:Mult14 ;
;     -- LPM_WIDTHA                     ; 9                                                       ;
;     -- LPM_WIDTHB                     ; 9                                                       ;
;     -- LPM_WIDTHP                     ; 18                                                      ;
;     -- LPM_REPRESENTATION             ; SIGNED                                                  ;
;     -- INPUT_A_IS_CONSTANT            ; NO                                                      ;
;     -- INPUT_B_IS_CONSTANT            ; NO                                                      ;
;     -- USE_EAB                        ; OFF                                                     ;
;     -- DEDICATED_MULTIPLIER_CIRCUITRY ; AUTO                                                    ;
;     -- INPUT_A_FIXED_VALUE            ; Bx                                                      ;
;     -- INPUT_B_FIXED_VALUE            ; Bx                                                      ;
; Entity Instance                       ; nearest_centroid_segment:ncentroid_inst|lpm_mult:Mult17 ;
;     -- LPM_WIDTHA                     ; 9                                                       ;
;     -- LPM_WIDTHB                     ; 9                                                       ;
;     -- LPM_WIDTHP                     ; 18                                                      ;
;     -- LPM_REPRESENTATION             ; SIGNED                                                  ;
;     -- INPUT_A_IS_CONSTANT            ; NO                                                      ;
;     -- INPUT_B_IS_CONSTANT            ; NO                                                      ;
;     -- USE_EAB                        ; OFF                                                     ;
;     -- DEDICATED_MULTIPLIER_CIRCUITRY ; AUTO                                                    ;
;     -- INPUT_A_FIXED_VALUE            ; Bx                                                      ;
;     -- INPUT_B_FIXED_VALUE            ; Bx                                                      ;
; Entity Instance                       ; nearest_centroid_segment:ncentroid_inst|lpm_mult:Mult20 ;
;     -- LPM_WIDTHA                     ; 9                                                       ;
;     -- LPM_WIDTHB                     ; 9                                                       ;
;     -- LPM_WIDTHP                     ; 18                                                      ;
;     -- LPM_REPRESENTATION             ; SIGNED                                                  ;
;     -- INPUT_A_IS_CONSTANT            ; NO                                                      ;
;     -- INPUT_B_IS_CONSTANT            ; NO                                                      ;
;     -- USE_EAB                        ; OFF                                                     ;
;     -- DEDICATED_MULTIPLIER_CIRCUITRY ; AUTO                                                    ;
;     -- INPUT_A_FIXED_VALUE            ; Bx                                                      ;
;     -- INPUT_B_FIXED_VALUE            ; Bx                                                      ;
; Entity Instance                       ; nearest_centroid_segment:ncentroid_inst|lpm_mult:Mult26 ;
;     -- LPM_WIDTHA                     ; 9                                                       ;
;     -- LPM_WIDTHB                     ; 9                                                       ;
;     -- LPM_WIDTHP                     ; 18                                                      ;
;     -- LPM_REPRESENTATION             ; SIGNED                                                  ;
;     -- INPUT_A_IS_CONSTANT            ; NO                                                      ;
;     -- INPUT_B_IS_CONSTANT            ; NO                                                      ;
;     -- USE_EAB                        ; OFF                                                     ;
;     -- DEDICATED_MULTIPLIER_CIRCUITRY ; AUTO                                                    ;
;     -- INPUT_A_FIXED_VALUE            ; Bx                                                      ;
;     -- INPUT_B_FIXED_VALUE            ; Bx                                                      ;
; Entity Instance                       ; nearest_centroid_segment:ncentroid_inst|lpm_mult:Mult28 ;
;     -- LPM_WIDTHA                     ; 9                                                       ;
;     -- LPM_WIDTHB                     ; 9                                                       ;
;     -- LPM_WIDTHP                     ; 18                                                      ;
;     -- LPM_REPRESENTATION             ; SIGNED                                                  ;
;     -- INPUT_A_IS_CONSTANT            ; NO                                                      ;
;     -- INPUT_B_IS_CONSTANT            ; NO                                                      ;
;     -- USE_EAB                        ; OFF                                                     ;
;     -- DEDICATED_MULTIPLIER_CIRCUITRY ; AUTO                                                    ;
;     -- INPUT_A_FIXED_VALUE            ; Bx                                                      ;
;     -- INPUT_B_FIXED_VALUE            ; Bx                                                      ;
; Entity Instance                       ; nearest_centroid_segment:ncentroid_inst|lpm_mult:Mult12 ;
;     -- LPM_WIDTHA                     ; 9                                                       ;
;     -- LPM_WIDTHB                     ; 9                                                       ;
;     -- LPM_WIDTHP                     ; 18                                                      ;
;     -- LPM_REPRESENTATION             ; SIGNED                                                  ;
;     -- INPUT_A_IS_CONSTANT            ; NO                                                      ;
;     -- INPUT_B_IS_CONSTANT            ; NO                                                      ;
;     -- USE_EAB                        ; OFF                                                     ;
;     -- DEDICATED_MULTIPLIER_CIRCUITRY ; AUTO                                                    ;
;     -- INPUT_A_FIXED_VALUE            ; Bx                                                      ;
;     -- INPUT_B_FIXED_VALUE            ; Bx                                                      ;
; Entity Instance                       ; nearest_centroid_segment:ncentroid_inst|lpm_mult:Mult0  ;
;     -- LPM_WIDTHA                     ; 9                                                       ;
;     -- LPM_WIDTHB                     ; 9                                                       ;
;     -- LPM_WIDTHP                     ; 18                                                      ;
;     -- LPM_REPRESENTATION             ; SIGNED                                                  ;
;     -- INPUT_A_IS_CONSTANT            ; NO                                                      ;
;     -- INPUT_B_IS_CONSTANT            ; NO                                                      ;
;     -- USE_EAB                        ; OFF                                                     ;
;     -- DEDICATED_MULTIPLIER_CIRCUITRY ; AUTO                                                    ;
;     -- INPUT_A_FIXED_VALUE            ; Bx                                                      ;
;     -- INPUT_B_FIXED_VALUE            ; Bx                                                      ;
; Entity Instance                       ; nearest_centroid_segment:ncentroid_inst|lpm_mult:Mult1  ;
;     -- LPM_WIDTHA                     ; 9                                                       ;
;     -- LPM_WIDTHB                     ; 9                                                       ;
;     -- LPM_WIDTHP                     ; 18                                                      ;
;     -- LPM_REPRESENTATION             ; SIGNED                                                  ;
;     -- INPUT_A_IS_CONSTANT            ; NO                                                      ;
;     -- INPUT_B_IS_CONSTANT            ; NO                                                      ;
;     -- USE_EAB                        ; OFF                                                     ;
;     -- DEDICATED_MULTIPLIER_CIRCUITRY ; AUTO                                                    ;
;     -- INPUT_A_FIXED_VALUE            ; Bx                                                      ;
;     -- INPUT_B_FIXED_VALUE            ; Bx                                                      ;
; Entity Instance                       ; nearest_centroid_segment:ncentroid_inst|lpm_mult:Mult3  ;
;     -- LPM_WIDTHA                     ; 9                                                       ;
;     -- LPM_WIDTHB                     ; 9                                                       ;
;     -- LPM_WIDTHP                     ; 18                                                      ;
;     -- LPM_REPRESENTATION             ; SIGNED                                                  ;
;     -- INPUT_A_IS_CONSTANT            ; NO                                                      ;
;     -- INPUT_B_IS_CONSTANT            ; NO                                                      ;
;     -- USE_EAB                        ; OFF                                                     ;
;     -- DEDICATED_MULTIPLIER_CIRCUITRY ; AUTO                                                    ;
;     -- INPUT_A_FIXED_VALUE            ; Bx                                                      ;
;     -- INPUT_B_FIXED_VALUE            ; Bx                                                      ;
; Entity Instance                       ; nearest_centroid_segment:ncentroid_inst|lpm_mult:Mult4  ;
;     -- LPM_WIDTHA                     ; 9                                                       ;
;     -- LPM_WIDTHB                     ; 9                                                       ;
;     -- LPM_WIDTHP                     ; 18                                                      ;
;     -- LPM_REPRESENTATION             ; SIGNED                                                  ;
;     -- INPUT_A_IS_CONSTANT            ; NO                                                      ;
;     -- INPUT_B_IS_CONSTANT            ; NO                                                      ;
;     -- USE_EAB                        ; OFF                                                     ;
;     -- DEDICATED_MULTIPLIER_CIRCUITRY ; AUTO                                                    ;
;     -- INPUT_A_FIXED_VALUE            ; Bx                                                      ;
;     -- INPUT_B_FIXED_VALUE            ; Bx                                                      ;
; Entity Instance                       ; nearest_centroid_segment:ncentroid_inst|lpm_mult:Mult6  ;
;     -- LPM_WIDTHA                     ; 9                                                       ;
;     -- LPM_WIDTHB                     ; 9                                                       ;
;     -- LPM_WIDTHP                     ; 18                                                      ;
;     -- LPM_REPRESENTATION             ; SIGNED                                                  ;
;     -- INPUT_A_IS_CONSTANT            ; NO                                                      ;
;     -- INPUT_B_IS_CONSTANT            ; NO                                                      ;
;     -- USE_EAB                        ; OFF                                                     ;
;     -- DEDICATED_MULTIPLIER_CIRCUITRY ; AUTO                                                    ;
;     -- INPUT_A_FIXED_VALUE            ; Bx                                                      ;
;     -- INPUT_B_FIXED_VALUE            ; Bx                                                      ;
; Entity Instance                       ; nearest_centroid_segment:ncentroid_inst|lpm_mult:Mult7  ;
;     -- LPM_WIDTHA                     ; 9                                                       ;
;     -- LPM_WIDTHB                     ; 9                                                       ;
;     -- LPM_WIDTHP                     ; 18                                                      ;
;     -- LPM_REPRESENTATION             ; SIGNED                                                  ;
;     -- INPUT_A_IS_CONSTANT            ; NO                                                      ;
;     -- INPUT_B_IS_CONSTANT            ; NO                                                      ;
;     -- USE_EAB                        ; OFF                                                     ;
;     -- DEDICATED_MULTIPLIER_CIRCUITRY ; AUTO                                                    ;
;     -- INPUT_A_FIXED_VALUE            ; Bx                                                      ;
;     -- INPUT_B_FIXED_VALUE            ; Bx                                                      ;
; Entity Instance                       ; nearest_centroid_segment:ncentroid_inst|lpm_mult:Mult9  ;
;     -- LPM_WIDTHA                     ; 9                                                       ;
;     -- LPM_WIDTHB                     ; 9                                                       ;
;     -- LPM_WIDTHP                     ; 18                                                      ;
;     -- LPM_REPRESENTATION             ; SIGNED                                                  ;
;     -- INPUT_A_IS_CONSTANT            ; NO                                                      ;
;     -- INPUT_B_IS_CONSTANT            ; NO                                                      ;
;     -- USE_EAB                        ; OFF                                                     ;
;     -- DEDICATED_MULTIPLIER_CIRCUITRY ; AUTO                                                    ;
;     -- INPUT_A_FIXED_VALUE            ; Bx                                                      ;
;     -- INPUT_B_FIXED_VALUE            ; Bx                                                      ;
; Entity Instance                       ; nearest_centroid_segment:ncentroid_inst|lpm_mult:Mult10 ;
;     -- LPM_WIDTHA                     ; 9                                                       ;
;     -- LPM_WIDTHB                     ; 9                                                       ;
;     -- LPM_WIDTHP                     ; 18                                                      ;
;     -- LPM_REPRESENTATION             ; SIGNED                                                  ;
;     -- INPUT_A_IS_CONSTANT            ; NO                                                      ;
;     -- INPUT_B_IS_CONSTANT            ; NO                                                      ;
;     -- USE_EAB                        ; OFF                                                     ;
;     -- DEDICATED_MULTIPLIER_CIRCUITRY ; AUTO                                                    ;
;     -- INPUT_A_FIXED_VALUE            ; Bx                                                      ;
;     -- INPUT_B_FIXED_VALUE            ; Bx                                                      ;
; Entity Instance                       ; nearest_centroid_segment:ncentroid_inst|lpm_mult:Mult13 ;
;     -- LPM_WIDTHA                     ; 9                                                       ;
;     -- LPM_WIDTHB                     ; 9                                                       ;
;     -- LPM_WIDTHP                     ; 18                                                      ;
;     -- LPM_REPRESENTATION             ; SIGNED                                                  ;
;     -- INPUT_A_IS_CONSTANT            ; NO                                                      ;
;     -- INPUT_B_IS_CONSTANT            ; NO                                                      ;
;     -- USE_EAB                        ; OFF                                                     ;
;     -- DEDICATED_MULTIPLIER_CIRCUITRY ; AUTO                                                    ;
;     -- INPUT_A_FIXED_VALUE            ; Bx                                                      ;
;     -- INPUT_B_FIXED_VALUE            ; Bx                                                      ;
; Entity Instance                       ; nearest_centroid_segment:ncentroid_inst|lpm_mult:Mult15 ;
;     -- LPM_WIDTHA                     ; 9                                                       ;
;     -- LPM_WIDTHB                     ; 9                                                       ;
;     -- LPM_WIDTHP                     ; 18                                                      ;
;     -- LPM_REPRESENTATION             ; SIGNED                                                  ;
;     -- INPUT_A_IS_CONSTANT            ; NO                                                      ;
;     -- INPUT_B_IS_CONSTANT            ; NO                                                      ;
;     -- USE_EAB                        ; OFF                                                     ;
;     -- DEDICATED_MULTIPLIER_CIRCUITRY ; AUTO                                                    ;
;     -- INPUT_A_FIXED_VALUE            ; Bx                                                      ;
;     -- INPUT_B_FIXED_VALUE            ; Bx                                                      ;
; Entity Instance                       ; nearest_centroid_segment:ncentroid_inst|lpm_mult:Mult16 ;
;     -- LPM_WIDTHA                     ; 9                                                       ;
;     -- LPM_WIDTHB                     ; 9                                                       ;
;     -- LPM_WIDTHP                     ; 18                                                      ;
;     -- LPM_REPRESENTATION             ; SIGNED                                                  ;
;     -- INPUT_A_IS_CONSTANT            ; NO                                                      ;
;     -- INPUT_B_IS_CONSTANT            ; NO                                                      ;
;     -- USE_EAB                        ; OFF                                                     ;
;     -- DEDICATED_MULTIPLIER_CIRCUITRY ; AUTO                                                    ;
;     -- INPUT_A_FIXED_VALUE            ; Bx                                                      ;
;     -- INPUT_B_FIXED_VALUE            ; Bx                                                      ;
; Entity Instance                       ; nearest_centroid_segment:ncentroid_inst|lpm_mult:Mult18 ;
;     -- LPM_WIDTHA                     ; 9                                                       ;
;     -- LPM_WIDTHB                     ; 9                                                       ;
;     -- LPM_WIDTHP                     ; 18                                                      ;
;     -- LPM_REPRESENTATION             ; SIGNED                                                  ;
;     -- INPUT_A_IS_CONSTANT            ; NO                                                      ;
;     -- INPUT_B_IS_CONSTANT            ; NO                                                      ;
;     -- USE_EAB                        ; OFF                                                     ;
;     -- DEDICATED_MULTIPLIER_CIRCUITRY ; AUTO                                                    ;
;     -- INPUT_A_FIXED_VALUE            ; Bx                                                      ;
;     -- INPUT_B_FIXED_VALUE            ; Bx                                                      ;
; Entity Instance                       ; nearest_centroid_segment:ncentroid_inst|lpm_mult:Mult19 ;
;     -- LPM_WIDTHA                     ; 9                                                       ;
;     -- LPM_WIDTHB                     ; 9                                                       ;
;     -- LPM_WIDTHP                     ; 18                                                      ;
;     -- LPM_REPRESENTATION             ; SIGNED                                                  ;
;     -- INPUT_A_IS_CONSTANT            ; NO                                                      ;
;     -- INPUT_B_IS_CONSTANT            ; NO                                                      ;
;     -- USE_EAB                        ; OFF                                                     ;
;     -- DEDICATED_MULTIPLIER_CIRCUITRY ; AUTO                                                    ;
;     -- INPUT_A_FIXED_VALUE            ; Bx                                                      ;
;     -- INPUT_B_FIXED_VALUE            ; Bx                                                      ;
; Entity Instance                       ; nearest_centroid_segment:ncentroid_inst|lpm_mult:Mult21 ;
;     -- LPM_WIDTHA                     ; 9                                                       ;
;     -- LPM_WIDTHB                     ; 9                                                       ;
;     -- LPM_WIDTHP                     ; 18                                                      ;
;     -- LPM_REPRESENTATION             ; SIGNED                                                  ;
;     -- INPUT_A_IS_CONSTANT            ; NO                                                      ;
;     -- INPUT_B_IS_CONSTANT            ; NO                                                      ;
;     -- USE_EAB                        ; OFF                                                     ;
;     -- DEDICATED_MULTIPLIER_CIRCUITRY ; AUTO                                                    ;
;     -- INPUT_A_FIXED_VALUE            ; Bx                                                      ;
;     -- INPUT_B_FIXED_VALUE            ; Bx                                                      ;
; Entity Instance                       ; nearest_centroid_segment:ncentroid_inst|lpm_mult:Mult22 ;
;     -- LPM_WIDTHA                     ; 9                                                       ;
;     -- LPM_WIDTHB                     ; 9                                                       ;
;     -- LPM_WIDTHP                     ; 18                                                      ;
;     -- LPM_REPRESENTATION             ; SIGNED                                                  ;
;     -- INPUT_A_IS_CONSTANT            ; NO                                                      ;
;     -- INPUT_B_IS_CONSTANT            ; NO                                                      ;
;     -- USE_EAB                        ; OFF                                                     ;
;     -- DEDICATED_MULTIPLIER_CIRCUITRY ; AUTO                                                    ;
;     -- INPUT_A_FIXED_VALUE            ; Bx                                                      ;
;     -- INPUT_B_FIXED_VALUE            ; Bx                                                      ;
; Entity Instance                       ; nearest_centroid_segment:ncentroid_inst|lpm_mult:Mult24 ;
;     -- LPM_WIDTHA                     ; 9                                                       ;
;     -- LPM_WIDTHB                     ; 9                                                       ;
;     -- LPM_WIDTHP                     ; 18                                                      ;
;     -- LPM_REPRESENTATION             ; SIGNED                                                  ;
;     -- INPUT_A_IS_CONSTANT            ; NO                                                      ;
;     -- INPUT_B_IS_CONSTANT            ; NO                                                      ;
;     -- USE_EAB                        ; OFF                                                     ;
;     -- DEDICATED_MULTIPLIER_CIRCUITRY ; AUTO                                                    ;
;     -- INPUT_A_FIXED_VALUE            ; Bx                                                      ;
;     -- INPUT_B_FIXED_VALUE            ; Bx                                                      ;
; Entity Instance                       ; nearest_centroid_segment:ncentroid_inst|lpm_mult:Mult25 ;
;     -- LPM_WIDTHA                     ; 9                                                       ;
;     -- LPM_WIDTHB                     ; 9                                                       ;
;     -- LPM_WIDTHP                     ; 18                                                      ;
;     -- LPM_REPRESENTATION             ; SIGNED                                                  ;
;     -- INPUT_A_IS_CONSTANT            ; NO                                                      ;
;     -- INPUT_B_IS_CONSTANT            ; NO                                                      ;
;     -- USE_EAB                        ; OFF                                                     ;
;     -- DEDICATED_MULTIPLIER_CIRCUITRY ; AUTO                                                    ;
;     -- INPUT_A_FIXED_VALUE            ; Bx                                                      ;
;     -- INPUT_B_FIXED_VALUE            ; Bx                                                      ;
+---------------------------------------+---------------------------------------------------------+


+------------------------------------------------------+
; Port Connectivity Checks: "vga_controller_1080p:vga" ;
+-------+-------+----------+---------------------------+
; Port  ; Type  ; Severity ; Details                   ;
+-------+-------+----------+---------------------------+
; reset ; Input ; Info     ; Stuck at GND              ;
+-------+-------+----------+---------------------------+


+---------------------------------------------------------------------------------------------------------------------------------------------------------------------------+
; Port Connectivity Checks: "pll_148mhz:pll_inst"                                                                                                                           ;
+--------+--------+----------+----------------------------------------------------------------------------------------------------------------------------------------------+
; Port   ; Type   ; Severity ; Details                                                                                                                                      ;
+--------+--------+----------+----------------------------------------------------------------------------------------------------------------------------------------------+
; areset ; Input  ; Warning  ; Declared by entity but not connected by instance. If a default value exists, it will be used.  Otherwise, the port will be connected to GND. ;
; locked ; Output ; Warning  ; Declared by entity but not connected by instance. Logic that only feeds a dangling port will be removed.                                     ;
+--------+--------+----------+----------------------------------------------------------------------------------------------------------------------------------------------+


+-----------------------------------------------------+
; Post-Synthesis Netlist Statistics for Top Partition ;
+-----------------------+-----------------------------+
; Type                  ; Count                       ;
+-----------------------+-----------------------------+
; boundary_port         ; 69                          ;
; cycloneiii_ff         ; 47                          ;
;     ENA SCLR          ; 12                          ;
;     SCLR              ; 12                          ;
;     plain             ; 23                          ;
; cycloneiii_lcell_comb ; 1872                        ;
;     arith             ; 978                         ;
;         2 data inputs ; 239                         ;
;         3 data inputs ; 739                         ;
;     normal            ; 894                         ;
;         0 data inputs ; 97                          ;
;         1 data inputs ; 4                           ;
;         2 data inputs ; 333                         ;
;         3 data inputs ; 212                         ;
;         4 data inputs ; 248                         ;
; cycloneiii_mac_mult   ; 28                          ;
; cycloneiii_mac_out    ; 28                          ;
; cycloneiii_pll        ; 1                           ;
; cycloneiii_ram_block  ; 48                          ;
;                       ;                             ;
; Max LUT depth         ; 66.50                       ;
; Average LUT depth     ; 38.68                       ;
+-----------------------+-----------------------------+


+-------------------------------+
; Elapsed Time Per Partition    ;
+----------------+--------------+
; Partition Name ; Elapsed Time ;
+----------------+--------------+
; Top            ; 00:00:02     ;
+----------------+--------------+


+-------------------------------+
; Analysis & Synthesis Messages ;
+-------------------------------+
Info: *******************************************************************
Info: Running Quartus Prime Analysis & Synthesis
    Info: Version 22.1std.0 Build 915 10/25/2022 SC Lite Edition
    Info: Processing started: Thu Jul 17 13:15:20 2025
Info: Command: quartus_map --read_settings_files=on --write_settings_files=off finalproj -c finalproj
Warning (18236): Number of processors has not been specified which may cause overloading on shared machines.  Set the global assignment NUM_PARALLEL_PROCESSORS in your QSF to an appropriate value for best performance.
Info (20030): Parallel compilation is enabled and will use 10 of the 10 processors detected
Info (12021): Found 1 design units, including 1 entities, in source file pll_148mhz.v
    Info (12023): Found entity 1: pll_148mhz File: C:/intelFPGA_lite/22.1std/finalproj/pll_148mhz.v Line: 40
Info (12021): Found 1 design units, including 1 entities, in source file image_rom.v
    Info (12023): Found entity 1: image_rom File: C:/intelFPGA_lite/22.1std/finalproj/image_rom.v Line: 40
Warning (10463): Verilog HDL Declaration warning at finalproj.v(207): "class" is SystemVerilog-2005 keyword File: C:/intelFPGA_lite/22.1std/finalproj/finalproj.v Line: 207
Warning (10463): Verilog HDL Declaration warning at finalproj.v(226): "dist" is SystemVerilog-2005 keyword File: C:/intelFPGA_lite/22.1std/finalproj/finalproj.v Line: 226
Info (12021): Found 5 design units, including 5 entities, in source file finalproj.v
    Info (12023): Found entity 1: finalproj File: C:/intelFPGA_lite/22.1std/finalproj/finalproj.v Line: 1
    Info (12023): Found entity 2: color_map10 File: C:/intelFPGA_lite/22.1std/finalproj/finalproj.v Line: 132
    Info (12023): Found entity 3: ContrastEnhancer File: C:/intelFPGA_lite/22.1std/finalproj/finalproj.v Line: 152
    Info (12023): Found entity 4: nearest_centroid_segment File: C:/intelFPGA_lite/22.1std/finalproj/finalproj.v Line: 191
    Info (12023): Found entity 5: vga_controller_1080p File: C:/intelFPGA_lite/22.1std/finalproj/finalproj.v Line: 250
Info (12127): Elaborating entity "finalproj" for the top level hierarchy
Warning (10230): Verilog HDL assignment warning at finalproj.v(58): truncated value with size 32 to match size of target (11) File: C:/intelFPGA_lite/22.1std/finalproj/finalproj.v Line: 58
Warning (10230): Verilog HDL assignment warning at finalproj.v(60): truncated value with size 32 to match size of target (11) File: C:/intelFPGA_lite/22.1std/finalproj/finalproj.v Line: 60
Warning (10230): Verilog HDL assignment warning at finalproj.v(63): truncated value with size 32 to match size of target (14) File: C:/intelFPGA_lite/22.1std/finalproj/finalproj.v Line: 63
Warning (10034): Output port "HEX0" at finalproj.v(12) has no driver File: C:/intelFPGA_lite/22.1std/finalproj/finalproj.v Line: 12
Warning (10034): Output port "HEX1" at finalproj.v(12) has no driver File: C:/intelFPGA_lite/22.1std/finalproj/finalproj.v Line: 12
Warning (10034): Output port "HEX2" at finalproj.v(12) has no driver File: C:/intelFPGA_lite/22.1std/finalproj/finalproj.v Line: 12
Warning (10034): Output port "HEX3" at finalproj.v(13) has no driver File: C:/intelFPGA_lite/22.1std/finalproj/finalproj.v Line: 13
Info (12128): Elaborating entity "pll_148mhz" for hierarchy "pll_148mhz:pll_inst" File: C:/intelFPGA_lite/22.1std/finalproj/finalproj.v Line: 26
Info (12128): Elaborating entity "altpll" for hierarchy "pll_148mhz:pll_inst|altpll:altpll_component" File: C:/intelFPGA_lite/22.1std/finalproj/pll_148mhz.v Line: 104
Info (12130): Elaborated megafunction instantiation "pll_148mhz:pll_inst|altpll:altpll_component" File: C:/intelFPGA_lite/22.1std/finalproj/pll_148mhz.v Line: 104
Info (12133): Instantiated megafunction "pll_148mhz:pll_inst|altpll:altpll_component" with the following parameter: File: C:/intelFPGA_lite/22.1std/finalproj/pll_148mhz.v Line: 104
    Info (12134): Parameter "bandwidth_type" = "AUTO"
    Info (12134): Parameter "clk0_divide_by" = "32"
    Info (12134): Parameter "clk0_duty_cycle" = "50"
    Info (12134): Parameter "clk0_multiply_by" = "95"
    Info (12134): Parameter "clk0_phase_shift" = "0"
    Info (12134): Parameter "compensate_clock" = "CLK0"
    Info (12134): Parameter "inclk0_input_frequency" = "20000"
    Info (12134): Parameter "intended_device_family" = "Cyclone IV E"
    Info (12134): Parameter "lpm_hint" = "CBX_MODULE_PREFIX=pll_148mhz"
    Info (12134): Parameter "lpm_type" = "altpll"
    Info (12134): Parameter "operation_mode" = "NORMAL"
    Info (12134): Parameter "pll_type" = "AUTO"
    Info (12134): Parameter "port_activeclock" = "PORT_UNUSED"
    Info (12134): Parameter "port_areset" = "PORT_USED"
    Info (12134): Parameter "port_clkbad0" = "PORT_UNUSED"
    Info (12134): Parameter "port_clkbad1" = "PORT_UNUSED"
    Info (12134): Parameter "port_clkloss" = "PORT_UNUSED"
    Info (12134): Parameter "port_clkswitch" = "PORT_UNUSED"
    Info (12134): Parameter "port_configupdate" = "PORT_UNUSED"
    Info (12134): Parameter "port_fbin" = "PORT_UNUSED"
    Info (12134): Parameter "port_inclk0" = "PORT_USED"
    Info (12134): Parameter "port_inclk1" = "PORT_UNUSED"
    Info (12134): Parameter "port_locked" = "PORT_USED"
    Info (12134): Parameter "port_pfdena" = "PORT_UNUSED"
    Info (12134): Parameter "port_phasecounterselect" = "PORT_UNUSED"
    Info (12134): Parameter "port_phasedone" = "PORT_UNUSED"
    Info (12134): Parameter "port_phasestep" = "PORT_UNUSED"
    Info (12134): Parameter "port_phaseupdown" = "PORT_UNUSED"
    Info (12134): Parameter "port_pllena" = "PORT_UNUSED"
    Info (12134): Parameter "port_scanaclr" = "PORT_UNUSED"
    Info (12134): Parameter "port_scanclk" = "PORT_UNUSED"
    Info (12134): Parameter "port_scanclkena" = "PORT_UNUSED"
    Info (12134): Parameter "port_scandata" = "PORT_UNUSED"
    Info (12134): Parameter "port_scandataout" = "PORT_UNUSED"
    Info (12134): Parameter "port_scandone" = "PORT_UNUSED"
    Info (12134): Parameter "port_scanread" = "PORT_UNUSED"
    Info (12134): Parameter "port_scanwrite" = "PORT_UNUSED"
    Info (12134): Parameter "port_clk0" = "PORT_USED"
    Info (12134): Parameter "port_clk1" = "PORT_UNUSED"
    Info (12134): Parameter "port_clk2" = "PORT_UNUSED"
    Info (12134): Parameter "port_clk3" = "PORT_UNUSED"
    Info (12134): Parameter "port_clk4" = "PORT_UNUSED"
    Info (12134): Parameter "port_clk5" = "PORT_UNUSED"
    Info (12134): Parameter "port_clkena0" = "PORT_UNUSED"
    Info (12134): Parameter "port_clkena1" = "PORT_UNUSED"
    Info (12134): Parameter "port_clkena2" = "PORT_UNUSED"
    Info (12134): Parameter "port_clkena3" = "PORT_UNUSED"
    Info (12134): Parameter "port_clkena4" = "PORT_UNUSED"
    Info (12134): Parameter "port_clkena5" = "PORT_UNUSED"
    Info (12134): Parameter "port_extclk0" = "PORT_UNUSED"
    Info (12134): Parameter "port_extclk1" = "PORT_UNUSED"
    Info (12134): Parameter "port_extclk2" = "PORT_UNUSED"
    Info (12134): Parameter "port_extclk3" = "PORT_UNUSED"
    Info (12134): Parameter "self_reset_on_loss_lock" = "OFF"
    Info (12134): Parameter "width_clock" = "5"
Info (12021): Found 1 design units, including 1 entities, in source file db/pll_148mhz_altpll.v
    Info (12023): Found entity 1: pll_148mhz_altpll File: C:/intelFPGA_lite/22.1std/finalproj/db/pll_148mhz_altpll.v Line: 31
Info (12128): Elaborating entity "pll_148mhz_altpll" for hierarchy "pll_148mhz:pll_inst|altpll:altpll_component|pll_148mhz_altpll:auto_generated" File: c:/intelfpga_lite/22.1std/quartus/libraries/megafunctions/altpll.tdf Line: 898
Info (12128): Elaborating entity "vga_controller_1080p" for hierarchy "vga_controller_1080p:vga" File: C:/intelFPGA_lite/22.1std/finalproj/finalproj.v Line: 37
Warning (10230): Verilog HDL assignment warning at finalproj.v(285): truncated value with size 32 to match size of target (12) File: C:/intelFPGA_lite/22.1std/finalproj/finalproj.v Line: 285
Warning (10230): Verilog HDL assignment warning at finalproj.v(290): truncated value with size 32 to match size of target (12) File: C:/intelFPGA_lite/22.1std/finalproj/finalproj.v Line: 290
Info (12128): Elaborating entity "image_rom" for hierarchy "image_rom:img_rom" File: C:/intelFPGA_lite/22.1std/finalproj/finalproj.v Line: 72
Info (12128): Elaborating entity "altsyncram" for hierarchy "image_rom:img_rom|altsyncram:altsyncram_component" File: C:/intelFPGA_lite/22.1std/finalproj/image_rom.v Line: 82
Info (12130): Elaborated megafunction instantiation "image_rom:img_rom|altsyncram:altsyncram_component" File: C:/intelFPGA_lite/22.1std/finalproj/image_rom.v Line: 82
Info (12133): Instantiated megafunction "image_rom:img_rom|altsyncram:altsyncram_component" with the following parameter: File: C:/intelFPGA_lite/22.1std/finalproj/image_rom.v Line: 82
    Info (12134): Parameter "address_aclr_a" = "NONE"
    Info (12134): Parameter "clock_enable_input_a" = "BYPASS"
    Info (12134): Parameter "clock_enable_output_a" = "BYPASS"
    Info (12134): Parameter "init_file" = "../../../Users/meera/Downloads/image128x128 (1).mif"
    Info (12134): Parameter "intended_device_family" = "Cyclone IV E"
    Info (12134): Parameter "lpm_hint" = "ENABLE_RUNTIME_MOD=NO"
    Info (12134): Parameter "lpm_type" = "altsyncram"
    Info (12134): Parameter "numwords_a" = "16384"
    Info (12134): Parameter "operation_mode" = "ROM"
    Info (12134): Parameter "outdata_aclr_a" = "NONE"
    Info (12134): Parameter "outdata_reg_a" = "CLOCK0"
    Info (12134): Parameter "widthad_a" = "14"
    Info (12134): Parameter "width_a" = "24"
    Info (12134): Parameter "width_byteena_a" = "1"
Warning (287001): Assertion warning: MGL_INTERNAL_WARNING: ( The parameter value is not one of the pre-specified values in the value list.) altsyncram|stratix_ram_block inst ram_block1a[0]|INIT_FILE The value assigned is ../../../Users/meera/Downloads/image128x128 (1).mif and the valid value list is UNUSED|../../../Users/meera/Downloads/image128x128 (1).mif File: C:/intelFPGA_lite/22.1std/finalproj/db/altsyncram_cec1.tdf Line: 1119
Warning (287001): Assertion warning: MGL_INTERNAL_WARNING: ( The parameter value is not one of the pre-specified values in the value list.) altsyncram|stratix_ram_block inst ram_block1a[1]|INIT_FILE The value assigned is ../../../Users/meera/Downloads/image128x128 (1).mif and the valid value list is UNUSED|../../../Users/meera/Downloads/image128x128 (1).mif File: C:/intelFPGA_lite/22.1std/finalproj/db/altsyncram_cec1.tdf Line: 1122
Warning (287001): Assertion warning: MGL_INTERNAL_WARNING: ( The parameter value is not one of the pre-specified values in the value list.) altsyncram|stratix_ram_block inst ram_block1a[2]|INIT_FILE The value assigned is ../../../Users/meera/Downloads/image128x128 (1).mif and the valid value list is UNUSED|../../../Users/meera/Downloads/image128x128 (1).mif File: C:/intelFPGA_lite/22.1std/finalproj/db/altsyncram_cec1.tdf Line: 1125
Warning (287001): Assertion warning: MGL_INTERNAL_WARNING: ( The parameter value is not one of the pre-specified values in the value list.) altsyncram|stratix_ram_block inst ram_block1a[3]|INIT_FILE The value assigned is ../../../Users/meera/Downloads/image128x128 (1).mif and the valid value list is UNUSED|../../../Users/meera/Downloads/image128x128 (1).mif File: C:/intelFPGA_lite/22.1std/finalproj/db/altsyncram_cec1.tdf Line: 1128
Warning (287001): Assertion warning: MGL_INTERNAL_WARNING: ( The parameter value is not one of the pre-specified values in the value list.) altsyncram|stratix_ram_block inst ram_block1a[4]|INIT_FILE The value assigned is ../../../Users/meera/Downloads/image128x128 (1).mif and the valid value list is UNUSED|../../../Users/meera/Downloads/image128x128 (1).mif File: C:/intelFPGA_lite/22.1std/finalproj/db/altsyncram_cec1.tdf Line: 1131
Warning (287001): Assertion warning: MGL_INTERNAL_WARNING: ( The parameter value is not one of the pre-specified values in the value list.) altsyncram|stratix_ram_block inst ram_block1a[5]|INIT_FILE The value assigned is ../../../Users/meera/Downloads/image128x128 (1).mif and the valid value list is UNUSED|../../../Users/meera/Downloads/image128x128 (1).mif File: C:/intelFPGA_lite/22.1std/finalproj/db/altsyncram_cec1.tdf Line: 1134
Warning (287001): Assertion warning: MGL_INTERNAL_WARNING: ( The parameter value is not one of the pre-specified values in the value list.) altsyncram|stratix_ram_block inst ram_block1a[6]|INIT_FILE The value assigned is ../../../Users/meera/Downloads/image128x128 (1).mif and the valid value list is UNUSED|../../../Users/meera/Downloads/image128x128 (1).mif File: C:/intelFPGA_lite/22.1std/finalproj/db/altsyncram_cec1.tdf Line: 1137
Warning (287001): Assertion warning: MGL_INTERNAL_WARNING: ( The parameter value is not one of the pre-specified values in the value list.) altsyncram|stratix_ram_block inst ram_block1a[7]|INIT_FILE The value assigned is ../../../Users/meera/Downloads/image128x128 (1).mif and the valid value list is UNUSED|../../../Users/meera/Downloads/image128x128 (1).mif File: C:/intelFPGA_lite/22.1std/finalproj/db/altsyncram_cec1.tdf Line: 1140
Warning (287001): Assertion warning: MGL_INTERNAL_WARNING: ( The parameter value is not one of the pre-specified values in the value list.) altsyncram|stratix_ram_block inst ram_block1a[8]|INIT_FILE The value assigned is ../../../Users/meera/Downloads/image128x128 (1).mif and the valid value list is UNUSED|../../../Users/meera/Downloads/image128x128 (1).mif File: C:/intelFPGA_lite/22.1std/finalproj/db/altsyncram_cec1.tdf Line: 1143
Warning (287001): Assertion warning: MGL_INTERNAL_WARNING: ( The parameter value is not one of the pre-specified values in the value list.) altsyncram|stratix_ram_block inst ram_block1a[9]|INIT_FILE The value assigned is ../../../Users/meera/Downloads/image128x128 (1).mif and the valid value list is UNUSED|../../../Users/meera/Downloads/image128x128 (1).mif File: C:/intelFPGA_lite/22.1std/finalproj/db/altsyncram_cec1.tdf Line: 1146
Warning (287001): Assertion warning: MGL_INTERNAL_WARNING: ( The parameter value is not one of the pre-specified values in the value list.) altsyncram|stratix_ram_block inst ram_block1a[10]|INIT_FILE The value assigned is ../../../Users/meera/Downloads/image128x128 (1).mif and the valid value list is UNUSED|../../../Users/meera/Downloads/image128x128 (1).mif File: C:/intelFPGA_lite/22.1std/finalproj/db/altsyncram_cec1.tdf Line: 1149
Warning (287001): Assertion warning: MGL_INTERNAL_WARNING: ( The parameter value is not one of the pre-specified values in the value list.) altsyncram|stratix_ram_block inst ram_block1a[11]|INIT_FILE The value assigned is ../../../Users/meera/Downloads/image128x128 (1).mif and the valid value list is UNUSED|../../../Users/meera/Downloads/image128x128 (1).mif File: C:/intelFPGA_lite/22.1std/finalproj/db/altsyncram_cec1.tdf Line: 1152
Warning (287001): Assertion warning: MGL_INTERNAL_WARNING: ( The parameter value is not one of the pre-specified values in the value list.) altsyncram|stratix_ram_block inst ram_block1a[12]|INIT_FILE The value assigned is ../../../Users/meera/Downloads/image128x128 (1).mif and the valid value list is UNUSED|../../../Users/meera/Downloads/image128x128 (1).mif File: C:/intelFPGA_lite/22.1std/finalproj/db/altsyncram_cec1.tdf Line: 1155
Warning (287001): Assertion warning: MGL_INTERNAL_WARNING: ( The parameter value is not one of the pre-specified values in the value list.) altsyncram|stratix_ram_block inst ram_block1a[13]|INIT_FILE The value assigned is ../../../Users/meera/Downloads/image128x128 (1).mif and the valid value list is UNUSED|../../../Users/meera/Downloads/image128x128 (1).mif File: C:/intelFPGA_lite/22.1std/finalproj/db/altsyncram_cec1.tdf Line: 1158
Warning (287001): Assertion warning: MGL_INTERNAL_WARNING: ( The parameter value is not one of the pre-specified values in the value list.) altsyncram|stratix_ram_block inst ram_block1a[14]|INIT_FILE The value assigned is ../../../Users/meera/Downloads/image128x128 (1).mif and the valid value list is UNUSED|../../../Users/meera/Downloads/image128x128 (1).mif File: C:/intelFPGA_lite/22.1std/finalproj/db/altsyncram_cec1.tdf Line: 1161
Warning (287001): Assertion warning: MGL_INTERNAL_WARNING: ( The parameter value is not one of the pre-specified values in the value list.) altsyncram|stratix_ram_block inst ram_block1a[15]|INIT_FILE The value assigned is ../../../Users/meera/Downloads/image128x128 (1).mif and the valid value list is UNUSED|../../../Users/meera/Downloads/image128x128 (1).mif File: C:/intelFPGA_lite/22.1std/finalproj/db/altsyncram_cec1.tdf Line: 1164
Warning (287001): Assertion warning: MGL_INTERNAL_WARNING: ( The parameter value is not one of the pre-specified values in the value list.) altsyncram|stratix_ram_block inst ram_block1a[16]|INIT_FILE The value assigned is ../../../Users/meera/Downloads/image128x128 (1).mif and the valid value list is UNUSED|../../../Users/meera/Downloads/image128x128 (1).mif File: C:/intelFPGA_lite/22.1std/finalproj/db/altsyncram_cec1.tdf Line: 1167
Warning (287001): Assertion warning: MGL_INTERNAL_WARNING: ( The parameter value is not one of the pre-specified values in the value list.) altsyncram|stratix_ram_block inst ram_block1a[17]|INIT_FILE The value assigned is ../../../Users/meera/Downloads/image128x128 (1).mif and the valid value list is UNUSED|../../../Users/meera/Downloads/image128x128 (1).mif File: C:/intelFPGA_lite/22.1std/finalproj/db/altsyncram_cec1.tdf Line: 1170
Warning (287001): Assertion warning: MGL_INTERNAL_WARNING: ( The parameter value is not one of the pre-specified values in the value list.) altsyncram|stratix_ram_block inst ram_block1a[18]|INIT_FILE The value assigned is ../../../Users/meera/Downloads/image128x128 (1).mif and the valid value list is UNUSED|../../../Users/meera/Downloads/image128x128 (1).mif File: C:/intelFPGA_lite/22.1std/finalproj/db/altsyncram_cec1.tdf Line: 1173
Warning (287001): Assertion warning: MGL_INTERNAL_WARNING: ( The parameter value is not one of the pre-specified values in the value list.) altsyncram|stratix_ram_block inst ram_block1a[19]|INIT_FILE The value assigned is ../../../Users/meera/Downloads/image128x128 (1).mif and the valid value list is UNUSED|../../../Users/meera/Downloads/image128x128 (1).mif File: C:/intelFPGA_lite/22.1std/finalproj/db/altsyncram_cec1.tdf Line: 1176
Warning (287001): Assertion warning: MGL_INTERNAL_WARNING: ( The parameter value is not one of the pre-specified values in the value list.) altsyncram|stratix_ram_block inst ram_block1a[20]|INIT_FILE The value assigned is ../../../Users/meera/Downloads/image128x128 (1).mif and the valid value list is UNUSED|../../../Users/meera/Downloads/image128x128 (1).mif File: C:/intelFPGA_lite/22.1std/finalproj/db/altsyncram_cec1.tdf Line: 1179
Warning (287001): Assertion warning: MGL_INTERNAL_WARNING: ( The parameter value is not one of the pre-specified values in the value list.) altsyncram|stratix_ram_block inst ram_block1a[21]|INIT_FILE The value assigned is ../../../Users/meera/Downloads/image128x128 (1).mif and the valid value list is UNUSED|../../../Users/meera/Downloads/image128x128 (1).mif File: C:/intelFPGA_lite/22.1std/finalproj/db/altsyncram_cec1.tdf Line: 1182
Warning (287001): Assertion warning: MGL_INTERNAL_WARNING: ( The parameter value is not one of the pre-specified values in the value list.) altsyncram|stratix_ram_block inst ram_block1a[22]|INIT_FILE The value assigned is ../../../Users/meera/Downloads/image128x128 (1).mif and the valid value list is UNUSED|../../../Users/meera/Downloads/image128x128 (1).mif File: C:/intelFPGA_lite/22.1std/finalproj/db/altsyncram_cec1.tdf Line: 1185
Warning (287001): Assertion warning: MGL_INTERNAL_WARNING: ( The parameter value is not one of the pre-specified values in the value list.) altsyncram|stratix_ram_block inst ram_block1a[23]|INIT_FILE The value assigned is ../../../Users/meera/Downloads/image128x128 (1).mif and the valid value list is UNUSED|../../../Users/meera/Downloads/image128x128 (1).mif File: C:/intelFPGA_lite/22.1std/finalproj/db/altsyncram_cec1.tdf Line: 1188
Warning (287001): Assertion warning: MGL_INTERNAL_WARNING: ( The parameter value is not one of the pre-specified values in the value list.) altsyncram|stratix_ram_block inst ram_block1a[24]|INIT_FILE The value assigned is ../../../Users/meera/Downloads/image128x128 (1).mif and the valid value list is UNUSED|../../../Users/meera/Downloads/image128x128 (1).mif File: C:/intelFPGA_lite/22.1std/finalproj/db/altsyncram_cec1.tdf Line: 1191
Warning (287001): Assertion warning: MGL_INTERNAL_WARNING: ( The parameter value is not one of the pre-specified values in the value list.) altsyncram|stratix_ram_block inst ram_block1a[25]|INIT_FILE The value assigned is ../../../Users/meera/Downloads/image128x128 (1).mif and the valid value list is UNUSED|../../../Users/meera/Downloads/image128x128 (1).mif File: C:/intelFPGA_lite/22.1std/finalproj/db/altsyncram_cec1.tdf Line: 1194
Warning (287001): Assertion warning: MGL_INTERNAL_WARNING: ( The parameter value is not one of the pre-specified values in the value list.) altsyncram|stratix_ram_block inst ram_block1a[26]|INIT_FILE The value assigned is ../../../Users/meera/Downloads/image128x128 (1).mif and the valid value list is UNUSED|../../../Users/meera/Downloads/image128x128 (1).mif File: C:/intelFPGA_lite/22.1std/finalproj/db/altsyncram_cec1.tdf Line: 1197
Warning (287001): Assertion warning: MGL_INTERNAL_WARNING: ( The parameter value is not one of the pre-specified values in the value list.) altsyncram|stratix_ram_block inst ram_block1a[27]|INIT_FILE The value assigned is ../../../Users/meera/Downloads/image128x128 (1).mif and the valid value list is UNUSED|../../../Users/meera/Downloads/image128x128 (1).mif File: C:/intelFPGA_lite/22.1std/finalproj/db/altsyncram_cec1.tdf Line: 1200
Warning (287001): Assertion warning: MGL_INTERNAL_WARNING: ( The parameter value is not one of the pre-specified values in the value list.) altsyncram|stratix_ram_block inst ram_block1a[28]|INIT_FILE The value assigned is ../../../Users/meera/Downloads/image128x128 (1).mif and the valid value list is UNUSED|../../../Users/meera/Downloads/image128x128 (1).mif File: C:/intelFPGA_lite/22.1std/finalproj/db/altsyncram_cec1.tdf Line: 1203
Warning (287001): Assertion warning: MGL_INTERNAL_WARNING: ( The parameter value is not one of the pre-specified values in the value list.) altsyncram|stratix_ram_block inst ram_block1a[29]|INIT_FILE The value assigned is ../../../Users/meera/Downloads/image128x128 (1).mif and the valid value list is UNUSED|../../../Users/meera/Downloads/image128x128 (1).mif File: C:/intelFPGA_lite/22.1std/finalproj/db/altsyncram_cec1.tdf Line: 1206
Warning (287001): Assertion warning: MGL_INTERNAL_WARNING: ( The parameter value is not one of the pre-specified values in the value list.) altsyncram|stratix_ram_block inst ram_block1a[30]|INIT_FILE The value assigned is ../../../Users/meera/Downloads/image128x128 (1).mif and the valid value list is UNUSED|../../../Users/meera/Downloads/image128x128 (1).mif File: C:/intelFPGA_lite/22.1std/finalproj/db/altsyncram_cec1.tdf Line: 1209
Warning (287001): Assertion warning: MGL_INTERNAL_WARNING: ( The parameter value is not one of the pre-specified values in the value list.) altsyncram|stratix_ram_block inst ram_block1a[31]|INIT_FILE The value assigned is ../../../Users/meera/Downloads/image128x128 (1).mif and the valid value list is UNUSED|../../../Users/meera/Downloads/image128x128 (1).mif File: C:/intelFPGA_lite/22.1std/finalproj/db/altsyncram_cec1.tdf Line: 1212
Warning (287001): Assertion warning: MGL_INTERNAL_WARNING: ( The parameter value is not one of the pre-specified values in the value list.) altsyncram|stratix_ram_block inst ram_block1a[32]|INIT_FILE The value assigned is ../../../Users/meera/Downloads/image128x128 (1).mif and the valid value list is UNUSED|../../../Users/meera/Downloads/image128x128 (1).mif File: C:/intelFPGA_lite/22.1std/finalproj/db/altsyncram_cec1.tdf Line: 1215
Warning (287001): Assertion warning: MGL_INTERNAL_WARNING: ( The parameter value is not one of the pre-specified values in the value list.) altsyncram|stratix_ram_block inst ram_block1a[33]|INIT_FILE The value assigned is ../../../Users/meera/Downloads/image128x128 (1).mif and the valid value list is UNUSED|../../../Users/meera/Downloads/image128x128 (1).mif File: C:/intelFPGA_lite/22.1std/finalproj/db/altsyncram_cec1.tdf Line: 1218
Warning (287001): Assertion warning: MGL_INTERNAL_WARNING: ( The parameter value is not one of the pre-specified values in the value list.) altsyncram|stratix_ram_block inst ram_block1a[34]|INIT_FILE The value assigned is ../../../Users/meera/Downloads/image128x128 (1).mif and the valid value list is UNUSED|../../../Users/meera/Downloads/image128x128 (1).mif File: C:/intelFPGA_lite/22.1std/finalproj/db/altsyncram_cec1.tdf Line: 1221
Warning (287001): Assertion warning: MGL_INTERNAL_WARNING: ( The parameter value is not one of the pre-specified values in the value list.) altsyncram|stratix_ram_block inst ram_block1a[35]|INIT_FILE The value assigned is ../../../Users/meera/Downloads/image128x128 (1).mif and the valid value list is UNUSED|../../../Users/meera/Downloads/image128x128 (1).mif File: C:/intelFPGA_lite/22.1std/finalproj/db/altsyncram_cec1.tdf Line: 1224
Warning (287001): Assertion warning: MGL_INTERNAL_WARNING: ( The parameter value is not one of the pre-specified values in the value list.) altsyncram|stratix_ram_block inst ram_block1a[36]|INIT_FILE The value assigned is ../../../Users/meera/Downloads/image128x128 (1).mif and the valid value list is UNUSED|../../../Users/meera/Downloads/image128x128 (1).mif File: C:/intelFPGA_lite/22.1std/finalproj/db/altsyncram_cec1.tdf Line: 1227
Warning (287001): Assertion warning: MGL_INTERNAL_WARNING: ( The parameter value is not one of the pre-specified values in the value list.) altsyncram|stratix_ram_block inst ram_block1a[37]|INIT_FILE The value assigned is ../../../Users/meera/Downloads/image128x128 (1).mif and the valid value list is UNUSED|../../../Users/meera/Downloads/image128x128 (1).mif File: C:/intelFPGA_lite/22.1std/finalproj/db/altsyncram_cec1.tdf Line: 1230
Warning (287001): Assertion warning: MGL_INTERNAL_WARNING: ( The parameter value is not one of the pre-specified values in the value list.) altsyncram|stratix_ram_block inst ram_block1a[38]|INIT_FILE The value assigned is ../../../Users/meera/Downloads/image128x128 (1).mif and the valid value list is UNUSED|../../../Users/meera/Downloads/image128x128 (1).mif File: C:/intelFPGA_lite/22.1std/finalproj/db/altsyncram_cec1.tdf Line: 1233
Warning (287001): Assertion warning: MGL_INTERNAL_WARNING: ( The parameter value is not one of the pre-specified values in the value list.) altsyncram|stratix_ram_block inst ram_block1a[39]|INIT_FILE The value assigned is ../../../Users/meera/Downloads/image128x128 (1).mif and the valid value list is UNUSED|../../../Users/meera/Downloads/image128x128 (1).mif File: C:/intelFPGA_lite/22.1std/finalproj/db/altsyncram_cec1.tdf Line: 1236
Warning (287001): Assertion warning: MGL_INTERNAL_WARNING: ( The parameter value is not one of the pre-specified values in the value list.) altsyncram|stratix_ram_block inst ram_block1a[40]|INIT_FILE The value assigned is ../../../Users/meera/Downloads/image128x128 (1).mif and the valid value list is UNUSED|../../../Users/meera/Downloads/image128x128 (1).mif File: C:/intelFPGA_lite/22.1std/finalproj/db/altsyncram_cec1.tdf Line: 1239
Warning (287001): Assertion warning: MGL_INTERNAL_WARNING: ( The parameter value is not one of the pre-specified values in the value list.) altsyncram|stratix_ram_block inst ram_block1a[41]|INIT_FILE The value assigned is ../../../Users/meera/Downloads/image128x128 (1).mif and the valid value list is UNUSED|../../../Users/meera/Downloads/image128x128 (1).mif File: C:/intelFPGA_lite/22.1std/finalproj/db/altsyncram_cec1.tdf Line: 1242
Warning (287001): Assertion warning: MGL_INTERNAL_WARNING: ( The parameter value is not one of the pre-specified values in the value list.) altsyncram|stratix_ram_block inst ram_block1a[42]|INIT_FILE The value assigned is ../../../Users/meera/Downloads/image128x128 (1).mif and the valid value list is UNUSED|../../../Users/meera/Downloads/image128x128 (1).mif File: C:/intelFPGA_lite/22.1std/finalproj/db/altsyncram_cec1.tdf Line: 1245
Warning (287001): Assertion warning: MGL_INTERNAL_WARNING: ( The parameter value is not one of the pre-specified values in the value list.) altsyncram|stratix_ram_block inst ram_block1a[43]|INIT_FILE The value assigned is ../../../Users/meera/Downloads/image128x128 (1).mif and the valid value list is UNUSED|../../../Users/meera/Downloads/image128x128 (1).mif File: C:/intelFPGA_lite/22.1std/finalproj/db/altsyncram_cec1.tdf Line: 1248
Warning (287001): Assertion warning: MGL_INTERNAL_WARNING: ( The parameter value is not one of the pre-specified values in the value list.) altsyncram|stratix_ram_block inst ram_block1a[44]|INIT_FILE The value assigned is ../../../Users/meera/Downloads/image128x128 (1).mif and the valid value list is UNUSED|../../../Users/meera/Downloads/image128x128 (1).mif File: C:/intelFPGA_lite/22.1std/finalproj/db/altsyncram_cec1.tdf Line: 1251
Warning (287001): Assertion warning: MGL_INTERNAL_WARNING: ( The parameter value is not one of the pre-specified values in the value list.) altsyncram|stratix_ram_block inst ram_block1a[45]|INIT_FILE The value assigned is ../../../Users/meera/Downloads/image128x128 (1).mif and the valid value list is UNUSED|../../../Users/meera/Downloads/image128x128 (1).mif File: C:/intelFPGA_lite/22.1std/finalproj/db/altsyncram_cec1.tdf Line: 1254
Warning (287001): Assertion warning: MGL_INTERNAL_WARNING: ( The parameter value is not one of the pre-specified values in the value list.) altsyncram|stratix_ram_block inst ram_block1a[46]|INIT_FILE The value assigned is ../../../Users/meera/Downloads/image128x128 (1).mif and the valid value list is UNUSED|../../../Users/meera/Downloads/image128x128 (1).mif File: C:/intelFPGA_lite/22.1std/finalproj/db/altsyncram_cec1.tdf Line: 1257
Warning (287001): Assertion warning: MGL_INTERNAL_WARNING: ( The parameter value is not one of the pre-specified values in the value list.) altsyncram|stratix_ram_block inst ram_block1a[47]|INIT_FILE The value assigned is ../../../Users/meera/Downloads/image128x128 (1).mif and the valid value list is UNUSED|../../../Users/meera/Downloads/image128x128 (1).mif File: C:/intelFPGA_lite/22.1std/finalproj/db/altsyncram_cec1.tdf Line: 1260
Info (12021): Found 1 design units, including 1 entities, in source file db/altsyncram_cec1.tdf
    Info (12023): Found entity 1: altsyncram_cec1 File: C:/intelFPGA_lite/22.1std/finalproj/db/altsyncram_cec1.tdf Line: 32
Info (12128): Elaborating entity "altsyncram_cec1" for hierarchy "image_rom:img_rom|altsyncram:altsyncram_component|altsyncram_cec1:auto_generated" File: c:/intelfpga_lite/22.1std/quartus/libraries/megafunctions/altsyncram.tdf Line: 792
Info (12021): Found 1 design units, including 1 entities, in source file db/decode_c8a.tdf
    Info (12023): Found entity 1: decode_c8a File: C:/intelFPGA_lite/22.1std/finalproj/db/decode_c8a.tdf Line: 23
Info (12128): Elaborating entity "decode_c8a" for hierarchy "image_rom:img_rom|altsyncram:altsyncram_component|altsyncram_cec1:auto_generated|decode_c8a:rden_decode" File: C:/intelFPGA_lite/22.1std/finalproj/db/altsyncram_cec1.tdf Line: 41
Info (12021): Found 1 design units, including 1 entities, in source file db/mux_hob.tdf
    Info (12023): Found entity 1: mux_hob File: C:/intelFPGA_lite/22.1std/finalproj/db/mux_hob.tdf Line: 23
Info (12128): Elaborating entity "mux_hob" for hierarchy "image_rom:img_rom|altsyncram:altsyncram_component|altsyncram_cec1:auto_generated|mux_hob:mux2" File: C:/intelFPGA_lite/22.1std/finalproj/db/altsyncram_cec1.tdf Line: 42
Info (12128): Elaborating entity "ContrastEnhancer" for hierarchy "ContrastEnhancer:contrast_inst" File: C:/intelFPGA_lite/22.1std/finalproj/finalproj.v Line: 83
Warning (10230): Verilog HDL assignment warning at finalproj.v(165): truncated value with size 32 to match size of target (16) File: C:/intelFPGA_lite/22.1std/finalproj/finalproj.v Line: 165
Warning (10230): Verilog HDL assignment warning at finalproj.v(166): truncated value with size 32 to match size of target (16) File: C:/intelFPGA_lite/22.1std/finalproj/finalproj.v Line: 166
Warning (10230): Verilog HDL assignment warning at finalproj.v(167): truncated value with size 32 to match size of target (16) File: C:/intelFPGA_lite/22.1std/finalproj/finalproj.v Line: 167
Warning (10230): Verilog HDL assignment warning at finalproj.v(169): truncated value with size 32 to match size of target (16) File: C:/intelFPGA_lite/22.1std/finalproj/finalproj.v Line: 169
Warning (10230): Verilog HDL assignment warning at finalproj.v(170): truncated value with size 32 to match size of target (16) File: C:/intelFPGA_lite/22.1std/finalproj/finalproj.v Line: 170
Warning (10230): Verilog HDL assignment warning at finalproj.v(171): truncated value with size 32 to match size of target (16) File: C:/intelFPGA_lite/22.1std/finalproj/finalproj.v Line: 171
Info (12128): Elaborating entity "nearest_centroid_segment" for hierarchy "nearest_centroid_segment:ncentroid_inst" File: C:/intelFPGA_lite/22.1std/finalproj/finalproj.v Line: 105
Info (12128): Elaborating entity "color_map10" for hierarchy "color_map10:cmap_inst" File: C:/intelFPGA_lite/22.1std/finalproj/finalproj.v Line: 114
Info (278001): Inferred 34 megafunctions from design logic
    Info (278003): Inferred multiplier megafunction ("lpm_mult") from the following logic: "nearest_centroid_segment:ncentroid_inst|Mult29" File: C:/intelFPGA_lite/22.1std/finalproj/finalproj.v Line: 232
    Info (278003): Inferred multiplier megafunction ("lpm_mult") from the following logic: "nearest_centroid_segment:ncentroid_inst|Mult2" File: C:/intelFPGA_lite/22.1std/finalproj/finalproj.v Line: 232
    Info (278003): Inferred multiplier megafunction ("lpm_mult") from the following logic: "nearest_centroid_segment:ncentroid_inst|Mult5" File: C:/intelFPGA_lite/22.1std/finalproj/finalproj.v Line: 232
    Info (278004): Inferred divider/modulo megafunction ("lpm_divide") from the following logic: "ContrastEnhancer:contrast_inst|Div2" File: C:/intelFPGA_lite/22.1std/finalproj/finalproj.v Line: 167
    Info (278004): Inferred divider/modulo megafunction ("lpm_divide") from the following logic: "ContrastEnhancer:contrast_inst|Div5" File: C:/intelFPGA_lite/22.1std/finalproj/finalproj.v Line: 171
    Info (278003): Inferred multiplier megafunction ("lpm_mult") from the following logic: "nearest_centroid_segment:ncentroid_inst|Mult8" File: C:/intelFPGA_lite/22.1std/finalproj/finalproj.v Line: 232
    Info (278003): Inferred multiplier megafunction ("lpm_mult") from the following logic: "nearest_centroid_segment:ncentroid_inst|Mult11" File: C:/intelFPGA_lite/22.1std/finalproj/finalproj.v Line: 232
    Info (278003): Inferred multiplier megafunction ("lpm_mult") from the following logic: "nearest_centroid_segment:ncentroid_inst|Mult14" File: C:/intelFPGA_lite/22.1std/finalproj/finalproj.v Line: 232
    Info (278003): Inferred multiplier megafunction ("lpm_mult") from the following logic: "nearest_centroid_segment:ncentroid_inst|Mult17" File: C:/intelFPGA_lite/22.1std/finalproj/finalproj.v Line: 232
    Info (278003): Inferred multiplier megafunction ("lpm_mult") from the following logic: "nearest_centroid_segment:ncentroid_inst|Mult20" File: C:/intelFPGA_lite/22.1std/finalproj/finalproj.v Line: 232
    Info (278003): Inferred multiplier megafunction ("lpm_mult") from the following logic: "nearest_centroid_segment:ncentroid_inst|Mult26" File: C:/intelFPGA_lite/22.1std/finalproj/finalproj.v Line: 232
    Info (278004): Inferred divider/modulo megafunction ("lpm_divide") from the following logic: "ContrastEnhancer:contrast_inst|Div4" File: C:/intelFPGA_lite/22.1std/finalproj/finalproj.v Line: 170
    Info (278004): Inferred divider/modulo megafunction ("lpm_divide") from the following logic: "ContrastEnhancer:contrast_inst|Div1" File: C:/intelFPGA_lite/22.1std/finalproj/finalproj.v Line: 166
    Info (278003): Inferred multiplier megafunction ("lpm_mult") from the following logic: "nearest_centroid_segment:ncentroid_inst|Mult28" File: C:/intelFPGA_lite/22.1std/finalproj/finalproj.v Line: 231
    Info (278003): Inferred multiplier megafunction ("lpm_mult") from the following logic: "nearest_centroid_segment:ncentroid_inst|Mult12" File: C:/intelFPGA_lite/22.1std/finalproj/finalproj.v Line: 230
    Info (278003): Inferred multiplier megafunction ("lpm_mult") from the following logic: "nearest_centroid_segment:ncentroid_inst|Mult0" File: C:/intelFPGA_lite/22.1std/finalproj/finalproj.v Line: 230
    Info (278003): Inferred multiplier megafunction ("lpm_mult") from the following logic: "nearest_centroid_segment:ncentroid_inst|Mult1" File: C:/intelFPGA_lite/22.1std/finalproj/finalproj.v Line: 231
    Info (278004): Inferred divider/modulo megafunction ("lpm_divide") from the following logic: "ContrastEnhancer:contrast_inst|Div0" File: C:/intelFPGA_lite/22.1std/finalproj/finalproj.v Line: 165
    Info (278004): Inferred divider/modulo megafunction ("lpm_divide") from the following logic: "ContrastEnhancer:contrast_inst|Div3" File: C:/intelFPGA_lite/22.1std/finalproj/finalproj.v Line: 169
    Info (278003): Inferred multiplier megafunction ("lpm_mult") from the following logic: "nearest_centroid_segment:ncentroid_inst|Mult3" File: C:/intelFPGA_lite/22.1std/finalproj/finalproj.v Line: 230
    Info (278003): Inferred multiplier megafunction ("lpm_mult") from the following logic: "nearest_centroid_segment:ncentroid_inst|Mult4" File: C:/intelFPGA_lite/22.1std/finalproj/finalproj.v Line: 231
    Info (278003): Inferred multiplier megafunction ("lpm_mult") from the following logic: "nearest_centroid_segment:ncentroid_inst|Mult6" File: C:/intelFPGA_lite/22.1std/finalproj/finalproj.v Line: 230
    Info (278003): Inferred multiplier megafunction ("lpm_mult") from the following logic: "nearest_centroid_segment:ncentroid_inst|Mult7" File: C:/intelFPGA_lite/22.1std/finalproj/finalproj.v Line: 231
    Info (278003): Inferred multiplier megafunction ("lpm_mult") from the following logic: "nearest_centroid_segment:ncentroid_inst|Mult9" File: C:/intelFPGA_lite/22.1std/finalproj/finalproj.v Line: 230
    Info (278003): Inferred multiplier megafunction ("lpm_mult") from the following logic: "nearest_centroid_segment:ncentroid_inst|Mult10" File: C:/intelFPGA_lite/22.1std/finalproj/finalproj.v Line: 231
    Info (278003): Inferred multiplier megafunction ("lpm_mult") from the following logic: "nearest_centroid_segment:ncentroid_inst|Mult13" File: C:/intelFPGA_lite/22.1std/finalproj/finalproj.v Line: 231
    Info (278003): Inferred multiplier megafunction ("lpm_mult") from the following logic: "nearest_centroid_segment:ncentroid_inst|Mult15" File: C:/intelFPGA_lite/22.1std/finalproj/finalproj.v Line: 230
    Info (278003): Inferred multiplier megafunction ("lpm_mult") from the following logic: "nearest_centroid_segment:ncentroid_inst|Mult16" File: C:/intelFPGA_lite/22.1std/finalproj/finalproj.v Line: 231
    Info (278003): Inferred multiplier megafunction ("lpm_mult") from the following logic: "nearest_centroid_segment:ncentroid_inst|Mult18" File: C:/intelFPGA_lite/22.1std/finalproj/finalproj.v Line: 230
    Info (278003): Inferred multiplier megafunction ("lpm_mult") from the following logic: "nearest_centroid_segment:ncentroid_inst|Mult19" File: C:/intelFPGA_lite/22.1std/finalproj/finalproj.v Line: 231
    Info (278003): Inferred multiplier megafunction ("lpm_mult") from the following logic: "nearest_centroid_segment:ncentroid_inst|Mult21" File: C:/intelFPGA_lite/22.1std/finalproj/finalproj.v Line: 230
    Info (278003): Inferred multiplier megafunction ("lpm_mult") from the following logic: "nearest_centroid_segment:ncentroid_inst|Mult22" File: C:/intelFPGA_lite/22.1std/finalproj/finalproj.v Line: 231
    Info (278003): Inferred multiplier megafunction ("lpm_mult") from the following logic: "nearest_centroid_segment:ncentroid_inst|Mult24" File: C:/intelFPGA_lite/22.1std/finalproj/finalproj.v Line: 230
    Info (278003): Inferred multiplier megafunction ("lpm_mult") from the following logic: "nearest_centroid_segment:ncentroid_inst|Mult25" File: C:/intelFPGA_lite/22.1std/finalproj/finalproj.v Line: 231
Info (12130): Elaborated megafunction instantiation "nearest_centroid_segment:ncentroid_inst|lpm_mult:Mult29" File: C:/intelFPGA_lite/22.1std/finalproj/finalproj.v Line: 232
Info (12133): Instantiated megafunction "nearest_centroid_segment:ncentroid_inst|lpm_mult:Mult29" with the following parameter: File: C:/intelFPGA_lite/22.1std/finalproj/finalproj.v Line: 232
    Info (12134): Parameter "LPM_WIDTHA" = "9"
    Info (12134): Parameter "LPM_WIDTHB" = "9"
    Info (12134): Parameter "LPM_WIDTHP" = "18"
    Info (12134): Parameter "LPM_WIDTHR" = "18"
    Info (12134): Parameter "LPM_WIDTHS" = "1"
    Info (12134): Parameter "LPM_REPRESENTATION" = "SIGNED"
    Info (12134): Parameter "INPUT_A_IS_CONSTANT" = "NO"
    Info (12134): Parameter "INPUT_B_IS_CONSTANT" = "NO"
    Info (12134): Parameter "MAXIMIZE_SPEED" = "5"
Info (12021): Found 1 design units, including 1 entities, in source file db/mult_b3t.tdf
    Info (12023): Found entity 1: mult_b3t File: C:/intelFPGA_lite/22.1std/finalproj/db/mult_b3t.tdf Line: 29
Info (12130): Elaborated megafunction instantiation "ContrastEnhancer:contrast_inst|lpm_divide:Div2" File: C:/intelFPGA_lite/22.1std/finalproj/finalproj.v Line: 167
Info (12133): Instantiated megafunction "ContrastEnhancer:contrast_inst|lpm_divide:Div2" with the following parameter: File: C:/intelFPGA_lite/22.1std/finalproj/finalproj.v Line: 167
    Info (12134): Parameter "LPM_WIDTHN" = "13"
    Info (12134): Parameter "LPM_WIDTHD" = "4"
    Info (12134): Parameter "LPM_NREPRESENTATION" = "UNSIGNED"
    Info (12134): Parameter "LPM_DREPRESENTATION" = "UNSIGNED"
Info (12021): Found 1 design units, including 1 entities, in source file db/lpm_divide_vim.tdf
    Info (12023): Found entity 1: lpm_divide_vim File: C:/intelFPGA_lite/22.1std/finalproj/db/lpm_divide_vim.tdf Line: 25
Info (12021): Found 1 design units, including 1 entities, in source file db/sign_div_unsign_nlh.tdf
    Info (12023): Found entity 1: sign_div_unsign_nlh File: C:/intelFPGA_lite/22.1std/finalproj/db/sign_div_unsign_nlh.tdf Line: 25
Info (12021): Found 1 design units, including 1 entities, in source file db/alt_u_div_27f.tdf
    Info (12023): Found entity 1: alt_u_div_27f File: C:/intelFPGA_lite/22.1std/finalproj/db/alt_u_div_27f.tdf Line: 27
Info (12021): Found 1 design units, including 1 entities, in source file db/add_sub_7pc.tdf
    Info (12023): Found entity 1: add_sub_7pc File: C:/intelFPGA_lite/22.1std/finalproj/db/add_sub_7pc.tdf Line: 23
Info (12021): Found 1 design units, including 1 entities, in source file db/add_sub_8pc.tdf
    Info (12023): Found entity 1: add_sub_8pc File: C:/intelFPGA_lite/22.1std/finalproj/db/add_sub_8pc.tdf Line: 23
Info (12130): Elaborated megafunction instantiation "ContrastEnhancer:contrast_inst|lpm_divide:Div5" File: C:/intelFPGA_lite/22.1std/finalproj/finalproj.v Line: 171
Info (12133): Instantiated megafunction "ContrastEnhancer:contrast_inst|lpm_divide:Div5" with the following parameter: File: C:/intelFPGA_lite/22.1std/finalproj/finalproj.v Line: 171
    Info (12134): Parameter "LPM_WIDTHN" = "12"
    Info (12134): Parameter "LPM_WIDTHD" = "4"
    Info (12134): Parameter "LPM_NREPRESENTATION" = "UNSIGNED"
    Info (12134): Parameter "LPM_DREPRESENTATION" = "UNSIGNED"
Info (12021): Found 1 design units, including 1 entities, in source file db/lpm_divide_uim.tdf
    Info (12023): Found entity 1: lpm_divide_uim File: C:/intelFPGA_lite/22.1std/finalproj/db/lpm_divide_uim.tdf Line: 25
Info (12021): Found 1 design units, including 1 entities, in source file db/sign_div_unsign_mlh.tdf
    Info (12023): Found entity 1: sign_div_unsign_mlh File: C:/intelFPGA_lite/22.1std/finalproj/db/sign_div_unsign_mlh.tdf Line: 25
Info (12021): Found 1 design units, including 1 entities, in source file db/alt_u_div_07f.tdf
    Info (12023): Found entity 1: alt_u_div_07f File: C:/intelFPGA_lite/22.1std/finalproj/db/alt_u_div_07f.tdf Line: 27
Warning (12241): 1 hierarchies have connectivity warnings - see the Connectivity Checks report folder
Warning (13024): Output pins are stuck at VCC or GND
    Warning (13410): Pin "VGA_SYNC_N" is stuck at GND File: C:/intelFPGA_lite/22.1std/finalproj/finalproj.v Line: 11
    Warning (13410): Pin "HEX0[0]" is stuck at GND File: C:/intelFPGA_lite/22.1std/finalproj/finalproj.v Line: 12
    Warning (13410): Pin "HEX0[1]" is stuck at GND File: C:/intelFPGA_lite/22.1std/finalproj/finalproj.v Line: 12
    Warning (13410): Pin "HEX0[2]" is stuck at GND File: C:/intelFPGA_lite/22.1std/finalproj/finalproj.v Line: 12
    Warning (13410): Pin "HEX0[3]" is stuck at GND File: C:/intelFPGA_lite/22.1std/finalproj/finalproj.v Line: 12
    Warning (13410): Pin "HEX0[4]" is stuck at GND File: C:/intelFPGA_lite/22.1std/finalproj/finalproj.v Line: 12
    Warning (13410): Pin "HEX0[5]" is stuck at GND File: C:/intelFPGA_lite/22.1std/finalproj/finalproj.v Line: 12
    Warning (13410): Pin "HEX0[6]" is stuck at GND File: C:/intelFPGA_lite/22.1std/finalproj/finalproj.v Line: 12
    Warning (13410): Pin "HEX1[0]" is stuck at GND File: C:/intelFPGA_lite/22.1std/finalproj/finalproj.v Line: 12
    Warning (13410): Pin "HEX1[1]" is stuck at GND File: C:/intelFPGA_lite/22.1std/finalproj/finalproj.v Line: 12
    Warning (13410): Pin "HEX1[2]" is stuck at GND File: C:/intelFPGA_lite/22.1std/finalproj/finalproj.v Line: 12
    Warning (13410): Pin "HEX1[3]" is stuck at GND File: C:/intelFPGA_lite/22.1std/finalproj/finalproj.v Line: 12
    Warning (13410): Pin "HEX1[4]" is stuck at GND File: C:/intelFPGA_lite/22.1std/finalproj/finalproj.v Line: 12
    Warning (13410): Pin "HEX1[5]" is stuck at GND File: C:/intelFPGA_lite/22.1std/finalproj/finalproj.v Line: 12
    Warning (13410): Pin "HEX1[6]" is stuck at GND File: C:/intelFPGA_lite/22.1std/finalproj/finalproj.v Line: 12
    Warning (13410): Pin "HEX2[0]" is stuck at GND File: C:/intelFPGA_lite/22.1std/finalproj/finalproj.v Line: 12
    Warning (13410): Pin "HEX2[1]" is stuck at GND File: C:/intelFPGA_lite/22.1std/finalproj/finalproj.v Line: 12
    Warning (13410): Pin "HEX2[2]" is stuck at GND File: C:/intelFPGA_lite/22.1std/finalproj/finalproj.v Line: 12
    Warning (13410): Pin "HEX2[3]" is stuck at GND File: C:/intelFPGA_lite/22.1std/finalproj/finalproj.v Line: 12
    Warning (13410): Pin "HEX2[4]" is stuck at GND File: C:/intelFPGA_lite/22.1std/finalproj/finalproj.v Line: 12
    Warning (13410): Pin "HEX2[5]" is stuck at GND File: C:/intelFPGA_lite/22.1std/finalproj/finalproj.v Line: 12
    Warning (13410): Pin "HEX2[6]" is stuck at GND File: C:/intelFPGA_lite/22.1std/finalproj/finalproj.v Line: 12
    Warning (13410): Pin "HEX3[0]" is stuck at GND File: C:/intelFPGA_lite/22.1std/finalproj/finalproj.v Line: 13
    Warning (13410): Pin "HEX3[1]" is stuck at GND File: C:/intelFPGA_lite/22.1std/finalproj/finalproj.v Line: 13
    Warning (13410): Pin "HEX3[2]" is stuck at GND File: C:/intelFPGA_lite/22.1std/finalproj/finalproj.v Line: 13
    Warning (13410): Pin "HEX3[3]" is stuck at GND File: C:/intelFPGA_lite/22.1std/finalproj/finalproj.v Line: 13
    Warning (13410): Pin "HEX3[4]" is stuck at GND File: C:/intelFPGA_lite/22.1std/finalproj/finalproj.v Line: 13
    Warning (13410): Pin "HEX3[5]" is stuck at GND File: C:/intelFPGA_lite/22.1std/finalproj/finalproj.v Line: 13
    Warning (13410): Pin "HEX3[6]" is stuck at GND File: C:/intelFPGA_lite/22.1std/finalproj/finalproj.v Line: 13
Info (286030): Timing-Driven Synthesis is running
Info (17049): 4 registers lost all their fanouts during netlist optimizations.
Info (16010): Generating hard_block partition "hard_block:auto_generated_inst"
    Info (16011): Adding 1 node(s), including 0 DDIO, 1 PLL, 0 transceiver and 0 LCELL
Info (21057): Implemented 2019 device resources after synthesis - the final resource count might be different
    Info (21058): Implemented 12 input pins
    Info (21059): Implemented 57 output pins
    Info (21061): Implemented 1873 logic cells
    Info (21064): Implemented 48 RAM segments
    Info (21065): Implemented 1 PLLs
    Info (21062): Implemented 28 DSP elements
Info: Quartus Prime Analysis & Synthesis was successful. 0 errors, 97 warnings
    Info: Peak virtual memory: 4884 megabytes
    Info: Processing ended: Thu Jul 17 13:15:29 2025
    Info: Elapsed time: 00:00:09
    Info: Total CPU time (on all processors): 00:00:16


