Timing Analyzer report for finalproj
Thu Jul 17 13:15:56 2025
Quartus Prime Version 22.1std.0 Build 915 10/25/2022 SC Lite Edition


---------------------
; Table of Contents ;
---------------------
  1. Legal Notice
  2. Timing Analyzer Summary
  3. Parallel Compilation
  4. Clocks
  5. Slow 1200mV 85C Model Fmax Summary
  6. Timing Closure Recommendations
  7. Slow 1200mV 85C Model Setup Summary
  8. Slow 1200mV 85C Model Hold Summary
  9. Slow 1200mV 85C Model Recovery Summary
 10. Slow 1200mV 85C Model Removal Summary
 11. Slow 1200mV 85C Model Minimum Pulse Width Summary
 12. Slow 1200mV 85C Model Setup: 'pll_inst|altpll_component|auto_generated|pll1|clk[0]'
 13. Slow 1200mV 85C Model Hold: 'pll_inst|altpll_component|auto_generated|pll1|clk[0]'
 14. Slow 1200mV 85C Model Metastability Summary
 15. Slow 1200mV 0C Model Fmax Summary
 16. Slow 1200mV 0C Model Setup Summary
 17. Slow 1200mV 0C Model Hold Summary
 18. Slow 1200mV 0C Model Recovery Summary
 19. Slow 1200mV 0C Model Removal Summary
 20. Slow 1200mV 0C Model Minimum Pulse Width Summary
 21. Slow 1200mV 0C Model Setup: 'pll_inst|altpll_component|auto_generated|pll1|clk[0]'
 22. Slow 1200mV 0C Model Hold: 'pll_inst|altpll_component|auto_generated|pll1|clk[0]'
 23. Slow 1200mV 0C Model Metastability Summary
 24. Fast 1200mV 0C Model Setup Summary
 25. Fast 1200mV 0C Model Hold Summary
 26. Fast 1200mV 0C Model Recovery Summary
 27. Fast 1200mV 0C Model Removal Summary
 28. Fast 1200mV 0C Model Minimum Pulse Width Summary
 29. Fast 1200mV 0C Model Setup: 'pll_inst|altpll_component|auto_generated|pll1|clk[0]'
 30. Fast 1200mV 0C Model Hold: 'pll_inst|altpll_component|auto_generated|pll1|clk[0]'
 31. Fast 1200mV 0C Model Metastability Summary
 32. Multicorner Timing Analysis Summary
 33. Board Trace Model Assignments
 34. Input Transition Times
 35. Signal Integrity Metrics (Slow 1200mv 0c Model)
 36. Signal Integrity Metrics (Slow 1200mv 85c Model)
 37. Signal Integrity Metrics (Fast 1200mv 0c Model)
 38. Setup Transfers
 39. Hold Transfers
 40. Report TCCS
 41. Report RSKM
 42. Unconstrained Paths Summary
 43. Clock Status Summary
 44. Unconstrained Input Ports
 45. Unconstrained Output Ports
 46. Unconstrained Input Ports
 47. Unconstrained Output Ports
 48. Timing Analyzer Messages



----------------
; Legal Notice ;
----------------
Copyright (C) 2022  Intel Corporation. All rights reserved.
Your use of Intel Corporation's design tools, logic functions 
and other software and tools, and any partner logic 
functions, and any output files from any of the foregoing 
(including device programming or simulation files), and any 
associated documentation or information are expressly subject 
to the terms and conditions of the Intel Program License 
Subscription Agreement, the Intel Quartus Prime License Agreement,
the Intel FPGA IP License Agreement, or other applicable license
agreement, including, without limitation, that your use is for
the sole purpose of programming logic devices manufactured by
Intel and sold by Intel or its authorized distributors.  Please
refer to the applicable agreement for further details, at
https://fpgasoftware.intel.com/eula.



+--------------------------------------------------------------------------------+
; Timing Analyzer Summary                                                        ;
+-----------------------+--------------------------------------------------------+
; Quartus Prime Version ; Version 22.1std.0 Build 915 10/25/2022 SC Lite Edition ;
; Timing Analyzer       ; Legacy Timing Analyzer                                 ;
; Revision Name         ; finalproj                                              ;
; Device Family         ; Cyclone IV E                                           ;
; Device Name           ; EP4CE115F29C7                                          ;
; Timing Models         ; Final                                                  ;
; Delay Model           ; Combined                                               ;
; Rise/Fall Delays      ; Enabled                                                ;
+-----------------------+--------------------------------------------------------+


+------------------------------------------+
; Parallel Compilation                     ;
+----------------------------+-------------+
; Processors                 ; Number      ;
+----------------------------+-------------+
; Number detected on machine ; 12          ;
; Maximum allowed            ; 10          ;
;                            ;             ;
; Average used               ; 1.21        ;
; Maximum used               ; 10          ;
;                            ;             ;
; Usage by Processor         ; % Time Used ;
;     Processor 1            ; 100.0%      ;
;     Processor 2            ;   3.5%      ;
;     Processor 3            ;   2.5%      ;
;     Processor 4            ;   2.4%      ;
;     Processors 5-10        ;   2.2%      ;
+----------------------------+-------------+


+------------------------------------------------------------------------------------------------------------------------------------------------------------------------------------------------------------------------------------------------------------------------------------------------------------------------------------+
; Clocks                                                                                                                                                                                                                                                                                                                             ;
+------------------------------------------------------+-----------+--------+------------+-------+--------+------------+-----------+-------------+-------+--------+-----------+------------+----------+----------+--------------------------------------------------------+----------------------------------------------------------+
; Clock Name                                           ; Type      ; Period ; Frequency  ; Rise  ; Fall   ; Duty Cycle ; Divide by ; Multiply by ; Phase ; Offset ; Edge List ; Edge Shift ; Inverted ; Master   ; Source                                                 ; Targets                                                  ;
+------------------------------------------------------+-----------+--------+------------+-------+--------+------------+-----------+-------------+-------+--------+-----------+------------+----------+----------+--------------------------------------------------------+----------------------------------------------------------+
; CLOCK_50                                             ; Base      ; 20.000 ; 50.0 MHz   ; 0.000 ; 10.000 ;            ;           ;             ;       ;        ;           ;            ;          ;          ;                                                        ; { CLOCK_50 }                                             ;
; pll_inst|altpll_component|auto_generated|pll1|clk[0] ; Generated ; 6.736  ; 148.46 MHz ; 0.000 ; 3.368  ; 50.00      ; 32        ; 95          ;       ;        ;           ;            ; false    ; CLOCK_50 ; pll_inst|altpll_component|auto_generated|pll1|inclk[0] ; { pll_inst|altpll_component|auto_generated|pll1|clk[0] } ;
+------------------------------------------------------+-----------+--------+------------+-------+--------+------------+-----------+-------------+-------+--------+-----------+------------+----------+----------+--------------------------------------------------------+----------------------------------------------------------+


+--------------------------------------------------------------------------------------------+
; Slow 1200mV 85C Model Fmax Summary                                                         ;
+------------+-----------------+------------------------------------------------------+------+
; Fmax       ; Restricted Fmax ; Clock Name                                           ; Note ;
+------------+-----------------+------------------------------------------------------+------+
; 142.86 MHz ; 142.86 MHz      ; pll_inst|altpll_component|auto_generated|pll1|clk[0] ;      ;
+------------+-----------------+------------------------------------------------------+------+
This panel reports FMAX for every clock in the design, regardless of the user-specified clock periods.  FMAX is only computed for paths where the source and destination registers or ports are driven by the same clock.  Paths of different clocks, including generated clocks, are ignored.  For paths between a clock and its inversion, FMAX is computed as if the rising and falling edges are scaled along with FMAX, such that the duty cycle (in terms of a percentage) is maintained. Altera recommends that you always use clock constraints and other slack reports for sign-off analysis.


----------------------------------
; Timing Closure Recommendations ;
----------------------------------
HTML report is unavailable in plain text report export.


+-------------------------------------------------------------------------------+
; Slow 1200mV 85C Model Setup Summary                                           ;
+------------------------------------------------------+--------+---------------+
; Clock                                                ; Slack  ; End Point TNS ;
+------------------------------------------------------+--------+---------------+
; pll_inst|altpll_component|auto_generated|pll1|clk[0] ; -0.264 ; -1.682        ;
+------------------------------------------------------+--------+---------------+


+------------------------------------------------------------------------------+
; Slow 1200mV 85C Model Hold Summary                                           ;
+------------------------------------------------------+-------+---------------+
; Clock                                                ; Slack ; End Point TNS ;
+------------------------------------------------------+-------+---------------+
; pll_inst|altpll_component|auto_generated|pll1|clk[0] ; 0.641 ; 0.000         ;
+------------------------------------------------------+-------+---------------+


------------------------------------------
; Slow 1200mV 85C Model Recovery Summary ;
------------------------------------------
No paths to report.


-----------------------------------------
; Slow 1200mV 85C Model Removal Summary ;
-----------------------------------------
No paths to report.


+------------------------------------------------------------------------------+
; Slow 1200mV 85C Model Minimum Pulse Width Summary                            ;
+------------------------------------------------------+-------+---------------+
; Clock                                                ; Slack ; End Point TNS ;
+------------------------------------------------------+-------+---------------+
; pll_inst|altpll_component|auto_generated|pll1|clk[0] ; 3.043 ; 0.000         ;
; CLOCK_50                                             ; 9.891 ; 0.000         ;
+------------------------------------------------------+-------+---------------+


+--------------------------------------------------------------------------------------------------------------------------------------------------------------------------------------------------------------------------------------------------------------------------------------------------------------------+
; Slow 1200mV 85C Model Setup: 'pll_inst|altpll_component|auto_generated|pll1|clk[0]'                                                                                                                                                                                                                                ;
+--------+--------------------------------+-------------------------------------------------------------------------------------------------------------------+------------------------------------------------------+------------------------------------------------------+--------------+------------+------------+
; Slack  ; From Node                      ; To Node                                                                                                           ; Launch Clock                                         ; Latch Clock                                          ; Relationship ; Clock Skew ; Data Delay ;
+--------+--------------------------------+-------------------------------------------------------------------------------------------------------------------+------------------------------------------------------+------------------------------------------------------+--------------+------------+------------+
; -0.264 ; vga_controller_1080p:vga|x[7]  ; image_rom:img_rom|altsyncram:altsyncram_component|altsyncram_cec1:auto_generated|ram_block1a2~porta_address_reg0  ; pll_inst|altpll_component|auto_generated|pll1|clk[0] ; pll_inst|altpll_component|auto_generated|pll1|clk[0] ; 6.736        ; 0.241      ; 7.279      ;
; -0.239 ; vga_controller_1080p:vga|y[4]  ; image_rom:img_rom|altsyncram:altsyncram_component|altsyncram_cec1:auto_generated|ram_block1a2~porta_address_reg0  ; pll_inst|altpll_component|auto_generated|pll1|clk[0] ; pll_inst|altpll_component|auto_generated|pll1|clk[0] ; 6.736        ; 0.242      ; 7.255      ;
; -0.230 ; vga_controller_1080p:vga|y[3]  ; image_rom:img_rom|altsyncram:altsyncram_component|altsyncram_cec1:auto_generated|ram_block1a2~porta_address_reg0  ; pll_inst|altpll_component|auto_generated|pll1|clk[0] ; pll_inst|altpll_component|auto_generated|pll1|clk[0] ; 6.736        ; 0.242      ; 7.246      ;
; -0.199 ; vga_controller_1080p:vga|x[6]  ; image_rom:img_rom|altsyncram:altsyncram_component|altsyncram_cec1:auto_generated|ram_block1a2~porta_address_reg0  ; pll_inst|altpll_component|auto_generated|pll1|clk[0] ; pll_inst|altpll_component|auto_generated|pll1|clk[0] ; 6.736        ; 0.241      ; 7.214      ;
; -0.195 ; vga_controller_1080p:vga|x[7]  ; image_rom:img_rom|altsyncram:altsyncram_component|altsyncram_cec1:auto_generated|ram_block1a29~porta_address_reg0 ; pll_inst|altpll_component|auto_generated|pll1|clk[0] ; pll_inst|altpll_component|auto_generated|pll1|clk[0] ; 6.736        ; 0.230      ; 7.199      ;
; -0.194 ; vga_controller_1080p:vga|x[7]  ; image_rom:img_rom|altsyncram:altsyncram_component|altsyncram_cec1:auto_generated|ram_block1a34~porta_address_reg0 ; pll_inst|altpll_component|auto_generated|pll1|clk[0] ; pll_inst|altpll_component|auto_generated|pll1|clk[0] ; 6.736        ; 0.263      ; 7.231      ;
; -0.181 ; vga_controller_1080p:vga|x[9]  ; image_rom:img_rom|altsyncram:altsyncram_component|altsyncram_cec1:auto_generated|ram_block1a2~porta_address_reg0  ; pll_inst|altpll_component|auto_generated|pll1|clk[0] ; pll_inst|altpll_component|auto_generated|pll1|clk[0] ; 6.736        ; 0.241      ; 7.196      ;
; -0.174 ; vga_controller_1080p:vga|x[7]  ; image_rom:img_rom|altsyncram:altsyncram_component|altsyncram_cec1:auto_generated|ram_block1a7~porta_address_reg0  ; pll_inst|altpll_component|auto_generated|pll1|clk[0] ; pll_inst|altpll_component|auto_generated|pll1|clk[0] ; 6.736        ; 0.252      ; 7.200      ;
; -0.170 ; vga_controller_1080p:vga|y[4]  ; image_rom:img_rom|altsyncram:altsyncram_component|altsyncram_cec1:auto_generated|ram_block1a29~porta_address_reg0 ; pll_inst|altpll_component|auto_generated|pll1|clk[0] ; pll_inst|altpll_component|auto_generated|pll1|clk[0] ; 6.736        ; 0.231      ; 7.175      ;
; -0.169 ; vga_controller_1080p:vga|x[7]  ; image_rom:img_rom|altsyncram:altsyncram_component|altsyncram_cec1:auto_generated|ram_block1a6~porta_address_reg0  ; pll_inst|altpll_component|auto_generated|pll1|clk[0] ; pll_inst|altpll_component|auto_generated|pll1|clk[0] ; 6.736        ; 0.256      ; 7.199      ;
; -0.169 ; vga_controller_1080p:vga|y[4]  ; image_rom:img_rom|altsyncram:altsyncram_component|altsyncram_cec1:auto_generated|ram_block1a34~porta_address_reg0 ; pll_inst|altpll_component|auto_generated|pll1|clk[0] ; pll_inst|altpll_component|auto_generated|pll1|clk[0] ; 6.736        ; 0.264      ; 7.207      ;
; -0.161 ; vga_controller_1080p:vga|y[3]  ; image_rom:img_rom|altsyncram:altsyncram_component|altsyncram_cec1:auto_generated|ram_block1a29~porta_address_reg0 ; pll_inst|altpll_component|auto_generated|pll1|clk[0] ; pll_inst|altpll_component|auto_generated|pll1|clk[0] ; 6.736        ; 0.231      ; 7.166      ;
; -0.160 ; vga_controller_1080p:vga|y[3]  ; image_rom:img_rom|altsyncram:altsyncram_component|altsyncram_cec1:auto_generated|ram_block1a34~porta_address_reg0 ; pll_inst|altpll_component|auto_generated|pll1|clk[0] ; pll_inst|altpll_component|auto_generated|pll1|clk[0] ; 6.736        ; 0.264      ; 7.198      ;
; -0.159 ; vga_controller_1080p:vga|x[7]  ; image_rom:img_rom|altsyncram:altsyncram_component|altsyncram_cec1:auto_generated|ram_block1a11~porta_address_reg0 ; pll_inst|altpll_component|auto_generated|pll1|clk[0] ; pll_inst|altpll_component|auto_generated|pll1|clk[0] ; 6.736        ; 0.260      ; 7.193      ;
; -0.149 ; vga_controller_1080p:vga|y[4]  ; image_rom:img_rom|altsyncram:altsyncram_component|altsyncram_cec1:auto_generated|ram_block1a7~porta_address_reg0  ; pll_inst|altpll_component|auto_generated|pll1|clk[0] ; pll_inst|altpll_component|auto_generated|pll1|clk[0] ; 6.736        ; 0.253      ; 7.176      ;
; -0.144 ; vga_controller_1080p:vga|y[4]  ; image_rom:img_rom|altsyncram:altsyncram_component|altsyncram_cec1:auto_generated|ram_block1a6~porta_address_reg0  ; pll_inst|altpll_component|auto_generated|pll1|clk[0] ; pll_inst|altpll_component|auto_generated|pll1|clk[0] ; 6.736        ; 0.257      ; 7.175      ;
; -0.140 ; vga_controller_1080p:vga|y[3]  ; image_rom:img_rom|altsyncram:altsyncram_component|altsyncram_cec1:auto_generated|ram_block1a7~porta_address_reg0  ; pll_inst|altpll_component|auto_generated|pll1|clk[0] ; pll_inst|altpll_component|auto_generated|pll1|clk[0] ; 6.736        ; 0.253      ; 7.167      ;
; -0.135 ; vga_controller_1080p:vga|y[3]  ; image_rom:img_rom|altsyncram:altsyncram_component|altsyncram_cec1:auto_generated|ram_block1a6~porta_address_reg0  ; pll_inst|altpll_component|auto_generated|pll1|clk[0] ; pll_inst|altpll_component|auto_generated|pll1|clk[0] ; 6.736        ; 0.257      ; 7.166      ;
; -0.134 ; vga_controller_1080p:vga|y[4]  ; image_rom:img_rom|altsyncram:altsyncram_component|altsyncram_cec1:auto_generated|ram_block1a11~porta_address_reg0 ; pll_inst|altpll_component|auto_generated|pll1|clk[0] ; pll_inst|altpll_component|auto_generated|pll1|clk[0] ; 6.736        ; 0.261      ; 7.169      ;
; -0.130 ; vga_controller_1080p:vga|x[6]  ; image_rom:img_rom|altsyncram:altsyncram_component|altsyncram_cec1:auto_generated|ram_block1a29~porta_address_reg0 ; pll_inst|altpll_component|auto_generated|pll1|clk[0] ; pll_inst|altpll_component|auto_generated|pll1|clk[0] ; 6.736        ; 0.230      ; 7.134      ;
; -0.129 ; vga_controller_1080p:vga|x[7]  ; image_rom:img_rom|altsyncram:altsyncram_component|altsyncram_cec1:auto_generated|ram_block1a35~porta_address_reg0 ; pll_inst|altpll_component|auto_generated|pll1|clk[0] ; pll_inst|altpll_component|auto_generated|pll1|clk[0] ; 6.736        ; 0.247      ; 7.150      ;
; -0.129 ; vga_controller_1080p:vga|y[2]  ; image_rom:img_rom|altsyncram:altsyncram_component|altsyncram_cec1:auto_generated|ram_block1a2~porta_address_reg0  ; pll_inst|altpll_component|auto_generated|pll1|clk[0] ; pll_inst|altpll_component|auto_generated|pll1|clk[0] ; 6.736        ; 0.242      ; 7.145      ;
; -0.125 ; vga_controller_1080p:vga|y[3]  ; image_rom:img_rom|altsyncram:altsyncram_component|altsyncram_cec1:auto_generated|ram_block1a11~porta_address_reg0 ; pll_inst|altpll_component|auto_generated|pll1|clk[0] ; pll_inst|altpll_component|auto_generated|pll1|clk[0] ; 6.736        ; 0.261      ; 7.160      ;
; -0.117 ; vga_controller_1080p:vga|x[6]  ; image_rom:img_rom|altsyncram:altsyncram_component|altsyncram_cec1:auto_generated|ram_block1a34~porta_address_reg0 ; pll_inst|altpll_component|auto_generated|pll1|clk[0] ; pll_inst|altpll_component|auto_generated|pll1|clk[0] ; 6.736        ; 0.263      ; 7.154      ;
; -0.114 ; vga_controller_1080p:vga|x[7]  ; image_rom:img_rom|altsyncram:altsyncram_component|altsyncram_cec1:auto_generated|ram_block1a5~porta_address_reg0  ; pll_inst|altpll_component|auto_generated|pll1|clk[0] ; pll_inst|altpll_component|auto_generated|pll1|clk[0] ; 6.736        ; 0.256      ; 7.144      ;
; -0.112 ; vga_controller_1080p:vga|x[9]  ; image_rom:img_rom|altsyncram:altsyncram_component|altsyncram_cec1:auto_generated|ram_block1a29~porta_address_reg0 ; pll_inst|altpll_component|auto_generated|pll1|clk[0] ; pll_inst|altpll_component|auto_generated|pll1|clk[0] ; 6.736        ; 0.230      ; 7.116      ;
; -0.111 ; vga_controller_1080p:vga|x[9]  ; image_rom:img_rom|altsyncram:altsyncram_component|altsyncram_cec1:auto_generated|ram_block1a34~porta_address_reg0 ; pll_inst|altpll_component|auto_generated|pll1|clk[0] ; pll_inst|altpll_component|auto_generated|pll1|clk[0] ; 6.736        ; 0.263      ; 7.148      ;
; -0.109 ; vga_controller_1080p:vga|x[6]  ; image_rom:img_rom|altsyncram:altsyncram_component|altsyncram_cec1:auto_generated|ram_block1a7~porta_address_reg0  ; pll_inst|altpll_component|auto_generated|pll1|clk[0] ; pll_inst|altpll_component|auto_generated|pll1|clk[0] ; 6.736        ; 0.252      ; 7.135      ;
; -0.106 ; vga_controller_1080p:vga|x[7]  ; image_rom:img_rom|altsyncram:altsyncram_component|altsyncram_cec1:auto_generated|ram_block1a47~porta_address_reg0 ; pll_inst|altpll_component|auto_generated|pll1|clk[0] ; pll_inst|altpll_component|auto_generated|pll1|clk[0] ; 6.736        ; 0.246      ; 7.126      ;
; -0.104 ; vga_controller_1080p:vga|y[4]  ; image_rom:img_rom|altsyncram:altsyncram_component|altsyncram_cec1:auto_generated|ram_block1a35~porta_address_reg0 ; pll_inst|altpll_component|auto_generated|pll1|clk[0] ; pll_inst|altpll_component|auto_generated|pll1|clk[0] ; 6.736        ; 0.248      ; 7.126      ;
; -0.104 ; vga_controller_1080p:vga|x[6]  ; image_rom:img_rom|altsyncram:altsyncram_component|altsyncram_cec1:auto_generated|ram_block1a6~porta_address_reg0  ; pll_inst|altpll_component|auto_generated|pll1|clk[0] ; pll_inst|altpll_component|auto_generated|pll1|clk[0] ; 6.736        ; 0.256      ; 7.134      ;
; -0.095 ; vga_controller_1080p:vga|y[3]  ; image_rom:img_rom|altsyncram:altsyncram_component|altsyncram_cec1:auto_generated|ram_block1a35~porta_address_reg0 ; pll_inst|altpll_component|auto_generated|pll1|clk[0] ; pll_inst|altpll_component|auto_generated|pll1|clk[0] ; 6.736        ; 0.248      ; 7.117      ;
; -0.094 ; vga_controller_1080p:vga|x[6]  ; image_rom:img_rom|altsyncram:altsyncram_component|altsyncram_cec1:auto_generated|ram_block1a11~porta_address_reg0 ; pll_inst|altpll_component|auto_generated|pll1|clk[0] ; pll_inst|altpll_component|auto_generated|pll1|clk[0] ; 6.736        ; 0.260      ; 7.128      ;
; -0.091 ; vga_controller_1080p:vga|x[9]  ; image_rom:img_rom|altsyncram:altsyncram_component|altsyncram_cec1:auto_generated|ram_block1a7~porta_address_reg0  ; pll_inst|altpll_component|auto_generated|pll1|clk[0] ; pll_inst|altpll_component|auto_generated|pll1|clk[0] ; 6.736        ; 0.252      ; 7.117      ;
; -0.089 ; vga_controller_1080p:vga|y[4]  ; image_rom:img_rom|altsyncram:altsyncram_component|altsyncram_cec1:auto_generated|ram_block1a5~porta_address_reg0  ; pll_inst|altpll_component|auto_generated|pll1|clk[0] ; pll_inst|altpll_component|auto_generated|pll1|clk[0] ; 6.736        ; 0.257      ; 7.120      ;
; -0.086 ; vga_controller_1080p:vga|x[9]  ; image_rom:img_rom|altsyncram:altsyncram_component|altsyncram_cec1:auto_generated|ram_block1a6~porta_address_reg0  ; pll_inst|altpll_component|auto_generated|pll1|clk[0] ; pll_inst|altpll_component|auto_generated|pll1|clk[0] ; 6.736        ; 0.256      ; 7.116      ;
; -0.081 ; vga_controller_1080p:vga|y[4]  ; image_rom:img_rom|altsyncram:altsyncram_component|altsyncram_cec1:auto_generated|ram_block1a47~porta_address_reg0 ; pll_inst|altpll_component|auto_generated|pll1|clk[0] ; pll_inst|altpll_component|auto_generated|pll1|clk[0] ; 6.736        ; 0.247      ; 7.102      ;
; -0.080 ; vga_controller_1080p:vga|y[3]  ; image_rom:img_rom|altsyncram:altsyncram_component|altsyncram_cec1:auto_generated|ram_block1a5~porta_address_reg0  ; pll_inst|altpll_component|auto_generated|pll1|clk[0] ; pll_inst|altpll_component|auto_generated|pll1|clk[0] ; 6.736        ; 0.257      ; 7.111      ;
; -0.076 ; vga_controller_1080p:vga|x[9]  ; image_rom:img_rom|altsyncram:altsyncram_component|altsyncram_cec1:auto_generated|ram_block1a11~porta_address_reg0 ; pll_inst|altpll_component|auto_generated|pll1|clk[0] ; pll_inst|altpll_component|auto_generated|pll1|clk[0] ; 6.736        ; 0.260      ; 7.110      ;
; -0.075 ; vga_controller_1080p:vga|x[7]  ; image_rom:img_rom|altsyncram:altsyncram_component|altsyncram_cec1:auto_generated|ram_block1a4~porta_address_reg0  ; pll_inst|altpll_component|auto_generated|pll1|clk[0] ; pll_inst|altpll_component|auto_generated|pll1|clk[0] ; 6.736        ; 0.259      ; 7.108      ;
; -0.072 ; vga_controller_1080p:vga|x[7]  ; image_rom:img_rom|altsyncram:altsyncram_component|altsyncram_cec1:auto_generated|ram_block1a45~porta_address_reg0 ; pll_inst|altpll_component|auto_generated|pll1|clk[0] ; pll_inst|altpll_component|auto_generated|pll1|clk[0] ; 6.736        ; 0.251      ; 7.097      ;
; -0.072 ; vga_controller_1080p:vga|y[3]  ; image_rom:img_rom|altsyncram:altsyncram_component|altsyncram_cec1:auto_generated|ram_block1a47~porta_address_reg0 ; pll_inst|altpll_component|auto_generated|pll1|clk[0] ; pll_inst|altpll_component|auto_generated|pll1|clk[0] ; 6.736        ; 0.247      ; 7.093      ;
; -0.064 ; vga_controller_1080p:vga|x[6]  ; image_rom:img_rom|altsyncram:altsyncram_component|altsyncram_cec1:auto_generated|ram_block1a35~porta_address_reg0 ; pll_inst|altpll_component|auto_generated|pll1|clk[0] ; pll_inst|altpll_component|auto_generated|pll1|clk[0] ; 6.736        ; 0.247      ; 7.085      ;
; -0.063 ; vga_controller_1080p:vga|x[8]  ; image_rom:img_rom|altsyncram:altsyncram_component|altsyncram_cec1:auto_generated|ram_block1a2~porta_address_reg0  ; pll_inst|altpll_component|auto_generated|pll1|clk[0] ; pll_inst|altpll_component|auto_generated|pll1|clk[0] ; 6.736        ; 0.241      ; 7.078      ;
; -0.060 ; vga_controller_1080p:vga|y[2]  ; image_rom:img_rom|altsyncram:altsyncram_component|altsyncram_cec1:auto_generated|ram_block1a29~porta_address_reg0 ; pll_inst|altpll_component|auto_generated|pll1|clk[0] ; pll_inst|altpll_component|auto_generated|pll1|clk[0] ; 6.736        ; 0.231      ; 7.065      ;
; -0.059 ; vga_controller_1080p:vga|y[2]  ; image_rom:img_rom|altsyncram:altsyncram_component|altsyncram_cec1:auto_generated|ram_block1a34~porta_address_reg0 ; pll_inst|altpll_component|auto_generated|pll1|clk[0] ; pll_inst|altpll_component|auto_generated|pll1|clk[0] ; 6.736        ; 0.264      ; 7.097      ;
; -0.050 ; vga_controller_1080p:vga|y[4]  ; image_rom:img_rom|altsyncram:altsyncram_component|altsyncram_cec1:auto_generated|ram_block1a4~porta_address_reg0  ; pll_inst|altpll_component|auto_generated|pll1|clk[0] ; pll_inst|altpll_component|auto_generated|pll1|clk[0] ; 6.736        ; 0.260      ; 7.084      ;
; -0.049 ; vga_controller_1080p:vga|x[6]  ; image_rom:img_rom|altsyncram:altsyncram_component|altsyncram_cec1:auto_generated|ram_block1a5~porta_address_reg0  ; pll_inst|altpll_component|auto_generated|pll1|clk[0] ; pll_inst|altpll_component|auto_generated|pll1|clk[0] ; 6.736        ; 0.256      ; 7.079      ;
; -0.047 ; vga_controller_1080p:vga|y[4]  ; image_rom:img_rom|altsyncram:altsyncram_component|altsyncram_cec1:auto_generated|ram_block1a45~porta_address_reg0 ; pll_inst|altpll_component|auto_generated|pll1|clk[0] ; pll_inst|altpll_component|auto_generated|pll1|clk[0] ; 6.736        ; 0.252      ; 7.073      ;
; -0.046 ; vga_controller_1080p:vga|x[9]  ; image_rom:img_rom|altsyncram:altsyncram_component|altsyncram_cec1:auto_generated|ram_block1a35~porta_address_reg0 ; pll_inst|altpll_component|auto_generated|pll1|clk[0] ; pll_inst|altpll_component|auto_generated|pll1|clk[0] ; 6.736        ; 0.247      ; 7.067      ;
; -0.041 ; vga_controller_1080p:vga|y[3]  ; image_rom:img_rom|altsyncram:altsyncram_component|altsyncram_cec1:auto_generated|ram_block1a4~porta_address_reg0  ; pll_inst|altpll_component|auto_generated|pll1|clk[0] ; pll_inst|altpll_component|auto_generated|pll1|clk[0] ; 6.736        ; 0.260      ; 7.075      ;
; -0.041 ; vga_controller_1080p:vga|x[6]  ; image_rom:img_rom|altsyncram:altsyncram_component|altsyncram_cec1:auto_generated|ram_block1a47~porta_address_reg0 ; pll_inst|altpll_component|auto_generated|pll1|clk[0] ; pll_inst|altpll_component|auto_generated|pll1|clk[0] ; 6.736        ; 0.246      ; 7.061      ;
; -0.039 ; vga_controller_1080p:vga|y[2]  ; image_rom:img_rom|altsyncram:altsyncram_component|altsyncram_cec1:auto_generated|ram_block1a7~porta_address_reg0  ; pll_inst|altpll_component|auto_generated|pll1|clk[0] ; pll_inst|altpll_component|auto_generated|pll1|clk[0] ; 6.736        ; 0.253      ; 7.066      ;
; -0.038 ; vga_controller_1080p:vga|y[3]  ; image_rom:img_rom|altsyncram:altsyncram_component|altsyncram_cec1:auto_generated|ram_block1a45~porta_address_reg0 ; pll_inst|altpll_component|auto_generated|pll1|clk[0] ; pll_inst|altpll_component|auto_generated|pll1|clk[0] ; 6.736        ; 0.252      ; 7.064      ;
; -0.034 ; vga_controller_1080p:vga|y[2]  ; image_rom:img_rom|altsyncram:altsyncram_component|altsyncram_cec1:auto_generated|ram_block1a6~porta_address_reg0  ; pll_inst|altpll_component|auto_generated|pll1|clk[0] ; pll_inst|altpll_component|auto_generated|pll1|clk[0] ; 6.736        ; 0.257      ; 7.065      ;
; -0.031 ; vga_controller_1080p:vga|x[7]  ; image_rom:img_rom|altsyncram:altsyncram_component|altsyncram_cec1:auto_generated|ram_block1a22~porta_address_reg0 ; pll_inst|altpll_component|auto_generated|pll1|clk[0] ; pll_inst|altpll_component|auto_generated|pll1|clk[0] ; 6.736        ; 0.239      ; 7.044      ;
; -0.031 ; vga_controller_1080p:vga|x[9]  ; image_rom:img_rom|altsyncram:altsyncram_component|altsyncram_cec1:auto_generated|ram_block1a5~porta_address_reg0  ; pll_inst|altpll_component|auto_generated|pll1|clk[0] ; pll_inst|altpll_component|auto_generated|pll1|clk[0] ; 6.736        ; 0.256      ; 7.061      ;
; -0.024 ; vga_controller_1080p:vga|y[2]  ; image_rom:img_rom|altsyncram:altsyncram_component|altsyncram_cec1:auto_generated|ram_block1a11~porta_address_reg0 ; pll_inst|altpll_component|auto_generated|pll1|clk[0] ; pll_inst|altpll_component|auto_generated|pll1|clk[0] ; 6.736        ; 0.261      ; 7.059      ;
; -0.023 ; vga_controller_1080p:vga|x[9]  ; image_rom:img_rom|altsyncram:altsyncram_component|altsyncram_cec1:auto_generated|ram_block1a47~porta_address_reg0 ; pll_inst|altpll_component|auto_generated|pll1|clk[0] ; pll_inst|altpll_component|auto_generated|pll1|clk[0] ; 6.736        ; 0.246      ; 7.043      ;
; -0.010 ; vga_controller_1080p:vga|x[6]  ; image_rom:img_rom|altsyncram:altsyncram_component|altsyncram_cec1:auto_generated|ram_block1a4~porta_address_reg0  ; pll_inst|altpll_component|auto_generated|pll1|clk[0] ; pll_inst|altpll_component|auto_generated|pll1|clk[0] ; 6.736        ; 0.259      ; 7.043      ;
; -0.007 ; vga_controller_1080p:vga|x[6]  ; image_rom:img_rom|altsyncram:altsyncram_component|altsyncram_cec1:auto_generated|ram_block1a45~porta_address_reg0 ; pll_inst|altpll_component|auto_generated|pll1|clk[0] ; pll_inst|altpll_component|auto_generated|pll1|clk[0] ; 6.736        ; 0.251      ; 7.032      ;
; -0.006 ; vga_controller_1080p:vga|y[4]  ; image_rom:img_rom|altsyncram:altsyncram_component|altsyncram_cec1:auto_generated|ram_block1a22~porta_address_reg0 ; pll_inst|altpll_component|auto_generated|pll1|clk[0] ; pll_inst|altpll_component|auto_generated|pll1|clk[0] ; 6.736        ; 0.240      ; 7.020      ;
; 0.003  ; vga_controller_1080p:vga|y[3]  ; image_rom:img_rom|altsyncram:altsyncram_component|altsyncram_cec1:auto_generated|ram_block1a22~porta_address_reg0 ; pll_inst|altpll_component|auto_generated|pll1|clk[0] ; pll_inst|altpll_component|auto_generated|pll1|clk[0] ; 6.736        ; 0.240      ; 7.011      ;
; 0.006  ; vga_controller_1080p:vga|x[8]  ; image_rom:img_rom|altsyncram:altsyncram_component|altsyncram_cec1:auto_generated|ram_block1a29~porta_address_reg0 ; pll_inst|altpll_component|auto_generated|pll1|clk[0] ; pll_inst|altpll_component|auto_generated|pll1|clk[0] ; 6.736        ; 0.230      ; 6.998      ;
; 0.006  ; vga_controller_1080p:vga|y[2]  ; image_rom:img_rom|altsyncram:altsyncram_component|altsyncram_cec1:auto_generated|ram_block1a35~porta_address_reg0 ; pll_inst|altpll_component|auto_generated|pll1|clk[0] ; pll_inst|altpll_component|auto_generated|pll1|clk[0] ; 6.736        ; 0.248      ; 7.016      ;
; 0.008  ; vga_controller_1080p:vga|x[9]  ; image_rom:img_rom|altsyncram:altsyncram_component|altsyncram_cec1:auto_generated|ram_block1a4~porta_address_reg0  ; pll_inst|altpll_component|auto_generated|pll1|clk[0] ; pll_inst|altpll_component|auto_generated|pll1|clk[0] ; 6.736        ; 0.259      ; 7.025      ;
; 0.011  ; vga_controller_1080p:vga|x[9]  ; image_rom:img_rom|altsyncram:altsyncram_component|altsyncram_cec1:auto_generated|ram_block1a45~porta_address_reg0 ; pll_inst|altpll_component|auto_generated|pll1|clk[0] ; pll_inst|altpll_component|auto_generated|pll1|clk[0] ; 6.736        ; 0.251      ; 7.014      ;
; 0.017  ; vga_controller_1080p:vga|x[7]  ; image_rom:img_rom|altsyncram:altsyncram_component|altsyncram_cec1:auto_generated|ram_block1a20~porta_address_reg0 ; pll_inst|altpll_component|auto_generated|pll1|clk[0] ; pll_inst|altpll_component|auto_generated|pll1|clk[0] ; 6.736        ; 0.251      ; 7.008      ;
; 0.019  ; vga_controller_1080p:vga|x[8]  ; image_rom:img_rom|altsyncram:altsyncram_component|altsyncram_cec1:auto_generated|ram_block1a34~porta_address_reg0 ; pll_inst|altpll_component|auto_generated|pll1|clk[0] ; pll_inst|altpll_component|auto_generated|pll1|clk[0] ; 6.736        ; 0.263      ; 7.018      ;
; 0.021  ; vga_controller_1080p:vga|y[2]  ; image_rom:img_rom|altsyncram:altsyncram_component|altsyncram_cec1:auto_generated|ram_block1a5~porta_address_reg0  ; pll_inst|altpll_component|auto_generated|pll1|clk[0] ; pll_inst|altpll_component|auto_generated|pll1|clk[0] ; 6.736        ; 0.257      ; 7.010      ;
; 0.027  ; vga_controller_1080p:vga|x[8]  ; image_rom:img_rom|altsyncram:altsyncram_component|altsyncram_cec1:auto_generated|ram_block1a7~porta_address_reg0  ; pll_inst|altpll_component|auto_generated|pll1|clk[0] ; pll_inst|altpll_component|auto_generated|pll1|clk[0] ; 6.736        ; 0.252      ; 6.999      ;
; 0.029  ; vga_controller_1080p:vga|y[2]  ; image_rom:img_rom|altsyncram:altsyncram_component|altsyncram_cec1:auto_generated|ram_block1a47~porta_address_reg0 ; pll_inst|altpll_component|auto_generated|pll1|clk[0] ; pll_inst|altpll_component|auto_generated|pll1|clk[0] ; 6.736        ; 0.247      ; 6.992      ;
; 0.032  ; vga_controller_1080p:vga|x[8]  ; image_rom:img_rom|altsyncram:altsyncram_component|altsyncram_cec1:auto_generated|ram_block1a6~porta_address_reg0  ; pll_inst|altpll_component|auto_generated|pll1|clk[0] ; pll_inst|altpll_component|auto_generated|pll1|clk[0] ; 6.736        ; 0.256      ; 6.998      ;
; 0.042  ; vga_controller_1080p:vga|x[8]  ; image_rom:img_rom|altsyncram:altsyncram_component|altsyncram_cec1:auto_generated|ram_block1a11~porta_address_reg0 ; pll_inst|altpll_component|auto_generated|pll1|clk[0] ; pll_inst|altpll_component|auto_generated|pll1|clk[0] ; 6.736        ; 0.260      ; 6.992      ;
; 0.042  ; vga_controller_1080p:vga|y[4]  ; image_rom:img_rom|altsyncram:altsyncram_component|altsyncram_cec1:auto_generated|ram_block1a20~porta_address_reg0 ; pll_inst|altpll_component|auto_generated|pll1|clk[0] ; pll_inst|altpll_component|auto_generated|pll1|clk[0] ; 6.736        ; 0.252      ; 6.984      ;
; 0.046  ; vga_controller_1080p:vga|x[6]  ; image_rom:img_rom|altsyncram:altsyncram_component|altsyncram_cec1:auto_generated|ram_block1a22~porta_address_reg0 ; pll_inst|altpll_component|auto_generated|pll1|clk[0] ; pll_inst|altpll_component|auto_generated|pll1|clk[0] ; 6.736        ; 0.239      ; 6.967      ;
; 0.051  ; vga_controller_1080p:vga|y[3]  ; image_rom:img_rom|altsyncram:altsyncram_component|altsyncram_cec1:auto_generated|ram_block1a20~porta_address_reg0 ; pll_inst|altpll_component|auto_generated|pll1|clk[0] ; pll_inst|altpll_component|auto_generated|pll1|clk[0] ; 6.736        ; 0.252      ; 6.975      ;
; 0.052  ; vga_controller_1080p:vga|x[9]  ; image_rom:img_rom|altsyncram:altsyncram_component|altsyncram_cec1:auto_generated|ram_block1a22~porta_address_reg0 ; pll_inst|altpll_component|auto_generated|pll1|clk[0] ; pll_inst|altpll_component|auto_generated|pll1|clk[0] ; 6.736        ; 0.239      ; 6.961      ;
; 0.060  ; vga_controller_1080p:vga|y[2]  ; image_rom:img_rom|altsyncram:altsyncram_component|altsyncram_cec1:auto_generated|ram_block1a4~porta_address_reg0  ; pll_inst|altpll_component|auto_generated|pll1|clk[0] ; pll_inst|altpll_component|auto_generated|pll1|clk[0] ; 6.736        ; 0.260      ; 6.974      ;
; 0.063  ; vga_controller_1080p:vga|y[2]  ; image_rom:img_rom|altsyncram:altsyncram_component|altsyncram_cec1:auto_generated|ram_block1a45~porta_address_reg0 ; pll_inst|altpll_component|auto_generated|pll1|clk[0] ; pll_inst|altpll_component|auto_generated|pll1|clk[0] ; 6.736        ; 0.252      ; 6.963      ;
; 0.064  ; vga_controller_1080p:vga|x[7]  ; image_rom:img_rom|altsyncram:altsyncram_component|altsyncram_cec1:auto_generated|ram_block1a27~porta_address_reg0 ; pll_inst|altpll_component|auto_generated|pll1|clk[0] ; pll_inst|altpll_component|auto_generated|pll1|clk[0] ; 6.736        ; 0.257      ; 6.967      ;
; 0.067  ; vga_controller_1080p:vga|x[7]  ; image_rom:img_rom|altsyncram:altsyncram_component|altsyncram_cec1:auto_generated|ram_block1a13~porta_address_reg0 ; pll_inst|altpll_component|auto_generated|pll1|clk[0] ; pll_inst|altpll_component|auto_generated|pll1|clk[0] ; 6.736        ; 0.273      ; 6.980      ;
; 0.072  ; vga_controller_1080p:vga|x[8]  ; image_rom:img_rom|altsyncram:altsyncram_component|altsyncram_cec1:auto_generated|ram_block1a35~porta_address_reg0 ; pll_inst|altpll_component|auto_generated|pll1|clk[0] ; pll_inst|altpll_component|auto_generated|pll1|clk[0] ; 6.736        ; 0.247      ; 6.949      ;
; 0.076  ; vga_controller_1080p:vga|y[7]  ; image_rom:img_rom|altsyncram:altsyncram_component|altsyncram_cec1:auto_generated|ram_block1a2~porta_address_reg0  ; pll_inst|altpll_component|auto_generated|pll1|clk[0] ; pll_inst|altpll_component|auto_generated|pll1|clk[0] ; 6.736        ; 0.242      ; 6.940      ;
; 0.087  ; vga_controller_1080p:vga|x[8]  ; image_rom:img_rom|altsyncram:altsyncram_component|altsyncram_cec1:auto_generated|ram_block1a5~porta_address_reg0  ; pll_inst|altpll_component|auto_generated|pll1|clk[0] ; pll_inst|altpll_component|auto_generated|pll1|clk[0] ; 6.736        ; 0.256      ; 6.943      ;
; 0.089  ; vga_controller_1080p:vga|x[7]  ; image_rom:img_rom|altsyncram:altsyncram_component|altsyncram_cec1:auto_generated|ram_block1a10~porta_address_reg0 ; pll_inst|altpll_component|auto_generated|pll1|clk[0] ; pll_inst|altpll_component|auto_generated|pll1|clk[0] ; 6.736        ; 0.266      ; 6.951      ;
; 0.089  ; vga_controller_1080p:vga|y[4]  ; image_rom:img_rom|altsyncram:altsyncram_component|altsyncram_cec1:auto_generated|ram_block1a27~porta_address_reg0 ; pll_inst|altpll_component|auto_generated|pll1|clk[0] ; pll_inst|altpll_component|auto_generated|pll1|clk[0] ; 6.736        ; 0.258      ; 6.943      ;
; 0.092  ; vga_controller_1080p:vga|y[4]  ; image_rom:img_rom|altsyncram:altsyncram_component|altsyncram_cec1:auto_generated|ram_block1a13~porta_address_reg0 ; pll_inst|altpll_component|auto_generated|pll1|clk[0] ; pll_inst|altpll_component|auto_generated|pll1|clk[0] ; 6.736        ; 0.274      ; 6.956      ;
; 0.094  ; vga_controller_1080p:vga|x[6]  ; image_rom:img_rom|altsyncram:altsyncram_component|altsyncram_cec1:auto_generated|ram_block1a20~porta_address_reg0 ; pll_inst|altpll_component|auto_generated|pll1|clk[0] ; pll_inst|altpll_component|auto_generated|pll1|clk[0] ; 6.736        ; 0.251      ; 6.931      ;
; 0.095  ; vga_controller_1080p:vga|x[8]  ; image_rom:img_rom|altsyncram:altsyncram_component|altsyncram_cec1:auto_generated|ram_block1a47~porta_address_reg0 ; pll_inst|altpll_component|auto_generated|pll1|clk[0] ; pll_inst|altpll_component|auto_generated|pll1|clk[0] ; 6.736        ; 0.246      ; 6.925      ;
; 0.098  ; vga_controller_1080p:vga|y[6]  ; image_rom:img_rom|altsyncram:altsyncram_component|altsyncram_cec1:auto_generated|ram_block1a2~porta_address_reg0  ; pll_inst|altpll_component|auto_generated|pll1|clk[0] ; pll_inst|altpll_component|auto_generated|pll1|clk[0] ; 6.736        ; 0.242      ; 6.918      ;
; 0.098  ; vga_controller_1080p:vga|y[3]  ; image_rom:img_rom|altsyncram:altsyncram_component|altsyncram_cec1:auto_generated|ram_block1a27~porta_address_reg0 ; pll_inst|altpll_component|auto_generated|pll1|clk[0] ; pll_inst|altpll_component|auto_generated|pll1|clk[0] ; 6.736        ; 0.258      ; 6.934      ;
; 0.100  ; vga_controller_1080p:vga|x[9]  ; image_rom:img_rom|altsyncram:altsyncram_component|altsyncram_cec1:auto_generated|ram_block1a20~porta_address_reg0 ; pll_inst|altpll_component|auto_generated|pll1|clk[0] ; pll_inst|altpll_component|auto_generated|pll1|clk[0] ; 6.736        ; 0.251      ; 6.925      ;
; 0.101  ; vga_controller_1080p:vga|y[3]  ; image_rom:img_rom|altsyncram:altsyncram_component|altsyncram_cec1:auto_generated|ram_block1a13~porta_address_reg0 ; pll_inst|altpll_component|auto_generated|pll1|clk[0] ; pll_inst|altpll_component|auto_generated|pll1|clk[0] ; 6.736        ; 0.274      ; 6.947      ;
; 0.104  ; vga_controller_1080p:vga|y[2]  ; image_rom:img_rom|altsyncram:altsyncram_component|altsyncram_cec1:auto_generated|ram_block1a22~porta_address_reg0 ; pll_inst|altpll_component|auto_generated|pll1|clk[0] ; pll_inst|altpll_component|auto_generated|pll1|clk[0] ; 6.736        ; 0.240      ; 6.910      ;
; 0.106  ; vga_controller_1080p:vga|x[7]  ; image_rom:img_rom|altsyncram:altsyncram_component|altsyncram_cec1:auto_generated|ram_block1a19~porta_address_reg0 ; pll_inst|altpll_component|auto_generated|pll1|clk[0] ; pll_inst|altpll_component|auto_generated|pll1|clk[0] ; 6.736        ; 0.264      ; 6.932      ;
; 0.114  ; vga_controller_1080p:vga|y[4]  ; image_rom:img_rom|altsyncram:altsyncram_component|altsyncram_cec1:auto_generated|ram_block1a10~porta_address_reg0 ; pll_inst|altpll_component|auto_generated|pll1|clk[0] ; pll_inst|altpll_component|auto_generated|pll1|clk[0] ; 6.736        ; 0.267      ; 6.927      ;
; 0.115  ; vga_controller_1080p:vga|y[8]  ; image_rom:img_rom|altsyncram:altsyncram_component|altsyncram_cec1:auto_generated|ram_block1a2~porta_address_reg0  ; pll_inst|altpll_component|auto_generated|pll1|clk[0] ; pll_inst|altpll_component|auto_generated|pll1|clk[0] ; 6.736        ; 0.242      ; 6.901      ;
; 0.123  ; vga_controller_1080p:vga|y[3]  ; image_rom:img_rom|altsyncram:altsyncram_component|altsyncram_cec1:auto_generated|ram_block1a10~porta_address_reg0 ; pll_inst|altpll_component|auto_generated|pll1|clk[0] ; pll_inst|altpll_component|auto_generated|pll1|clk[0] ; 6.736        ; 0.267      ; 6.918      ;
; 0.124  ; vga_controller_1080p:vga|x[10] ; image_rom:img_rom|altsyncram:altsyncram_component|altsyncram_cec1:auto_generated|ram_block1a2~porta_address_reg0  ; pll_inst|altpll_component|auto_generated|pll1|clk[0] ; pll_inst|altpll_component|auto_generated|pll1|clk[0] ; 6.736        ; 0.241      ; 6.891      ;
+--------+--------------------------------+-------------------------------------------------------------------------------------------------------------------+------------------------------------------------------+------------------------------------------------------+--------------+------------+------------+


+--------------------------------------------------------------------------------------------------------------------------------------------------------------------------------------------------------------------------------------------+
; Slow 1200mV 85C Model Hold: 'pll_inst|altpll_component|auto_generated|pll1|clk[0]'                                                                                                                                                         ;
+-------+--------------------------------------+--------------------------------------+------------------------------------------------------+------------------------------------------------------+--------------+------------+------------+
; Slack ; From Node                            ; To Node                              ; Launch Clock                                         ; Latch Clock                                          ; Relationship ; Clock Skew ; Data Delay ;
+-------+--------------------------------------+--------------------------------------+------------------------------------------------------+------------------------------------------------------+--------------+------------+------------+
; 0.641 ; vga_controller_1080p:vga|v_count[1]  ; vga_controller_1080p:vga|v_count[1]  ; pll_inst|altpll_component|auto_generated|pll1|clk[0] ; pll_inst|altpll_component|auto_generated|pll1|clk[0] ; 0.000        ; 0.081      ; 0.908      ;
; 0.641 ; vga_controller_1080p:vga|h_count[1]  ; vga_controller_1080p:vga|h_count[1]  ; pll_inst|altpll_component|auto_generated|pll1|clk[0] ; pll_inst|altpll_component|auto_generated|pll1|clk[0] ; 0.000        ; 0.081      ; 0.908      ;
; 0.655 ; vga_controller_1080p:vga|v_count[3]  ; vga_controller_1080p:vga|v_count[3]  ; pll_inst|altpll_component|auto_generated|pll1|clk[0] ; pll_inst|altpll_component|auto_generated|pll1|clk[0] ; 0.000        ; 0.081      ; 0.922      ;
; 0.656 ; vga_controller_1080p:vga|h_count[5]  ; vga_controller_1080p:vga|h_count[5]  ; pll_inst|altpll_component|auto_generated|pll1|clk[0] ; pll_inst|altpll_component|auto_generated|pll1|clk[0] ; 0.000        ; 0.081      ; 0.923      ;
; 0.661 ; vga_controller_1080p:vga|v_count[4]  ; vga_controller_1080p:vga|v_count[4]  ; pll_inst|altpll_component|auto_generated|pll1|clk[0] ; pll_inst|altpll_component|auto_generated|pll1|clk[0] ; 0.000        ; 0.081      ; 0.928      ;
; 0.661 ; vga_controller_1080p:vga|h_count[4]  ; vga_controller_1080p:vga|h_count[4]  ; pll_inst|altpll_component|auto_generated|pll1|clk[0] ; pll_inst|altpll_component|auto_generated|pll1|clk[0] ; 0.000        ; 0.081      ; 0.928      ;
; 0.662 ; vga_controller_1080p:vga|h_count[3]  ; vga_controller_1080p:vga|h_count[3]  ; pll_inst|altpll_component|auto_generated|pll1|clk[0] ; pll_inst|altpll_component|auto_generated|pll1|clk[0] ; 0.000        ; 0.081      ; 0.929      ;
; 0.662 ; vga_controller_1080p:vga|h_count[10] ; vga_controller_1080p:vga|h_count[10] ; pll_inst|altpll_component|auto_generated|pll1|clk[0] ; pll_inst|altpll_component|auto_generated|pll1|clk[0] ; 0.000        ; 0.081      ; 0.929      ;
; 0.666 ; vga_controller_1080p:vga|v_count[11] ; vga_controller_1080p:vga|v_count[11] ; pll_inst|altpll_component|auto_generated|pll1|clk[0] ; pll_inst|altpll_component|auto_generated|pll1|clk[0] ; 0.000        ; 0.081      ; 0.933      ;
; 0.666 ; vga_controller_1080p:vga|v_count[9]  ; vga_controller_1080p:vga|v_count[9]  ; pll_inst|altpll_component|auto_generated|pll1|clk[0] ; pll_inst|altpll_component|auto_generated|pll1|clk[0] ; 0.000        ; 0.081      ; 0.933      ;
; 0.667 ; vga_controller_1080p:vga|v_count[0]  ; vga_controller_1080p:vga|v_count[0]  ; pll_inst|altpll_component|auto_generated|pll1|clk[0] ; pll_inst|altpll_component|auto_generated|pll1|clk[0] ; 0.000        ; 0.081      ; 0.934      ;
; 0.667 ; vga_controller_1080p:vga|v_count[7]  ; vga_controller_1080p:vga|v_count[7]  ; pll_inst|altpll_component|auto_generated|pll1|clk[0] ; pll_inst|altpll_component|auto_generated|pll1|clk[0] ; 0.000        ; 0.081      ; 0.934      ;
; 0.667 ; vga_controller_1080p:vga|h_count[0]  ; vga_controller_1080p:vga|h_count[0]  ; pll_inst|altpll_component|auto_generated|pll1|clk[0] ; pll_inst|altpll_component|auto_generated|pll1|clk[0] ; 0.000        ; 0.081      ; 0.934      ;
; 0.667 ; vga_controller_1080p:vga|h_count[2]  ; vga_controller_1080p:vga|h_count[2]  ; pll_inst|altpll_component|auto_generated|pll1|clk[0] ; pll_inst|altpll_component|auto_generated|pll1|clk[0] ; 0.000        ; 0.081      ; 0.934      ;
; 0.669 ; vga_controller_1080p:vga|v_count[8]  ; vga_controller_1080p:vga|v_count[8]  ; pll_inst|altpll_component|auto_generated|pll1|clk[0] ; pll_inst|altpll_component|auto_generated|pll1|clk[0] ; 0.000        ; 0.081      ; 0.936      ;
; 0.671 ; vga_controller_1080p:vga|v_count[5]  ; vga_controller_1080p:vga|v_count[5]  ; pll_inst|altpll_component|auto_generated|pll1|clk[0] ; pll_inst|altpll_component|auto_generated|pll1|clk[0] ; 0.000        ; 0.081      ; 0.938      ;
; 0.675 ; vga_controller_1080p:vga|v_count[2]  ; vga_controller_1080p:vga|v_count[2]  ; pll_inst|altpll_component|auto_generated|pll1|clk[0] ; pll_inst|altpll_component|auto_generated|pll1|clk[0] ; 0.000        ; 0.081      ; 0.942      ;
; 0.675 ; vga_controller_1080p:vga|h_count[7]  ; vga_controller_1080p:vga|h_count[7]  ; pll_inst|altpll_component|auto_generated|pll1|clk[0] ; pll_inst|altpll_component|auto_generated|pll1|clk[0] ; 0.000        ; 0.081      ; 0.942      ;
; 0.675 ; vga_controller_1080p:vga|h_count[9]  ; vga_controller_1080p:vga|h_count[9]  ; pll_inst|altpll_component|auto_generated|pll1|clk[0] ; pll_inst|altpll_component|auto_generated|pll1|clk[0] ; 0.000        ; 0.081      ; 0.942      ;
; 0.678 ; vga_controller_1080p:vga|h_count[8]  ; vga_controller_1080p:vga|h_count[8]  ; pll_inst|altpll_component|auto_generated|pll1|clk[0] ; pll_inst|altpll_component|auto_generated|pll1|clk[0] ; 0.000        ; 0.081      ; 0.945      ;
; 0.679 ; vga_controller_1080p:vga|h_count[11] ; vga_controller_1080p:vga|hsync       ; pll_inst|altpll_component|auto_generated|pll1|clk[0] ; pll_inst|altpll_component|auto_generated|pll1|clk[0] ; 0.000        ; 0.081      ; 0.946      ;
; 0.680 ; vga_controller_1080p:vga|h_count[6]  ; vga_controller_1080p:vga|h_count[6]  ; pll_inst|altpll_component|auto_generated|pll1|clk[0] ; pll_inst|altpll_component|auto_generated|pll1|clk[0] ; 0.000        ; 0.081      ; 0.947      ;
; 0.688 ; vga_controller_1080p:vga|h_count[11] ; vga_controller_1080p:vga|h_count[11] ; pll_inst|altpll_component|auto_generated|pll1|clk[0] ; pll_inst|altpll_component|auto_generated|pll1|clk[0] ; 0.000        ; 0.081      ; 0.955      ;
; 0.692 ; vga_controller_1080p:vga|v_count[10] ; vga_controller_1080p:vga|v_count[10] ; pll_inst|altpll_component|auto_generated|pll1|clk[0] ; pll_inst|altpll_component|auto_generated|pll1|clk[0] ; 0.000        ; 0.081      ; 0.959      ;
; 0.742 ; vga_controller_1080p:vga|h_count[2]  ; vga_controller_1080p:vga|x[2]        ; pll_inst|altpll_component|auto_generated|pll1|clk[0] ; pll_inst|altpll_component|auto_generated|pll1|clk[0] ; 0.000        ; 0.081      ; 1.009      ;
; 0.756 ; vga_controller_1080p:vga|h_count[3]  ; vga_controller_1080p:vga|x[3]        ; pll_inst|altpll_component|auto_generated|pll1|clk[0] ; pll_inst|altpll_component|auto_generated|pll1|clk[0] ; 0.000        ; 0.081      ; 1.023      ;
; 0.812 ; vga_controller_1080p:vga|v_count[6]  ; vga_controller_1080p:vga|v_count[6]  ; pll_inst|altpll_component|auto_generated|pll1|clk[0] ; pll_inst|altpll_component|auto_generated|pll1|clk[0] ; 0.000        ; 0.081      ; 1.079      ;
; 0.844 ; vga_controller_1080p:vga|v_count[6]  ; vga_controller_1080p:vga|y[6]        ; pll_inst|altpll_component|auto_generated|pll1|clk[0] ; pll_inst|altpll_component|auto_generated|pll1|clk[0] ; 0.000        ; 0.084      ; 1.114      ;
; 0.851 ; vga_controller_1080p:vga|v_count[8]  ; vga_controller_1080p:vga|y[8]        ; pll_inst|altpll_component|auto_generated|pll1|clk[0] ; pll_inst|altpll_component|auto_generated|pll1|clk[0] ; 0.000        ; 0.084      ; 1.121      ;
; 0.882 ; vga_controller_1080p:vga|v_count[11] ; vga_controller_1080p:vga|y[7]        ; pll_inst|altpll_component|auto_generated|pll1|clk[0] ; pll_inst|altpll_component|auto_generated|pll1|clk[0] ; 0.000        ; 0.084      ; 1.152      ;
; 0.902 ; vga_controller_1080p:vga|h_count[4]  ; vga_controller_1080p:vga|x[4]        ; pll_inst|altpll_component|auto_generated|pll1|clk[0] ; pll_inst|altpll_component|auto_generated|pll1|clk[0] ; 0.000        ; 0.081      ; 1.169      ;
; 0.903 ; vga_controller_1080p:vga|h_count[9]  ; vga_controller_1080p:vga|x[9]        ; pll_inst|altpll_component|auto_generated|pll1|clk[0] ; pll_inst|altpll_component|auto_generated|pll1|clk[0] ; 0.000        ; 0.082      ; 1.171      ;
; 0.906 ; vga_controller_1080p:vga|v_count[10] ; vga_controller_1080p:vga|y[9]        ; pll_inst|altpll_component|auto_generated|pll1|clk[0] ; pll_inst|altpll_component|auto_generated|pll1|clk[0] ; 0.000        ; 0.083      ; 1.175      ;
; 0.916 ; vga_controller_1080p:vga|v_count[10] ; vga_controller_1080p:vga|y[10]       ; pll_inst|altpll_component|auto_generated|pll1|clk[0] ; pll_inst|altpll_component|auto_generated|pll1|clk[0] ; 0.000        ; 0.083      ; 1.185      ;
; 0.935 ; vga_controller_1080p:vga|h_count[5]  ; vga_controller_1080p:vga|x[5]        ; pll_inst|altpll_component|auto_generated|pll1|clk[0] ; pll_inst|altpll_component|auto_generated|pll1|clk[0] ; 0.000        ; 0.081      ; 1.202      ;
; 0.958 ; vga_controller_1080p:vga|h_count[1]  ; vga_controller_1080p:vga|h_count[2]  ; pll_inst|altpll_component|auto_generated|pll1|clk[0] ; pll_inst|altpll_component|auto_generated|pll1|clk[0] ; 0.000        ; 0.081      ; 1.225      ;
; 0.958 ; vga_controller_1080p:vga|v_count[1]  ; vga_controller_1080p:vga|v_count[2]  ; pll_inst|altpll_component|auto_generated|pll1|clk[0] ; pll_inst|altpll_component|auto_generated|pll1|clk[0] ; 0.000        ; 0.081      ; 1.225      ;
; 0.964 ; vga_controller_1080p:vga|h_count[11] ; vga_controller_1080p:vga|x[2]        ; pll_inst|altpll_component|auto_generated|pll1|clk[0] ; pll_inst|altpll_component|auto_generated|pll1|clk[0] ; 0.000        ; 0.081      ; 1.231      ;
; 0.969 ; vga_controller_1080p:vga|h_count[11] ; vga_controller_1080p:vga|x[3]        ; pll_inst|altpll_component|auto_generated|pll1|clk[0] ; pll_inst|altpll_component|auto_generated|pll1|clk[0] ; 0.000        ; 0.081      ; 1.236      ;
; 0.969 ; vga_controller_1080p:vga|v_count[9]  ; vga_controller_1080p:vga|y[9]        ; pll_inst|altpll_component|auto_generated|pll1|clk[0] ; pll_inst|altpll_component|auto_generated|pll1|clk[0] ; 0.000        ; 0.083      ; 1.238      ;
; 0.971 ; vga_controller_1080p:vga|v_count[0]  ; vga_controller_1080p:vga|v_count[1]  ; pll_inst|altpll_component|auto_generated|pll1|clk[0] ; pll_inst|altpll_component|auto_generated|pll1|clk[0] ; 0.000        ; 0.081      ; 1.238      ;
; 0.971 ; vga_controller_1080p:vga|h_count[0]  ; vga_controller_1080p:vga|h_count[1]  ; pll_inst|altpll_component|auto_generated|pll1|clk[0] ; pll_inst|altpll_component|auto_generated|pll1|clk[0] ; 0.000        ; 0.081      ; 1.238      ;
; 0.973 ; vga_controller_1080p:vga|v_count[3]  ; vga_controller_1080p:vga|v_count[4]  ; pll_inst|altpll_component|auto_generated|pll1|clk[0] ; pll_inst|altpll_component|auto_generated|pll1|clk[0] ; 0.000        ; 0.081      ; 1.240      ;
; 0.974 ; vga_controller_1080p:vga|h_count[5]  ; vga_controller_1080p:vga|h_count[6]  ; pll_inst|altpll_component|auto_generated|pll1|clk[0] ; pll_inst|altpll_component|auto_generated|pll1|clk[0] ; 0.000        ; 0.081      ; 1.241      ;
; 0.976 ; vga_controller_1080p:vga|h_count[0]  ; vga_controller_1080p:vga|h_count[2]  ; pll_inst|altpll_component|auto_generated|pll1|clk[0] ; pll_inst|altpll_component|auto_generated|pll1|clk[0] ; 0.000        ; 0.081      ; 1.243      ;
; 0.976 ; vga_controller_1080p:vga|v_count[0]  ; vga_controller_1080p:vga|v_count[2]  ; pll_inst|altpll_component|auto_generated|pll1|clk[0] ; pll_inst|altpll_component|auto_generated|pll1|clk[0] ; 0.000        ; 0.081      ; 1.243      ;
; 0.980 ; vga_controller_1080p:vga|h_count[3]  ; vga_controller_1080p:vga|h_count[4]  ; pll_inst|altpll_component|auto_generated|pll1|clk[0] ; pll_inst|altpll_component|auto_generated|pll1|clk[0] ; 0.000        ; 0.081      ; 1.247      ;
; 0.983 ; vga_controller_1080p:vga|v_count[9]  ; vga_controller_1080p:vga|v_count[10] ; pll_inst|altpll_component|auto_generated|pll1|clk[0] ; pll_inst|altpll_component|auto_generated|pll1|clk[0] ; 0.000        ; 0.081      ; 1.250      ;
; 0.984 ; vga_controller_1080p:vga|v_count[7]  ; vga_controller_1080p:vga|v_count[8]  ; pll_inst|altpll_component|auto_generated|pll1|clk[0] ; pll_inst|altpll_component|auto_generated|pll1|clk[0] ; 0.000        ; 0.081      ; 1.251      ;
; 0.988 ; vga_controller_1080p:vga|h_count[4]  ; vga_controller_1080p:vga|h_count[5]  ; pll_inst|altpll_component|auto_generated|pll1|clk[0] ; pll_inst|altpll_component|auto_generated|pll1|clk[0] ; 0.000        ; 0.081      ; 1.255      ;
; 0.988 ; vga_controller_1080p:vga|v_count[4]  ; vga_controller_1080p:vga|v_count[5]  ; pll_inst|altpll_component|auto_generated|pll1|clk[0] ; pll_inst|altpll_component|auto_generated|pll1|clk[0] ; 0.000        ; 0.081      ; 1.255      ;
; 0.989 ; vga_controller_1080p:vga|h_count[10] ; vga_controller_1080p:vga|h_count[11] ; pll_inst|altpll_component|auto_generated|pll1|clk[0] ; pll_inst|altpll_component|auto_generated|pll1|clk[0] ; 0.000        ; 0.081      ; 1.256      ;
; 0.989 ; vga_controller_1080p:vga|v_count[5]  ; vga_controller_1080p:vga|v_count[6]  ; pll_inst|altpll_component|auto_generated|pll1|clk[0] ; pll_inst|altpll_component|auto_generated|pll1|clk[0] ; 0.000        ; 0.081      ; 1.256      ;
; 0.990 ; vga_controller_1080p:vga|h_count[11] ; vga_controller_1080p:vga|x[4]        ; pll_inst|altpll_component|auto_generated|pll1|clk[0] ; pll_inst|altpll_component|auto_generated|pll1|clk[0] ; 0.000        ; 0.081      ; 1.257      ;
; 0.992 ; vga_controller_1080p:vga|h_count[9]  ; vga_controller_1080p:vga|h_count[10] ; pll_inst|altpll_component|auto_generated|pll1|clk[0] ; pll_inst|altpll_component|auto_generated|pll1|clk[0] ; 0.000        ; 0.081      ; 1.259      ;
; 0.992 ; vga_controller_1080p:vga|h_count[7]  ; vga_controller_1080p:vga|h_count[8]  ; pll_inst|altpll_component|auto_generated|pll1|clk[0] ; pll_inst|altpll_component|auto_generated|pll1|clk[0] ; 0.000        ; 0.081      ; 1.259      ;
; 0.992 ; vga_controller_1080p:vga|h_count[11] ; vga_controller_1080p:vga|x[5]        ; pll_inst|altpll_component|auto_generated|pll1|clk[0] ; pll_inst|altpll_component|auto_generated|pll1|clk[0] ; 0.000        ; 0.081      ; 1.259      ;
; 0.993 ; vga_controller_1080p:vga|h_count[4]  ; vga_controller_1080p:vga|h_count[6]  ; pll_inst|altpll_component|auto_generated|pll1|clk[0] ; pll_inst|altpll_component|auto_generated|pll1|clk[0] ; 0.000        ; 0.081      ; 1.260      ;
; 0.993 ; vga_controller_1080p:vga|v_count[4]  ; vga_controller_1080p:vga|v_count[6]  ; pll_inst|altpll_component|auto_generated|pll1|clk[0] ; pll_inst|altpll_component|auto_generated|pll1|clk[0] ; 0.000        ; 0.081      ; 1.260      ;
; 0.994 ; vga_controller_1080p:vga|h_count[2]  ; vga_controller_1080p:vga|h_count[3]  ; pll_inst|altpll_component|auto_generated|pll1|clk[0] ; pll_inst|altpll_component|auto_generated|pll1|clk[0] ; 0.000        ; 0.081      ; 1.261      ;
; 0.994 ; vga_controller_1080p:vga|v_count[7]  ; vga_controller_1080p:vga|y[7]        ; pll_inst|altpll_component|auto_generated|pll1|clk[0] ; pll_inst|altpll_component|auto_generated|pll1|clk[0] ; 0.000        ; 0.084      ; 1.264      ;
; 0.996 ; vga_controller_1080p:vga|v_count[8]  ; vga_controller_1080p:vga|v_count[9]  ; pll_inst|altpll_component|auto_generated|pll1|clk[0] ; pll_inst|altpll_component|auto_generated|pll1|clk[0] ; 0.000        ; 0.081      ; 1.263      ;
; 0.999 ; vga_controller_1080p:vga|h_count[2]  ; vga_controller_1080p:vga|h_count[4]  ; pll_inst|altpll_component|auto_generated|pll1|clk[0] ; pll_inst|altpll_component|auto_generated|pll1|clk[0] ; 0.000        ; 0.081      ; 1.266      ;
; 1.001 ; vga_controller_1080p:vga|v_count[8]  ; vga_controller_1080p:vga|v_count[10] ; pll_inst|altpll_component|auto_generated|pll1|clk[0] ; pll_inst|altpll_component|auto_generated|pll1|clk[0] ; 0.000        ; 0.081      ; 1.268      ;
; 1.002 ; vga_controller_1080p:vga|v_count[2]  ; vga_controller_1080p:vga|v_count[3]  ; pll_inst|altpll_component|auto_generated|pll1|clk[0] ; pll_inst|altpll_component|auto_generated|pll1|clk[0] ; 0.000        ; 0.081      ; 1.269      ;
; 1.005 ; vga_controller_1080p:vga|h_count[8]  ; vga_controller_1080p:vga|h_count[9]  ; pll_inst|altpll_component|auto_generated|pll1|clk[0] ; pll_inst|altpll_component|auto_generated|pll1|clk[0] ; 0.000        ; 0.081      ; 1.272      ;
; 1.007 ; vga_controller_1080p:vga|h_count[6]  ; vga_controller_1080p:vga|h_count[7]  ; pll_inst|altpll_component|auto_generated|pll1|clk[0] ; pll_inst|altpll_component|auto_generated|pll1|clk[0] ; 0.000        ; 0.081      ; 1.274      ;
; 1.007 ; vga_controller_1080p:vga|v_count[2]  ; vga_controller_1080p:vga|v_count[4]  ; pll_inst|altpll_component|auto_generated|pll1|clk[0] ; pll_inst|altpll_component|auto_generated|pll1|clk[0] ; 0.000        ; 0.081      ; 1.274      ;
; 1.010 ; vga_controller_1080p:vga|h_count[8]  ; vga_controller_1080p:vga|h_count[10] ; pll_inst|altpll_component|auto_generated|pll1|clk[0] ; pll_inst|altpll_component|auto_generated|pll1|clk[0] ; 0.000        ; 0.081      ; 1.277      ;
; 1.012 ; vga_controller_1080p:vga|h_count[6]  ; vga_controller_1080p:vga|h_count[8]  ; pll_inst|altpll_component|auto_generated|pll1|clk[0] ; pll_inst|altpll_component|auto_generated|pll1|clk[0] ; 0.000        ; 0.081      ; 1.279      ;
; 1.019 ; vga_controller_1080p:vga|v_count[10] ; vga_controller_1080p:vga|v_count[11] ; pll_inst|altpll_component|auto_generated|pll1|clk[0] ; pll_inst|altpll_component|auto_generated|pll1|clk[0] ; 0.000        ; 0.081      ; 1.286      ;
; 1.026 ; vga_controller_1080p:vga|h_count[9]  ; vga_controller_1080p:vga|x[2]        ; pll_inst|altpll_component|auto_generated|pll1|clk[0] ; pll_inst|altpll_component|auto_generated|pll1|clk[0] ; 0.000        ; 0.081      ; 1.293      ;
; 1.027 ; vga_controller_1080p:vga|h_count[9]  ; vga_controller_1080p:vga|x[4]        ; pll_inst|altpll_component|auto_generated|pll1|clk[0] ; pll_inst|altpll_component|auto_generated|pll1|clk[0] ; 0.000        ; 0.081      ; 1.294      ;
; 1.030 ; vga_controller_1080p:vga|v_count[10] ; vga_controller_1080p:vga|y[3]        ; pll_inst|altpll_component|auto_generated|pll1|clk[0] ; pll_inst|altpll_component|auto_generated|pll1|clk[0] ; 0.000        ; 0.084      ; 1.300      ;
; 1.031 ; vga_controller_1080p:vga|h_count[9]  ; vga_controller_1080p:vga|x[5]        ; pll_inst|altpll_component|auto_generated|pll1|clk[0] ; pll_inst|altpll_component|auto_generated|pll1|clk[0] ; 0.000        ; 0.081      ; 1.298      ;
; 1.034 ; vga_controller_1080p:vga|v_count[10] ; vga_controller_1080p:vga|y[4]        ; pll_inst|altpll_component|auto_generated|pll1|clk[0] ; pll_inst|altpll_component|auto_generated|pll1|clk[0] ; 0.000        ; 0.084      ; 1.304      ;
; 1.034 ; vga_controller_1080p:vga|v_count[10] ; vga_controller_1080p:vga|y[2]        ; pll_inst|altpll_component|auto_generated|pll1|clk[0] ; pll_inst|altpll_component|auto_generated|pll1|clk[0] ; 0.000        ; 0.084      ; 1.304      ;
; 1.034 ; vga_controller_1080p:vga|h_count[9]  ; vga_controller_1080p:vga|x[3]        ; pll_inst|altpll_component|auto_generated|pll1|clk[0] ; pll_inst|altpll_component|auto_generated|pll1|clk[0] ; 0.000        ; 0.081      ; 1.301      ;
; 1.036 ; vga_controller_1080p:vga|v_count[10] ; vga_controller_1080p:vga|y[8]        ; pll_inst|altpll_component|auto_generated|pll1|clk[0] ; pll_inst|altpll_component|auto_generated|pll1|clk[0] ; 0.000        ; 0.084      ; 1.306      ;
; 1.037 ; vga_controller_1080p:vga|v_count[10] ; vga_controller_1080p:vga|y[6]        ; pll_inst|altpll_component|auto_generated|pll1|clk[0] ; pll_inst|altpll_component|auto_generated|pll1|clk[0] ; 0.000        ; 0.084      ; 1.307      ;
; 1.038 ; vga_controller_1080p:vga|v_count[10] ; vga_controller_1080p:vga|y[5]        ; pll_inst|altpll_component|auto_generated|pll1|clk[0] ; pll_inst|altpll_component|auto_generated|pll1|clk[0] ; 0.000        ; 0.084      ; 1.308      ;
; 1.079 ; vga_controller_1080p:vga|h_count[1]  ; vga_controller_1080p:vga|h_count[3]  ; pll_inst|altpll_component|auto_generated|pll1|clk[0] ; pll_inst|altpll_component|auto_generated|pll1|clk[0] ; 0.000        ; 0.081      ; 1.346      ;
; 1.079 ; vga_controller_1080p:vga|v_count[1]  ; vga_controller_1080p:vga|v_count[3]  ; pll_inst|altpll_component|auto_generated|pll1|clk[0] ; pll_inst|altpll_component|auto_generated|pll1|clk[0] ; 0.000        ; 0.081      ; 1.346      ;
; 1.084 ; vga_controller_1080p:vga|h_count[1]  ; vga_controller_1080p:vga|h_count[4]  ; pll_inst|altpll_component|auto_generated|pll1|clk[0] ; pll_inst|altpll_component|auto_generated|pll1|clk[0] ; 0.000        ; 0.081      ; 1.351      ;
; 1.084 ; vga_controller_1080p:vga|v_count[1]  ; vga_controller_1080p:vga|v_count[4]  ; pll_inst|altpll_component|auto_generated|pll1|clk[0] ; pll_inst|altpll_component|auto_generated|pll1|clk[0] ; 0.000        ; 0.081      ; 1.351      ;
; 1.094 ; vga_controller_1080p:vga|v_count[3]  ; vga_controller_1080p:vga|v_count[5]  ; pll_inst|altpll_component|auto_generated|pll1|clk[0] ; pll_inst|altpll_component|auto_generated|pll1|clk[0] ; 0.000        ; 0.081      ; 1.361      ;
; 1.095 ; vga_controller_1080p:vga|h_count[5]  ; vga_controller_1080p:vga|h_count[7]  ; pll_inst|altpll_component|auto_generated|pll1|clk[0] ; pll_inst|altpll_component|auto_generated|pll1|clk[0] ; 0.000        ; 0.081      ; 1.362      ;
; 1.097 ; vga_controller_1080p:vga|h_count[0]  ; vga_controller_1080p:vga|h_count[3]  ; pll_inst|altpll_component|auto_generated|pll1|clk[0] ; pll_inst|altpll_component|auto_generated|pll1|clk[0] ; 0.000        ; 0.081      ; 1.364      ;
; 1.097 ; vga_controller_1080p:vga|v_count[0]  ; vga_controller_1080p:vga|v_count[3]  ; pll_inst|altpll_component|auto_generated|pll1|clk[0] ; pll_inst|altpll_component|auto_generated|pll1|clk[0] ; 0.000        ; 0.081      ; 1.364      ;
; 1.099 ; vga_controller_1080p:vga|v_count[3]  ; vga_controller_1080p:vga|v_count[6]  ; pll_inst|altpll_component|auto_generated|pll1|clk[0] ; pll_inst|altpll_component|auto_generated|pll1|clk[0] ; 0.000        ; 0.081      ; 1.366      ;
; 1.100 ; vga_controller_1080p:vga|h_count[5]  ; vga_controller_1080p:vga|h_count[8]  ; pll_inst|altpll_component|auto_generated|pll1|clk[0] ; pll_inst|altpll_component|auto_generated|pll1|clk[0] ; 0.000        ; 0.081      ; 1.367      ;
; 1.101 ; vga_controller_1080p:vga|h_count[3]  ; vga_controller_1080p:vga|h_count[5]  ; pll_inst|altpll_component|auto_generated|pll1|clk[0] ; pll_inst|altpll_component|auto_generated|pll1|clk[0] ; 0.000        ; 0.081      ; 1.368      ;
; 1.102 ; vga_controller_1080p:vga|h_count[0]  ; vga_controller_1080p:vga|h_count[4]  ; pll_inst|altpll_component|auto_generated|pll1|clk[0] ; pll_inst|altpll_component|auto_generated|pll1|clk[0] ; 0.000        ; 0.081      ; 1.369      ;
; 1.102 ; vga_controller_1080p:vga|v_count[0]  ; vga_controller_1080p:vga|v_count[4]  ; pll_inst|altpll_component|auto_generated|pll1|clk[0] ; pll_inst|altpll_component|auto_generated|pll1|clk[0] ; 0.000        ; 0.081      ; 1.369      ;
; 1.104 ; vga_controller_1080p:vga|v_count[9]  ; vga_controller_1080p:vga|v_count[11] ; pll_inst|altpll_component|auto_generated|pll1|clk[0] ; pll_inst|altpll_component|auto_generated|pll1|clk[0] ; 0.000        ; 0.081      ; 1.371      ;
; 1.105 ; vga_controller_1080p:vga|v_count[7]  ; vga_controller_1080p:vga|v_count[9]  ; pll_inst|altpll_component|auto_generated|pll1|clk[0] ; pll_inst|altpll_component|auto_generated|pll1|clk[0] ; 0.000        ; 0.081      ; 1.372      ;
; 1.106 ; vga_controller_1080p:vga|h_count[3]  ; vga_controller_1080p:vga|h_count[6]  ; pll_inst|altpll_component|auto_generated|pll1|clk[0] ; pll_inst|altpll_component|auto_generated|pll1|clk[0] ; 0.000        ; 0.081      ; 1.373      ;
; 1.110 ; vga_controller_1080p:vga|v_count[5]  ; vga_controller_1080p:vga|v_count[7]  ; pll_inst|altpll_component|auto_generated|pll1|clk[0] ; pll_inst|altpll_component|auto_generated|pll1|clk[0] ; 0.000        ; 0.081      ; 1.377      ;
; 1.110 ; vga_controller_1080p:vga|v_count[7]  ; vga_controller_1080p:vga|v_count[10] ; pll_inst|altpll_component|auto_generated|pll1|clk[0] ; pll_inst|altpll_component|auto_generated|pll1|clk[0] ; 0.000        ; 0.081      ; 1.377      ;
; 1.113 ; vga_controller_1080p:vga|h_count[9]  ; vga_controller_1080p:vga|h_count[11] ; pll_inst|altpll_component|auto_generated|pll1|clk[0] ; pll_inst|altpll_component|auto_generated|pll1|clk[0] ; 0.000        ; 0.081      ; 1.380      ;
+-------+--------------------------------------+--------------------------------------+------------------------------------------------------+------------------------------------------------------+--------------+------------+------------+


-----------------------------------------------
; Slow 1200mV 85C Model Metastability Summary ;
-----------------------------------------------
No synchronizer chains to report.


+--------------------------------------------------------------------------------------------+
; Slow 1200mV 0C Model Fmax Summary                                                          ;
+------------+-----------------+------------------------------------------------------+------+
; Fmax       ; Restricted Fmax ; Clock Name                                           ; Note ;
+------------+-----------------+------------------------------------------------------+------+
; 156.52 MHz ; 156.52 MHz      ; pll_inst|altpll_component|auto_generated|pll1|clk[0] ;      ;
+------------+-----------------+------------------------------------------------------+------+
This panel reports FMAX for every clock in the design, regardless of the user-specified clock periods.  FMAX is only computed for paths where the source and destination registers or ports are driven by the same clock.  Paths of different clocks, including generated clocks, are ignored.  For paths between a clock and its inversion, FMAX is computed as if the rising and falling edges are scaled along with FMAX, such that the duty cycle (in terms of a percentage) is maintained. Altera recommends that you always use clock constraints and other slack reports for sign-off analysis.


+------------------------------------------------------------------------------+
; Slow 1200mV 0C Model Setup Summary                                           ;
+------------------------------------------------------+-------+---------------+
; Clock                                                ; Slack ; End Point TNS ;
+------------------------------------------------------+-------+---------------+
; pll_inst|altpll_component|auto_generated|pll1|clk[0] ; 0.347 ; 0.000         ;
+------------------------------------------------------+-------+---------------+


+------------------------------------------------------------------------------+
; Slow 1200mV 0C Model Hold Summary                                            ;
+------------------------------------------------------+-------+---------------+
; Clock                                                ; Slack ; End Point TNS ;
+------------------------------------------------------+-------+---------------+
; pll_inst|altpll_component|auto_generated|pll1|clk[0] ; 0.587 ; 0.000         ;
+------------------------------------------------------+-------+---------------+


-----------------------------------------
; Slow 1200mV 0C Model Recovery Summary ;
-----------------------------------------
No paths to report.


----------------------------------------
; Slow 1200mV 0C Model Removal Summary ;
----------------------------------------
No paths to report.


+------------------------------------------------------------------------------+
; Slow 1200mV 0C Model Minimum Pulse Width Summary                             ;
+------------------------------------------------------+-------+---------------+
; Clock                                                ; Slack ; End Point TNS ;
+------------------------------------------------------+-------+---------------+
; pll_inst|altpll_component|auto_generated|pll1|clk[0] ; 3.060 ; 0.000         ;
; CLOCK_50                                             ; 9.887 ; 0.000         ;
+------------------------------------------------------+-------+---------------+


+------------------------------------------------------------------------------------------------------------------------------------------------------------------------------------------------------------------------------------------------------------------------------------------------------------------+
; Slow 1200mV 0C Model Setup: 'pll_inst|altpll_component|auto_generated|pll1|clk[0]'                                                                                                                                                                                                                               ;
+-------+-------------------------------+-------------------------------------------------------------------------------------------------------------------+------------------------------------------------------+------------------------------------------------------+--------------+------------+------------+
; Slack ; From Node                     ; To Node                                                                                                           ; Launch Clock                                         ; Latch Clock                                          ; Relationship ; Clock Skew ; Data Delay ;
+-------+-------------------------------+-------------------------------------------------------------------------------------------------------------------+------------------------------------------------------+------------------------------------------------------+--------------+------------+------------+
; 0.347 ; vga_controller_1080p:vga|y[4] ; image_rom:img_rom|altsyncram:altsyncram_component|altsyncram_cec1:auto_generated|ram_block1a2~porta_address_reg0  ; pll_inst|altpll_component|auto_generated|pll1|clk[0] ; pll_inst|altpll_component|auto_generated|pll1|clk[0] ; 6.736        ; 0.205      ; 6.624      ;
; 0.353 ; vga_controller_1080p:vga|y[3] ; image_rom:img_rom|altsyncram:altsyncram_component|altsyncram_cec1:auto_generated|ram_block1a2~porta_address_reg0  ; pll_inst|altpll_component|auto_generated|pll1|clk[0] ; pll_inst|altpll_component|auto_generated|pll1|clk[0] ; 6.736        ; 0.205      ; 6.618      ;
; 0.383 ; vga_controller_1080p:vga|x[7] ; image_rom:img_rom|altsyncram:altsyncram_component|altsyncram_cec1:auto_generated|ram_block1a2~porta_address_reg0  ; pll_inst|altpll_component|auto_generated|pll1|clk[0] ; pll_inst|altpll_component|auto_generated|pll1|clk[0] ; 6.736        ; 0.203      ; 6.586      ;
; 0.403 ; vga_controller_1080p:vga|y[4] ; image_rom:img_rom|altsyncram:altsyncram_component|altsyncram_cec1:auto_generated|ram_block1a34~porta_address_reg0 ; pll_inst|altpll_component|auto_generated|pll1|clk[0] ; pll_inst|altpll_component|auto_generated|pll1|clk[0] ; 6.736        ; 0.230      ; 6.593      ;
; 0.405 ; vga_controller_1080p:vga|y[4] ; image_rom:img_rom|altsyncram:altsyncram_component|altsyncram_cec1:auto_generated|ram_block1a29~porta_address_reg0 ; pll_inst|altpll_component|auto_generated|pll1|clk[0] ; pll_inst|altpll_component|auto_generated|pll1|clk[0] ; 6.736        ; 0.194      ; 6.555      ;
; 0.409 ; vga_controller_1080p:vga|y[3] ; image_rom:img_rom|altsyncram:altsyncram_component|altsyncram_cec1:auto_generated|ram_block1a34~porta_address_reg0 ; pll_inst|altpll_component|auto_generated|pll1|clk[0] ; pll_inst|altpll_component|auto_generated|pll1|clk[0] ; 6.736        ; 0.230      ; 6.587      ;
; 0.411 ; vga_controller_1080p:vga|y[3] ; image_rom:img_rom|altsyncram:altsyncram_component|altsyncram_cec1:auto_generated|ram_block1a29~porta_address_reg0 ; pll_inst|altpll_component|auto_generated|pll1|clk[0] ; pll_inst|altpll_component|auto_generated|pll1|clk[0] ; 6.736        ; 0.194      ; 6.549      ;
; 0.430 ; vga_controller_1080p:vga|x[6] ; image_rom:img_rom|altsyncram:altsyncram_component|altsyncram_cec1:auto_generated|ram_block1a2~porta_address_reg0  ; pll_inst|altpll_component|auto_generated|pll1|clk[0] ; pll_inst|altpll_component|auto_generated|pll1|clk[0] ; 6.736        ; 0.203      ; 6.539      ;
; 0.439 ; vga_controller_1080p:vga|x[7] ; image_rom:img_rom|altsyncram:altsyncram_component|altsyncram_cec1:auto_generated|ram_block1a34~porta_address_reg0 ; pll_inst|altpll_component|auto_generated|pll1|clk[0] ; pll_inst|altpll_component|auto_generated|pll1|clk[0] ; 6.736        ; 0.228      ; 6.555      ;
; 0.441 ; vga_controller_1080p:vga|x[7] ; image_rom:img_rom|altsyncram:altsyncram_component|altsyncram_cec1:auto_generated|ram_block1a29~porta_address_reg0 ; pll_inst|altpll_component|auto_generated|pll1|clk[0] ; pll_inst|altpll_component|auto_generated|pll1|clk[0] ; 6.736        ; 0.192      ; 6.517      ;
; 0.453 ; vga_controller_1080p:vga|x[9] ; image_rom:img_rom|altsyncram:altsyncram_component|altsyncram_cec1:auto_generated|ram_block1a2~porta_address_reg0  ; pll_inst|altpll_component|auto_generated|pll1|clk[0] ; pll_inst|altpll_component|auto_generated|pll1|clk[0] ; 6.736        ; 0.203      ; 6.516      ;
; 0.471 ; vga_controller_1080p:vga|y[4] ; image_rom:img_rom|altsyncram:altsyncram_component|altsyncram_cec1:auto_generated|ram_block1a7~porta_address_reg0  ; pll_inst|altpll_component|auto_generated|pll1|clk[0] ; pll_inst|altpll_component|auto_generated|pll1|clk[0] ; 6.736        ; 0.221      ; 6.516      ;
; 0.475 ; vga_controller_1080p:vga|y[4] ; image_rom:img_rom|altsyncram:altsyncram_component|altsyncram_cec1:auto_generated|ram_block1a6~porta_address_reg0  ; pll_inst|altpll_component|auto_generated|pll1|clk[0] ; pll_inst|altpll_component|auto_generated|pll1|clk[0] ; 6.736        ; 0.224      ; 6.515      ;
; 0.477 ; vga_controller_1080p:vga|y[3] ; image_rom:img_rom|altsyncram:altsyncram_component|altsyncram_cec1:auto_generated|ram_block1a7~porta_address_reg0  ; pll_inst|altpll_component|auto_generated|pll1|clk[0] ; pll_inst|altpll_component|auto_generated|pll1|clk[0] ; 6.736        ; 0.221      ; 6.510      ;
; 0.481 ; vga_controller_1080p:vga|y[3] ; image_rom:img_rom|altsyncram:altsyncram_component|altsyncram_cec1:auto_generated|ram_block1a6~porta_address_reg0  ; pll_inst|altpll_component|auto_generated|pll1|clk[0] ; pll_inst|altpll_component|auto_generated|pll1|clk[0] ; 6.736        ; 0.224      ; 6.509      ;
; 0.482 ; vga_controller_1080p:vga|y[2] ; image_rom:img_rom|altsyncram:altsyncram_component|altsyncram_cec1:auto_generated|ram_block1a2~porta_address_reg0  ; pll_inst|altpll_component|auto_generated|pll1|clk[0] ; pll_inst|altpll_component|auto_generated|pll1|clk[0] ; 6.736        ; 0.205      ; 6.489      ;
; 0.485 ; vga_controller_1080p:vga|y[4] ; image_rom:img_rom|altsyncram:altsyncram_component|altsyncram_cec1:auto_generated|ram_block1a11~porta_address_reg0 ; pll_inst|altpll_component|auto_generated|pll1|clk[0] ; pll_inst|altpll_component|auto_generated|pll1|clk[0] ; 6.736        ; 0.228      ; 6.509      ;
; 0.486 ; vga_controller_1080p:vga|x[6] ; image_rom:img_rom|altsyncram:altsyncram_component|altsyncram_cec1:auto_generated|ram_block1a34~porta_address_reg0 ; pll_inst|altpll_component|auto_generated|pll1|clk[0] ; pll_inst|altpll_component|auto_generated|pll1|clk[0] ; 6.736        ; 0.228      ; 6.508      ;
; 0.488 ; vga_controller_1080p:vga|x[6] ; image_rom:img_rom|altsyncram:altsyncram_component|altsyncram_cec1:auto_generated|ram_block1a29~porta_address_reg0 ; pll_inst|altpll_component|auto_generated|pll1|clk[0] ; pll_inst|altpll_component|auto_generated|pll1|clk[0] ; 6.736        ; 0.192      ; 6.470      ;
; 0.491 ; vga_controller_1080p:vga|y[3] ; image_rom:img_rom|altsyncram:altsyncram_component|altsyncram_cec1:auto_generated|ram_block1a11~porta_address_reg0 ; pll_inst|altpll_component|auto_generated|pll1|clk[0] ; pll_inst|altpll_component|auto_generated|pll1|clk[0] ; 6.736        ; 0.228      ; 6.503      ;
; 0.507 ; vga_controller_1080p:vga|x[7] ; image_rom:img_rom|altsyncram:altsyncram_component|altsyncram_cec1:auto_generated|ram_block1a7~porta_address_reg0  ; pll_inst|altpll_component|auto_generated|pll1|clk[0] ; pll_inst|altpll_component|auto_generated|pll1|clk[0] ; 6.736        ; 0.219      ; 6.478      ;
; 0.509 ; vga_controller_1080p:vga|x[9] ; image_rom:img_rom|altsyncram:altsyncram_component|altsyncram_cec1:auto_generated|ram_block1a34~porta_address_reg0 ; pll_inst|altpll_component|auto_generated|pll1|clk[0] ; pll_inst|altpll_component|auto_generated|pll1|clk[0] ; 6.736        ; 0.228      ; 6.485      ;
; 0.511 ; vga_controller_1080p:vga|x[9] ; image_rom:img_rom|altsyncram:altsyncram_component|altsyncram_cec1:auto_generated|ram_block1a29~porta_address_reg0 ; pll_inst|altpll_component|auto_generated|pll1|clk[0] ; pll_inst|altpll_component|auto_generated|pll1|clk[0] ; 6.736        ; 0.192      ; 6.447      ;
; 0.511 ; vga_controller_1080p:vga|x[7] ; image_rom:img_rom|altsyncram:altsyncram_component|altsyncram_cec1:auto_generated|ram_block1a6~porta_address_reg0  ; pll_inst|altpll_component|auto_generated|pll1|clk[0] ; pll_inst|altpll_component|auto_generated|pll1|clk[0] ; 6.736        ; 0.222      ; 6.477      ;
; 0.521 ; vga_controller_1080p:vga|x[7] ; image_rom:img_rom|altsyncram:altsyncram_component|altsyncram_cec1:auto_generated|ram_block1a11~porta_address_reg0 ; pll_inst|altpll_component|auto_generated|pll1|clk[0] ; pll_inst|altpll_component|auto_generated|pll1|clk[0] ; 6.736        ; 0.226      ; 6.471      ;
; 0.524 ; vga_controller_1080p:vga|y[4] ; image_rom:img_rom|altsyncram:altsyncram_component|altsyncram_cec1:auto_generated|ram_block1a35~porta_address_reg0 ; pll_inst|altpll_component|auto_generated|pll1|clk[0] ; pll_inst|altpll_component|auto_generated|pll1|clk[0] ; 6.736        ; 0.215      ; 6.457      ;
; 0.530 ; vga_controller_1080p:vga|y[3] ; image_rom:img_rom|altsyncram:altsyncram_component|altsyncram_cec1:auto_generated|ram_block1a35~porta_address_reg0 ; pll_inst|altpll_component|auto_generated|pll1|clk[0] ; pll_inst|altpll_component|auto_generated|pll1|clk[0] ; 6.736        ; 0.215      ; 6.451      ;
; 0.534 ; vga_controller_1080p:vga|y[4] ; image_rom:img_rom|altsyncram:altsyncram_component|altsyncram_cec1:auto_generated|ram_block1a47~porta_address_reg0 ; pll_inst|altpll_component|auto_generated|pll1|clk[0] ; pll_inst|altpll_component|auto_generated|pll1|clk[0] ; 6.736        ; 0.211      ; 6.443      ;
; 0.538 ; vga_controller_1080p:vga|y[2] ; image_rom:img_rom|altsyncram:altsyncram_component|altsyncram_cec1:auto_generated|ram_block1a34~porta_address_reg0 ; pll_inst|altpll_component|auto_generated|pll1|clk[0] ; pll_inst|altpll_component|auto_generated|pll1|clk[0] ; 6.736        ; 0.230      ; 6.458      ;
; 0.540 ; vga_controller_1080p:vga|y[2] ; image_rom:img_rom|altsyncram:altsyncram_component|altsyncram_cec1:auto_generated|ram_block1a29~porta_address_reg0 ; pll_inst|altpll_component|auto_generated|pll1|clk[0] ; pll_inst|altpll_component|auto_generated|pll1|clk[0] ; 6.736        ; 0.194      ; 6.420      ;
; 0.540 ; vga_controller_1080p:vga|y[3] ; image_rom:img_rom|altsyncram:altsyncram_component|altsyncram_cec1:auto_generated|ram_block1a47~porta_address_reg0 ; pll_inst|altpll_component|auto_generated|pll1|clk[0] ; pll_inst|altpll_component|auto_generated|pll1|clk[0] ; 6.736        ; 0.211      ; 6.437      ;
; 0.542 ; vga_controller_1080p:vga|y[4] ; image_rom:img_rom|altsyncram:altsyncram_component|altsyncram_cec1:auto_generated|ram_block1a5~porta_address_reg0  ; pll_inst|altpll_component|auto_generated|pll1|clk[0] ; pll_inst|altpll_component|auto_generated|pll1|clk[0] ; 6.736        ; 0.219      ; 6.443      ;
; 0.544 ; vga_controller_1080p:vga|y[4] ; image_rom:img_rom|altsyncram:altsyncram_component|altsyncram_cec1:auto_generated|ram_block1a4~porta_address_reg0  ; pll_inst|altpll_component|auto_generated|pll1|clk[0] ; pll_inst|altpll_component|auto_generated|pll1|clk[0] ; 6.736        ; 0.223      ; 6.445      ;
; 0.548 ; vga_controller_1080p:vga|y[3] ; image_rom:img_rom|altsyncram:altsyncram_component|altsyncram_cec1:auto_generated|ram_block1a5~porta_address_reg0  ; pll_inst|altpll_component|auto_generated|pll1|clk[0] ; pll_inst|altpll_component|auto_generated|pll1|clk[0] ; 6.736        ; 0.219      ; 6.437      ;
; 0.550 ; vga_controller_1080p:vga|x[8] ; image_rom:img_rom|altsyncram:altsyncram_component|altsyncram_cec1:auto_generated|ram_block1a2~porta_address_reg0  ; pll_inst|altpll_component|auto_generated|pll1|clk[0] ; pll_inst|altpll_component|auto_generated|pll1|clk[0] ; 6.736        ; 0.203      ; 6.419      ;
; 0.550 ; vga_controller_1080p:vga|y[3] ; image_rom:img_rom|altsyncram:altsyncram_component|altsyncram_cec1:auto_generated|ram_block1a4~porta_address_reg0  ; pll_inst|altpll_component|auto_generated|pll1|clk[0] ; pll_inst|altpll_component|auto_generated|pll1|clk[0] ; 6.736        ; 0.223      ; 6.439      ;
; 0.554 ; vga_controller_1080p:vga|x[6] ; image_rom:img_rom|altsyncram:altsyncram_component|altsyncram_cec1:auto_generated|ram_block1a7~porta_address_reg0  ; pll_inst|altpll_component|auto_generated|pll1|clk[0] ; pll_inst|altpll_component|auto_generated|pll1|clk[0] ; 6.736        ; 0.219      ; 6.431      ;
; 0.558 ; vga_controller_1080p:vga|x[6] ; image_rom:img_rom|altsyncram:altsyncram_component|altsyncram_cec1:auto_generated|ram_block1a6~porta_address_reg0  ; pll_inst|altpll_component|auto_generated|pll1|clk[0] ; pll_inst|altpll_component|auto_generated|pll1|clk[0] ; 6.736        ; 0.222      ; 6.430      ;
; 0.560 ; vga_controller_1080p:vga|x[7] ; image_rom:img_rom|altsyncram:altsyncram_component|altsyncram_cec1:auto_generated|ram_block1a35~porta_address_reg0 ; pll_inst|altpll_component|auto_generated|pll1|clk[0] ; pll_inst|altpll_component|auto_generated|pll1|clk[0] ; 6.736        ; 0.213      ; 6.419      ;
; 0.565 ; vga_controller_1080p:vga|y[4] ; image_rom:img_rom|altsyncram:altsyncram_component|altsyncram_cec1:auto_generated|ram_block1a45~porta_address_reg0 ; pll_inst|altpll_component|auto_generated|pll1|clk[0] ; pll_inst|altpll_component|auto_generated|pll1|clk[0] ; 6.736        ; 0.216      ; 6.417      ;
; 0.568 ; vga_controller_1080p:vga|x[6] ; image_rom:img_rom|altsyncram:altsyncram_component|altsyncram_cec1:auto_generated|ram_block1a11~porta_address_reg0 ; pll_inst|altpll_component|auto_generated|pll1|clk[0] ; pll_inst|altpll_component|auto_generated|pll1|clk[0] ; 6.736        ; 0.226      ; 6.424      ;
; 0.570 ; vga_controller_1080p:vga|x[7] ; image_rom:img_rom|altsyncram:altsyncram_component|altsyncram_cec1:auto_generated|ram_block1a47~porta_address_reg0 ; pll_inst|altpll_component|auto_generated|pll1|clk[0] ; pll_inst|altpll_component|auto_generated|pll1|clk[0] ; 6.736        ; 0.209      ; 6.405      ;
; 0.571 ; vga_controller_1080p:vga|y[3] ; image_rom:img_rom|altsyncram:altsyncram_component|altsyncram_cec1:auto_generated|ram_block1a45~porta_address_reg0 ; pll_inst|altpll_component|auto_generated|pll1|clk[0] ; pll_inst|altpll_component|auto_generated|pll1|clk[0] ; 6.736        ; 0.216      ; 6.411      ;
; 0.575 ; vga_controller_1080p:vga|y[4] ; image_rom:img_rom|altsyncram:altsyncram_component|altsyncram_cec1:auto_generated|ram_block1a22~porta_address_reg0 ; pll_inst|altpll_component|auto_generated|pll1|clk[0] ; pll_inst|altpll_component|auto_generated|pll1|clk[0] ; 6.736        ; 0.205      ; 6.396      ;
; 0.577 ; vga_controller_1080p:vga|x[9] ; image_rom:img_rom|altsyncram:altsyncram_component|altsyncram_cec1:auto_generated|ram_block1a7~porta_address_reg0  ; pll_inst|altpll_component|auto_generated|pll1|clk[0] ; pll_inst|altpll_component|auto_generated|pll1|clk[0] ; 6.736        ; 0.219      ; 6.408      ;
; 0.578 ; vga_controller_1080p:vga|x[7] ; image_rom:img_rom|altsyncram:altsyncram_component|altsyncram_cec1:auto_generated|ram_block1a5~porta_address_reg0  ; pll_inst|altpll_component|auto_generated|pll1|clk[0] ; pll_inst|altpll_component|auto_generated|pll1|clk[0] ; 6.736        ; 0.217      ; 6.405      ;
; 0.580 ; vga_controller_1080p:vga|x[7] ; image_rom:img_rom|altsyncram:altsyncram_component|altsyncram_cec1:auto_generated|ram_block1a4~porta_address_reg0  ; pll_inst|altpll_component|auto_generated|pll1|clk[0] ; pll_inst|altpll_component|auto_generated|pll1|clk[0] ; 6.736        ; 0.221      ; 6.407      ;
; 0.581 ; vga_controller_1080p:vga|x[9] ; image_rom:img_rom|altsyncram:altsyncram_component|altsyncram_cec1:auto_generated|ram_block1a6~porta_address_reg0  ; pll_inst|altpll_component|auto_generated|pll1|clk[0] ; pll_inst|altpll_component|auto_generated|pll1|clk[0] ; 6.736        ; 0.222      ; 6.407      ;
; 0.581 ; vga_controller_1080p:vga|y[3] ; image_rom:img_rom|altsyncram:altsyncram_component|altsyncram_cec1:auto_generated|ram_block1a22~porta_address_reg0 ; pll_inst|altpll_component|auto_generated|pll1|clk[0] ; pll_inst|altpll_component|auto_generated|pll1|clk[0] ; 6.736        ; 0.205      ; 6.390      ;
; 0.591 ; vga_controller_1080p:vga|x[9] ; image_rom:img_rom|altsyncram:altsyncram_component|altsyncram_cec1:auto_generated|ram_block1a11~porta_address_reg0 ; pll_inst|altpll_component|auto_generated|pll1|clk[0] ; pll_inst|altpll_component|auto_generated|pll1|clk[0] ; 6.736        ; 0.226      ; 6.401      ;
; 0.598 ; vga_controller_1080p:vga|x[6] ; image_rom:img_rom|altsyncram:altsyncram_component|altsyncram_cec1:auto_generated|ram_block1a35~porta_address_reg0 ; pll_inst|altpll_component|auto_generated|pll1|clk[0] ; pll_inst|altpll_component|auto_generated|pll1|clk[0] ; 6.736        ; 0.213      ; 6.381      ;
; 0.601 ; vga_controller_1080p:vga|x[7] ; image_rom:img_rom|altsyncram:altsyncram_component|altsyncram_cec1:auto_generated|ram_block1a45~porta_address_reg0 ; pll_inst|altpll_component|auto_generated|pll1|clk[0] ; pll_inst|altpll_component|auto_generated|pll1|clk[0] ; 6.736        ; 0.214      ; 6.379      ;
; 0.606 ; vga_controller_1080p:vga|y[2] ; image_rom:img_rom|altsyncram:altsyncram_component|altsyncram_cec1:auto_generated|ram_block1a7~porta_address_reg0  ; pll_inst|altpll_component|auto_generated|pll1|clk[0] ; pll_inst|altpll_component|auto_generated|pll1|clk[0] ; 6.736        ; 0.221      ; 6.381      ;
; 0.606 ; vga_controller_1080p:vga|x[8] ; image_rom:img_rom|altsyncram:altsyncram_component|altsyncram_cec1:auto_generated|ram_block1a34~porta_address_reg0 ; pll_inst|altpll_component|auto_generated|pll1|clk[0] ; pll_inst|altpll_component|auto_generated|pll1|clk[0] ; 6.736        ; 0.228      ; 6.388      ;
; 0.608 ; vga_controller_1080p:vga|x[8] ; image_rom:img_rom|altsyncram:altsyncram_component|altsyncram_cec1:auto_generated|ram_block1a29~porta_address_reg0 ; pll_inst|altpll_component|auto_generated|pll1|clk[0] ; pll_inst|altpll_component|auto_generated|pll1|clk[0] ; 6.736        ; 0.192      ; 6.350      ;
; 0.610 ; vga_controller_1080p:vga|y[2] ; image_rom:img_rom|altsyncram:altsyncram_component|altsyncram_cec1:auto_generated|ram_block1a6~porta_address_reg0  ; pll_inst|altpll_component|auto_generated|pll1|clk[0] ; pll_inst|altpll_component|auto_generated|pll1|clk[0] ; 6.736        ; 0.224      ; 6.380      ;
; 0.611 ; vga_controller_1080p:vga|x[7] ; image_rom:img_rom|altsyncram:altsyncram_component|altsyncram_cec1:auto_generated|ram_block1a22~porta_address_reg0 ; pll_inst|altpll_component|auto_generated|pll1|clk[0] ; pll_inst|altpll_component|auto_generated|pll1|clk[0] ; 6.736        ; 0.203      ; 6.358      ;
; 0.612 ; vga_controller_1080p:vga|x[6] ; image_rom:img_rom|altsyncram:altsyncram_component|altsyncram_cec1:auto_generated|ram_block1a47~porta_address_reg0 ; pll_inst|altpll_component|auto_generated|pll1|clk[0] ; pll_inst|altpll_component|auto_generated|pll1|clk[0] ; 6.736        ; 0.209      ; 6.363      ;
; 0.615 ; vga_controller_1080p:vga|x[6] ; image_rom:img_rom|altsyncram:altsyncram_component|altsyncram_cec1:auto_generated|ram_block1a5~porta_address_reg0  ; pll_inst|altpll_component|auto_generated|pll1|clk[0] ; pll_inst|altpll_component|auto_generated|pll1|clk[0] ; 6.736        ; 0.217      ; 6.368      ;
; 0.620 ; vga_controller_1080p:vga|y[2] ; image_rom:img_rom|altsyncram:altsyncram_component|altsyncram_cec1:auto_generated|ram_block1a11~porta_address_reg0 ; pll_inst|altpll_component|auto_generated|pll1|clk[0] ; pll_inst|altpll_component|auto_generated|pll1|clk[0] ; 6.736        ; 0.228      ; 6.374      ;
; 0.622 ; vga_controller_1080p:vga|y[4] ; image_rom:img_rom|altsyncram:altsyncram_component|altsyncram_cec1:auto_generated|ram_block1a20~porta_address_reg0 ; pll_inst|altpll_component|auto_generated|pll1|clk[0] ; pll_inst|altpll_component|auto_generated|pll1|clk[0] ; 6.736        ; 0.217      ; 6.361      ;
; 0.626 ; vga_controller_1080p:vga|y[7] ; image_rom:img_rom|altsyncram:altsyncram_component|altsyncram_cec1:auto_generated|ram_block1a2~porta_address_reg0  ; pll_inst|altpll_component|auto_generated|pll1|clk[0] ; pll_inst|altpll_component|auto_generated|pll1|clk[0] ; 6.736        ; 0.205      ; 6.345      ;
; 0.627 ; vga_controller_1080p:vga|x[6] ; image_rom:img_rom|altsyncram:altsyncram_component|altsyncram_cec1:auto_generated|ram_block1a4~porta_address_reg0  ; pll_inst|altpll_component|auto_generated|pll1|clk[0] ; pll_inst|altpll_component|auto_generated|pll1|clk[0] ; 6.736        ; 0.221      ; 6.360      ;
; 0.628 ; vga_controller_1080p:vga|y[3] ; image_rom:img_rom|altsyncram:altsyncram_component|altsyncram_cec1:auto_generated|ram_block1a20~porta_address_reg0 ; pll_inst|altpll_component|auto_generated|pll1|clk[0] ; pll_inst|altpll_component|auto_generated|pll1|clk[0] ; 6.736        ; 0.217      ; 6.355      ;
; 0.630 ; vga_controller_1080p:vga|x[9] ; image_rom:img_rom|altsyncram:altsyncram_component|altsyncram_cec1:auto_generated|ram_block1a35~porta_address_reg0 ; pll_inst|altpll_component|auto_generated|pll1|clk[0] ; pll_inst|altpll_component|auto_generated|pll1|clk[0] ; 6.736        ; 0.213      ; 6.349      ;
; 0.640 ; vga_controller_1080p:vga|x[9] ; image_rom:img_rom|altsyncram:altsyncram_component|altsyncram_cec1:auto_generated|ram_block1a47~porta_address_reg0 ; pll_inst|altpll_component|auto_generated|pll1|clk[0] ; pll_inst|altpll_component|auto_generated|pll1|clk[0] ; 6.736        ; 0.209      ; 6.335      ;
; 0.644 ; vga_controller_1080p:vga|x[6] ; image_rom:img_rom|altsyncram:altsyncram_component|altsyncram_cec1:auto_generated|ram_block1a45~porta_address_reg0 ; pll_inst|altpll_component|auto_generated|pll1|clk[0] ; pll_inst|altpll_component|auto_generated|pll1|clk[0] ; 6.736        ; 0.214      ; 6.336      ;
; 0.648 ; vga_controller_1080p:vga|x[9] ; image_rom:img_rom|altsyncram:altsyncram_component|altsyncram_cec1:auto_generated|ram_block1a5~porta_address_reg0  ; pll_inst|altpll_component|auto_generated|pll1|clk[0] ; pll_inst|altpll_component|auto_generated|pll1|clk[0] ; 6.736        ; 0.217      ; 6.335      ;
; 0.650 ; vga_controller_1080p:vga|x[9] ; image_rom:img_rom|altsyncram:altsyncram_component|altsyncram_cec1:auto_generated|ram_block1a4~porta_address_reg0  ; pll_inst|altpll_component|auto_generated|pll1|clk[0] ; pll_inst|altpll_component|auto_generated|pll1|clk[0] ; 6.736        ; 0.221      ; 6.337      ;
; 0.654 ; vga_controller_1080p:vga|y[4] ; image_rom:img_rom|altsyncram:altsyncram_component|altsyncram_cec1:auto_generated|ram_block1a13~porta_address_reg0 ; pll_inst|altpll_component|auto_generated|pll1|clk[0] ; pll_inst|altpll_component|auto_generated|pll1|clk[0] ; 6.736        ; 0.237      ; 6.349      ;
; 0.658 ; vga_controller_1080p:vga|x[6] ; image_rom:img_rom|altsyncram:altsyncram_component|altsyncram_cec1:auto_generated|ram_block1a22~porta_address_reg0 ; pll_inst|altpll_component|auto_generated|pll1|clk[0] ; pll_inst|altpll_component|auto_generated|pll1|clk[0] ; 6.736        ; 0.203      ; 6.311      ;
; 0.658 ; vga_controller_1080p:vga|x[7] ; image_rom:img_rom|altsyncram:altsyncram_component|altsyncram_cec1:auto_generated|ram_block1a20~porta_address_reg0 ; pll_inst|altpll_component|auto_generated|pll1|clk[0] ; pll_inst|altpll_component|auto_generated|pll1|clk[0] ; 6.736        ; 0.215      ; 6.323      ;
; 0.659 ; vga_controller_1080p:vga|y[2] ; image_rom:img_rom|altsyncram:altsyncram_component|altsyncram_cec1:auto_generated|ram_block1a35~porta_address_reg0 ; pll_inst|altpll_component|auto_generated|pll1|clk[0] ; pll_inst|altpll_component|auto_generated|pll1|clk[0] ; 6.736        ; 0.215      ; 6.322      ;
; 0.660 ; vga_controller_1080p:vga|y[3] ; image_rom:img_rom|altsyncram:altsyncram_component|altsyncram_cec1:auto_generated|ram_block1a13~porta_address_reg0 ; pll_inst|altpll_component|auto_generated|pll1|clk[0] ; pll_inst|altpll_component|auto_generated|pll1|clk[0] ; 6.736        ; 0.237      ; 6.343      ;
; 0.662 ; vga_controller_1080p:vga|y[4] ; image_rom:img_rom|altsyncram:altsyncram_component|altsyncram_cec1:auto_generated|ram_block1a27~porta_address_reg0 ; pll_inst|altpll_component|auto_generated|pll1|clk[0] ; pll_inst|altpll_component|auto_generated|pll1|clk[0] ; 6.736        ; 0.222      ; 6.326      ;
; 0.668 ; vga_controller_1080p:vga|y[3] ; image_rom:img_rom|altsyncram:altsyncram_component|altsyncram_cec1:auto_generated|ram_block1a27~porta_address_reg0 ; pll_inst|altpll_component|auto_generated|pll1|clk[0] ; pll_inst|altpll_component|auto_generated|pll1|clk[0] ; 6.736        ; 0.222      ; 6.320      ;
; 0.669 ; vga_controller_1080p:vga|y[2] ; image_rom:img_rom|altsyncram:altsyncram_component|altsyncram_cec1:auto_generated|ram_block1a47~porta_address_reg0 ; pll_inst|altpll_component|auto_generated|pll1|clk[0] ; pll_inst|altpll_component|auto_generated|pll1|clk[0] ; 6.736        ; 0.211      ; 6.308      ;
; 0.671 ; vga_controller_1080p:vga|y[4] ; image_rom:img_rom|altsyncram:altsyncram_component|altsyncram_cec1:auto_generated|ram_block1a10~porta_address_reg0 ; pll_inst|altpll_component|auto_generated|pll1|clk[0] ; pll_inst|altpll_component|auto_generated|pll1|clk[0] ; 6.736        ; 0.232      ; 6.327      ;
; 0.671 ; vga_controller_1080p:vga|x[9] ; image_rom:img_rom|altsyncram:altsyncram_component|altsyncram_cec1:auto_generated|ram_block1a45~porta_address_reg0 ; pll_inst|altpll_component|auto_generated|pll1|clk[0] ; pll_inst|altpll_component|auto_generated|pll1|clk[0] ; 6.736        ; 0.214      ; 6.309      ;
; 0.671 ; vga_controller_1080p:vga|y[6] ; image_rom:img_rom|altsyncram:altsyncram_component|altsyncram_cec1:auto_generated|ram_block1a2~porta_address_reg0  ; pll_inst|altpll_component|auto_generated|pll1|clk[0] ; pll_inst|altpll_component|auto_generated|pll1|clk[0] ; 6.736        ; 0.205      ; 6.300      ;
; 0.674 ; vga_controller_1080p:vga|x[8] ; image_rom:img_rom|altsyncram:altsyncram_component|altsyncram_cec1:auto_generated|ram_block1a7~porta_address_reg0  ; pll_inst|altpll_component|auto_generated|pll1|clk[0] ; pll_inst|altpll_component|auto_generated|pll1|clk[0] ; 6.736        ; 0.219      ; 6.311      ;
; 0.676 ; vga_controller_1080p:vga|y[8] ; image_rom:img_rom|altsyncram:altsyncram_component|altsyncram_cec1:auto_generated|ram_block1a2~porta_address_reg0  ; pll_inst|altpll_component|auto_generated|pll1|clk[0] ; pll_inst|altpll_component|auto_generated|pll1|clk[0] ; 6.736        ; 0.205      ; 6.295      ;
; 0.677 ; vga_controller_1080p:vga|y[2] ; image_rom:img_rom|altsyncram:altsyncram_component|altsyncram_cec1:auto_generated|ram_block1a5~porta_address_reg0  ; pll_inst|altpll_component|auto_generated|pll1|clk[0] ; pll_inst|altpll_component|auto_generated|pll1|clk[0] ; 6.736        ; 0.219      ; 6.308      ;
; 0.677 ; vga_controller_1080p:vga|y[3] ; image_rom:img_rom|altsyncram:altsyncram_component|altsyncram_cec1:auto_generated|ram_block1a10~porta_address_reg0 ; pll_inst|altpll_component|auto_generated|pll1|clk[0] ; pll_inst|altpll_component|auto_generated|pll1|clk[0] ; 6.736        ; 0.232      ; 6.321      ;
; 0.678 ; vga_controller_1080p:vga|x[8] ; image_rom:img_rom|altsyncram:altsyncram_component|altsyncram_cec1:auto_generated|ram_block1a6~porta_address_reg0  ; pll_inst|altpll_component|auto_generated|pll1|clk[0] ; pll_inst|altpll_component|auto_generated|pll1|clk[0] ; 6.736        ; 0.222      ; 6.310      ;
; 0.679 ; vga_controller_1080p:vga|y[2] ; image_rom:img_rom|altsyncram:altsyncram_component|altsyncram_cec1:auto_generated|ram_block1a4~porta_address_reg0  ; pll_inst|altpll_component|auto_generated|pll1|clk[0] ; pll_inst|altpll_component|auto_generated|pll1|clk[0] ; 6.736        ; 0.223      ; 6.310      ;
; 0.681 ; vga_controller_1080p:vga|x[9] ; image_rom:img_rom|altsyncram:altsyncram_component|altsyncram_cec1:auto_generated|ram_block1a22~porta_address_reg0 ; pll_inst|altpll_component|auto_generated|pll1|clk[0] ; pll_inst|altpll_component|auto_generated|pll1|clk[0] ; 6.736        ; 0.203      ; 6.288      ;
; 0.682 ; vga_controller_1080p:vga|y[7] ; image_rom:img_rom|altsyncram:altsyncram_component|altsyncram_cec1:auto_generated|ram_block1a34~porta_address_reg0 ; pll_inst|altpll_component|auto_generated|pll1|clk[0] ; pll_inst|altpll_component|auto_generated|pll1|clk[0] ; 6.736        ; 0.230      ; 6.314      ;
; 0.684 ; vga_controller_1080p:vga|y[7] ; image_rom:img_rom|altsyncram:altsyncram_component|altsyncram_cec1:auto_generated|ram_block1a29~porta_address_reg0 ; pll_inst|altpll_component|auto_generated|pll1|clk[0] ; pll_inst|altpll_component|auto_generated|pll1|clk[0] ; 6.736        ; 0.194      ; 6.276      ;
; 0.686 ; vga_controller_1080p:vga|y[4] ; image_rom:img_rom|altsyncram:altsyncram_component|altsyncram_cec1:auto_generated|ram_block1a19~porta_address_reg0 ; pll_inst|altpll_component|auto_generated|pll1|clk[0] ; pll_inst|altpll_component|auto_generated|pll1|clk[0] ; 6.736        ; 0.229      ; 6.309      ;
; 0.688 ; vga_controller_1080p:vga|x[8] ; image_rom:img_rom|altsyncram:altsyncram_component|altsyncram_cec1:auto_generated|ram_block1a11~porta_address_reg0 ; pll_inst|altpll_component|auto_generated|pll1|clk[0] ; pll_inst|altpll_component|auto_generated|pll1|clk[0] ; 6.736        ; 0.226      ; 6.304      ;
; 0.690 ; vga_controller_1080p:vga|x[7] ; image_rom:img_rom|altsyncram:altsyncram_component|altsyncram_cec1:auto_generated|ram_block1a13~porta_address_reg0 ; pll_inst|altpll_component|auto_generated|pll1|clk[0] ; pll_inst|altpll_component|auto_generated|pll1|clk[0] ; 6.736        ; 0.235      ; 6.311      ;
; 0.692 ; vga_controller_1080p:vga|y[3] ; image_rom:img_rom|altsyncram:altsyncram_component|altsyncram_cec1:auto_generated|ram_block1a19~porta_address_reg0 ; pll_inst|altpll_component|auto_generated|pll1|clk[0] ; pll_inst|altpll_component|auto_generated|pll1|clk[0] ; 6.736        ; 0.229      ; 6.303      ;
; 0.698 ; vga_controller_1080p:vga|x[7] ; image_rom:img_rom|altsyncram:altsyncram_component|altsyncram_cec1:auto_generated|ram_block1a27~porta_address_reg0 ; pll_inst|altpll_component|auto_generated|pll1|clk[0] ; pll_inst|altpll_component|auto_generated|pll1|clk[0] ; 6.736        ; 0.220      ; 6.288      ;
; 0.700 ; vga_controller_1080p:vga|y[2] ; image_rom:img_rom|altsyncram:altsyncram_component|altsyncram_cec1:auto_generated|ram_block1a45~porta_address_reg0 ; pll_inst|altpll_component|auto_generated|pll1|clk[0] ; pll_inst|altpll_component|auto_generated|pll1|clk[0] ; 6.736        ; 0.216      ; 6.282      ;
; 0.705 ; vga_controller_1080p:vga|x[6] ; image_rom:img_rom|altsyncram:altsyncram_component|altsyncram_cec1:auto_generated|ram_block1a20~porta_address_reg0 ; pll_inst|altpll_component|auto_generated|pll1|clk[0] ; pll_inst|altpll_component|auto_generated|pll1|clk[0] ; 6.736        ; 0.215      ; 6.276      ;
; 0.707 ; vga_controller_1080p:vga|y[4] ; image_rom:img_rom|altsyncram:altsyncram_component|altsyncram_cec1:auto_generated|ram_block1a21~porta_address_reg0 ; pll_inst|altpll_component|auto_generated|pll1|clk[0] ; pll_inst|altpll_component|auto_generated|pll1|clk[0] ; 6.736        ; 0.226      ; 6.285      ;
; 0.707 ; vga_controller_1080p:vga|x[7] ; image_rom:img_rom|altsyncram:altsyncram_component|altsyncram_cec1:auto_generated|ram_block1a10~porta_address_reg0 ; pll_inst|altpll_component|auto_generated|pll1|clk[0] ; pll_inst|altpll_component|auto_generated|pll1|clk[0] ; 6.736        ; 0.230      ; 6.289      ;
; 0.710 ; vga_controller_1080p:vga|y[4] ; image_rom:img_rom|altsyncram:altsyncram_component|altsyncram_cec1:auto_generated|ram_block1a33~porta_address_reg0 ; pll_inst|altpll_component|auto_generated|pll1|clk[0] ; pll_inst|altpll_component|auto_generated|pll1|clk[0] ; 6.736        ; 0.237      ; 6.293      ;
; 0.710 ; vga_controller_1080p:vga|y[2] ; image_rom:img_rom|altsyncram:altsyncram_component|altsyncram_cec1:auto_generated|ram_block1a22~porta_address_reg0 ; pll_inst|altpll_component|auto_generated|pll1|clk[0] ; pll_inst|altpll_component|auto_generated|pll1|clk[0] ; 6.736        ; 0.205      ; 6.261      ;
+-------+-------------------------------+-------------------------------------------------------------------------------------------------------------------+------------------------------------------------------+------------------------------------------------------+--------------+------------+------------+


+--------------------------------------------------------------------------------------------------------------------------------------------------------------------------------------------------------------------------------------------+
; Slow 1200mV 0C Model Hold: 'pll_inst|altpll_component|auto_generated|pll1|clk[0]'                                                                                                                                                          ;
+-------+--------------------------------------+--------------------------------------+------------------------------------------------------+------------------------------------------------------+--------------+------------+------------+
; Slack ; From Node                            ; To Node                              ; Launch Clock                                         ; Latch Clock                                          ; Relationship ; Clock Skew ; Data Delay ;
+-------+--------------------------------------+--------------------------------------+------------------------------------------------------+------------------------------------------------------+--------------+------------+------------+
; 0.587 ; vga_controller_1080p:vga|h_count[1]  ; vga_controller_1080p:vga|h_count[1]  ; pll_inst|altpll_component|auto_generated|pll1|clk[0] ; pll_inst|altpll_component|auto_generated|pll1|clk[0] ; 0.000        ; 0.072      ; 0.830      ;
; 0.588 ; vga_controller_1080p:vga|v_count[1]  ; vga_controller_1080p:vga|v_count[1]  ; pll_inst|altpll_component|auto_generated|pll1|clk[0] ; pll_inst|altpll_component|auto_generated|pll1|clk[0] ; 0.000        ; 0.071      ; 0.830      ;
; 0.600 ; vga_controller_1080p:vga|v_count[3]  ; vga_controller_1080p:vga|v_count[3]  ; pll_inst|altpll_component|auto_generated|pll1|clk[0] ; pll_inst|altpll_component|auto_generated|pll1|clk[0] ; 0.000        ; 0.071      ; 0.842      ;
; 0.600 ; vga_controller_1080p:vga|h_count[5]  ; vga_controller_1080p:vga|h_count[5]  ; pll_inst|altpll_component|auto_generated|pll1|clk[0] ; pll_inst|altpll_component|auto_generated|pll1|clk[0] ; 0.000        ; 0.072      ; 0.843      ;
; 0.605 ; vga_controller_1080p:vga|h_count[4]  ; vga_controller_1080p:vga|h_count[4]  ; pll_inst|altpll_component|auto_generated|pll1|clk[0] ; pll_inst|altpll_component|auto_generated|pll1|clk[0] ; 0.000        ; 0.072      ; 0.848      ;
; 0.606 ; vga_controller_1080p:vga|v_count[4]  ; vga_controller_1080p:vga|v_count[4]  ; pll_inst|altpll_component|auto_generated|pll1|clk[0] ; pll_inst|altpll_component|auto_generated|pll1|clk[0] ; 0.000        ; 0.071      ; 0.848      ;
; 0.606 ; vga_controller_1080p:vga|h_count[3]  ; vga_controller_1080p:vga|h_count[3]  ; pll_inst|altpll_component|auto_generated|pll1|clk[0] ; pll_inst|altpll_component|auto_generated|pll1|clk[0] ; 0.000        ; 0.072      ; 0.849      ;
; 0.606 ; vga_controller_1080p:vga|h_count[10] ; vga_controller_1080p:vga|h_count[10] ; pll_inst|altpll_component|auto_generated|pll1|clk[0] ; pll_inst|altpll_component|auto_generated|pll1|clk[0] ; 0.000        ; 0.072      ; 0.849      ;
; 0.610 ; vga_controller_1080p:vga|v_count[11] ; vga_controller_1080p:vga|v_count[11] ; pll_inst|altpll_component|auto_generated|pll1|clk[0] ; pll_inst|altpll_component|auto_generated|pll1|clk[0] ; 0.000        ; 0.071      ; 0.852      ;
; 0.610 ; vga_controller_1080p:vga|h_count[0]  ; vga_controller_1080p:vga|h_count[0]  ; pll_inst|altpll_component|auto_generated|pll1|clk[0] ; pll_inst|altpll_component|auto_generated|pll1|clk[0] ; 0.000        ; 0.072      ; 0.853      ;
; 0.610 ; vga_controller_1080p:vga|h_count[2]  ; vga_controller_1080p:vga|h_count[2]  ; pll_inst|altpll_component|auto_generated|pll1|clk[0] ; pll_inst|altpll_component|auto_generated|pll1|clk[0] ; 0.000        ; 0.072      ; 0.853      ;
; 0.611 ; vga_controller_1080p:vga|v_count[0]  ; vga_controller_1080p:vga|v_count[0]  ; pll_inst|altpll_component|auto_generated|pll1|clk[0] ; pll_inst|altpll_component|auto_generated|pll1|clk[0] ; 0.000        ; 0.071      ; 0.853      ;
; 0.611 ; vga_controller_1080p:vga|v_count[7]  ; vga_controller_1080p:vga|v_count[7]  ; pll_inst|altpll_component|auto_generated|pll1|clk[0] ; pll_inst|altpll_component|auto_generated|pll1|clk[0] ; 0.000        ; 0.071      ; 0.853      ;
; 0.611 ; vga_controller_1080p:vga|v_count[9]  ; vga_controller_1080p:vga|v_count[9]  ; pll_inst|altpll_component|auto_generated|pll1|clk[0] ; pll_inst|altpll_component|auto_generated|pll1|clk[0] ; 0.000        ; 0.071      ; 0.853      ;
; 0.613 ; vga_controller_1080p:vga|v_count[8]  ; vga_controller_1080p:vga|v_count[8]  ; pll_inst|altpll_component|auto_generated|pll1|clk[0] ; pll_inst|altpll_component|auto_generated|pll1|clk[0] ; 0.000        ; 0.071      ; 0.855      ;
; 0.615 ; vga_controller_1080p:vga|v_count[5]  ; vga_controller_1080p:vga|v_count[5]  ; pll_inst|altpll_component|auto_generated|pll1|clk[0] ; pll_inst|altpll_component|auto_generated|pll1|clk[0] ; 0.000        ; 0.071      ; 0.857      ;
; 0.617 ; vga_controller_1080p:vga|h_count[9]  ; vga_controller_1080p:vga|h_count[9]  ; pll_inst|altpll_component|auto_generated|pll1|clk[0] ; pll_inst|altpll_component|auto_generated|pll1|clk[0] ; 0.000        ; 0.072      ; 0.860      ;
; 0.618 ; vga_controller_1080p:vga|v_count[2]  ; vga_controller_1080p:vga|v_count[2]  ; pll_inst|altpll_component|auto_generated|pll1|clk[0] ; pll_inst|altpll_component|auto_generated|pll1|clk[0] ; 0.000        ; 0.071      ; 0.860      ;
; 0.618 ; vga_controller_1080p:vga|h_count[7]  ; vga_controller_1080p:vga|h_count[7]  ; pll_inst|altpll_component|auto_generated|pll1|clk[0] ; pll_inst|altpll_component|auto_generated|pll1|clk[0] ; 0.000        ; 0.072      ; 0.861      ;
; 0.620 ; vga_controller_1080p:vga|h_count[6]  ; vga_controller_1080p:vga|h_count[6]  ; pll_inst|altpll_component|auto_generated|pll1|clk[0] ; pll_inst|altpll_component|auto_generated|pll1|clk[0] ; 0.000        ; 0.072      ; 0.863      ;
; 0.620 ; vga_controller_1080p:vga|h_count[8]  ; vga_controller_1080p:vga|h_count[8]  ; pll_inst|altpll_component|auto_generated|pll1|clk[0] ; pll_inst|altpll_component|auto_generated|pll1|clk[0] ; 0.000        ; 0.072      ; 0.863      ;
; 0.623 ; vga_controller_1080p:vga|h_count[11] ; vga_controller_1080p:vga|hsync       ; pll_inst|altpll_component|auto_generated|pll1|clk[0] ; pll_inst|altpll_component|auto_generated|pll1|clk[0] ; 0.000        ; 0.072      ; 0.866      ;
; 0.628 ; vga_controller_1080p:vga|h_count[11] ; vga_controller_1080p:vga|h_count[11] ; pll_inst|altpll_component|auto_generated|pll1|clk[0] ; pll_inst|altpll_component|auto_generated|pll1|clk[0] ; 0.000        ; 0.072      ; 0.871      ;
; 0.633 ; vga_controller_1080p:vga|v_count[10] ; vga_controller_1080p:vga|v_count[10] ; pll_inst|altpll_component|auto_generated|pll1|clk[0] ; pll_inst|altpll_component|auto_generated|pll1|clk[0] ; 0.000        ; 0.071      ; 0.875      ;
; 0.691 ; vga_controller_1080p:vga|h_count[2]  ; vga_controller_1080p:vga|x[2]        ; pll_inst|altpll_component|auto_generated|pll1|clk[0] ; pll_inst|altpll_component|auto_generated|pll1|clk[0] ; 0.000        ; 0.072      ; 0.934      ;
; 0.705 ; vga_controller_1080p:vga|h_count[3]  ; vga_controller_1080p:vga|x[3]        ; pll_inst|altpll_component|auto_generated|pll1|clk[0] ; pll_inst|altpll_component|auto_generated|pll1|clk[0] ; 0.000        ; 0.072      ; 0.948      ;
; 0.756 ; vga_controller_1080p:vga|v_count[6]  ; vga_controller_1080p:vga|v_count[6]  ; pll_inst|altpll_component|auto_generated|pll1|clk[0] ; pll_inst|altpll_component|auto_generated|pll1|clk[0] ; 0.000        ; 0.071      ; 0.998      ;
; 0.760 ; vga_controller_1080p:vga|v_count[6]  ; vga_controller_1080p:vga|y[6]        ; pll_inst|altpll_component|auto_generated|pll1|clk[0] ; pll_inst|altpll_component|auto_generated|pll1|clk[0] ; 0.000        ; 0.074      ; 1.005      ;
; 0.762 ; vga_controller_1080p:vga|v_count[8]  ; vga_controller_1080p:vga|y[8]        ; pll_inst|altpll_component|auto_generated|pll1|clk[0] ; pll_inst|altpll_component|auto_generated|pll1|clk[0] ; 0.000        ; 0.074      ; 1.007      ;
; 0.818 ; vga_controller_1080p:vga|v_count[10] ; vga_controller_1080p:vga|y[10]       ; pll_inst|altpll_component|auto_generated|pll1|clk[0] ; pll_inst|altpll_component|auto_generated|pll1|clk[0] ; 0.000        ; 0.073      ; 1.062      ;
; 0.820 ; vga_controller_1080p:vga|v_count[11] ; vga_controller_1080p:vga|y[7]        ; pll_inst|altpll_component|auto_generated|pll1|clk[0] ; pll_inst|altpll_component|auto_generated|pll1|clk[0] ; 0.000        ; 0.074      ; 1.065      ;
; 0.824 ; vga_controller_1080p:vga|h_count[9]  ; vga_controller_1080p:vga|x[9]        ; pll_inst|altpll_component|auto_generated|pll1|clk[0] ; pll_inst|altpll_component|auto_generated|pll1|clk[0] ; 0.000        ; 0.073      ; 1.068      ;
; 0.838 ; vga_controller_1080p:vga|h_count[4]  ; vga_controller_1080p:vga|x[4]        ; pll_inst|altpll_component|auto_generated|pll1|clk[0] ; pll_inst|altpll_component|auto_generated|pll1|clk[0] ; 0.000        ; 0.072      ; 1.081      ;
; 0.839 ; vga_controller_1080p:vga|v_count[10] ; vga_controller_1080p:vga|y[9]        ; pll_inst|altpll_component|auto_generated|pll1|clk[0] ; pll_inst|altpll_component|auto_generated|pll1|clk[0] ; 0.000        ; 0.073      ; 1.083      ;
; 0.857 ; vga_controller_1080p:vga|h_count[5]  ; vga_controller_1080p:vga|x[5]        ; pll_inst|altpll_component|auto_generated|pll1|clk[0] ; pll_inst|altpll_component|auto_generated|pll1|clk[0] ; 0.000        ; 0.072      ; 1.100      ;
; 0.874 ; vga_controller_1080p:vga|h_count[1]  ; vga_controller_1080p:vga|h_count[2]  ; pll_inst|altpll_component|auto_generated|pll1|clk[0] ; pll_inst|altpll_component|auto_generated|pll1|clk[0] ; 0.000        ; 0.072      ; 1.117      ;
; 0.875 ; vga_controller_1080p:vga|v_count[1]  ; vga_controller_1080p:vga|v_count[2]  ; pll_inst|altpll_component|auto_generated|pll1|clk[0] ; pll_inst|altpll_component|auto_generated|pll1|clk[0] ; 0.000        ; 0.071      ; 1.117      ;
; 0.877 ; vga_controller_1080p:vga|h_count[0]  ; vga_controller_1080p:vga|h_count[1]  ; pll_inst|altpll_component|auto_generated|pll1|clk[0] ; pll_inst|altpll_component|auto_generated|pll1|clk[0] ; 0.000        ; 0.072      ; 1.120      ;
; 0.878 ; vga_controller_1080p:vga|v_count[0]  ; vga_controller_1080p:vga|v_count[1]  ; pll_inst|altpll_component|auto_generated|pll1|clk[0] ; pll_inst|altpll_component|auto_generated|pll1|clk[0] ; 0.000        ; 0.071      ; 1.120      ;
; 0.886 ; vga_controller_1080p:vga|v_count[3]  ; vga_controller_1080p:vga|v_count[4]  ; pll_inst|altpll_component|auto_generated|pll1|clk[0] ; pll_inst|altpll_component|auto_generated|pll1|clk[0] ; 0.000        ; 0.071      ; 1.128      ;
; 0.886 ; vga_controller_1080p:vga|h_count[5]  ; vga_controller_1080p:vga|h_count[6]  ; pll_inst|altpll_component|auto_generated|pll1|clk[0] ; pll_inst|altpll_component|auto_generated|pll1|clk[0] ; 0.000        ; 0.072      ; 1.129      ;
; 0.888 ; vga_controller_1080p:vga|h_count[11] ; vga_controller_1080p:vga|x[2]        ; pll_inst|altpll_component|auto_generated|pll1|clk[0] ; pll_inst|altpll_component|auto_generated|pll1|clk[0] ; 0.000        ; 0.072      ; 1.131      ;
; 0.888 ; vga_controller_1080p:vga|h_count[0]  ; vga_controller_1080p:vga|h_count[2]  ; pll_inst|altpll_component|auto_generated|pll1|clk[0] ; pll_inst|altpll_component|auto_generated|pll1|clk[0] ; 0.000        ; 0.072      ; 1.131      ;
; 0.889 ; vga_controller_1080p:vga|v_count[0]  ; vga_controller_1080p:vga|v_count[2]  ; pll_inst|altpll_component|auto_generated|pll1|clk[0] ; pll_inst|altpll_component|auto_generated|pll1|clk[0] ; 0.000        ; 0.071      ; 1.131      ;
; 0.892 ; vga_controller_1080p:vga|h_count[3]  ; vga_controller_1080p:vga|h_count[4]  ; pll_inst|altpll_component|auto_generated|pll1|clk[0] ; pll_inst|altpll_component|auto_generated|pll1|clk[0] ; 0.000        ; 0.072      ; 1.135      ;
; 0.892 ; vga_controller_1080p:vga|h_count[11] ; vga_controller_1080p:vga|x[3]        ; pll_inst|altpll_component|auto_generated|pll1|clk[0] ; pll_inst|altpll_component|auto_generated|pll1|clk[0] ; 0.000        ; 0.072      ; 1.135      ;
; 0.892 ; vga_controller_1080p:vga|v_count[9]  ; vga_controller_1080p:vga|y[9]        ; pll_inst|altpll_component|auto_generated|pll1|clk[0] ; pll_inst|altpll_component|auto_generated|pll1|clk[0] ; 0.000        ; 0.073      ; 1.136      ;
; 0.893 ; vga_controller_1080p:vga|h_count[4]  ; vga_controller_1080p:vga|h_count[5]  ; pll_inst|altpll_component|auto_generated|pll1|clk[0] ; pll_inst|altpll_component|auto_generated|pll1|clk[0] ; 0.000        ; 0.072      ; 1.136      ;
; 0.894 ; vga_controller_1080p:vga|v_count[4]  ; vga_controller_1080p:vga|v_count[5]  ; pll_inst|altpll_component|auto_generated|pll1|clk[0] ; pll_inst|altpll_component|auto_generated|pll1|clk[0] ; 0.000        ; 0.071      ; 1.136      ;
; 0.894 ; vga_controller_1080p:vga|h_count[10] ; vga_controller_1080p:vga|h_count[11] ; pll_inst|altpll_component|auto_generated|pll1|clk[0] ; pll_inst|altpll_component|auto_generated|pll1|clk[0] ; 0.000        ; 0.072      ; 1.137      ;
; 0.898 ; vga_controller_1080p:vga|v_count[7]  ; vga_controller_1080p:vga|v_count[8]  ; pll_inst|altpll_component|auto_generated|pll1|clk[0] ; pll_inst|altpll_component|auto_generated|pll1|clk[0] ; 0.000        ; 0.071      ; 1.140      ;
; 0.898 ; vga_controller_1080p:vga|h_count[2]  ; vga_controller_1080p:vga|h_count[3]  ; pll_inst|altpll_component|auto_generated|pll1|clk[0] ; pll_inst|altpll_component|auto_generated|pll1|clk[0] ; 0.000        ; 0.072      ; 1.141      ;
; 0.898 ; vga_controller_1080p:vga|v_count[9]  ; vga_controller_1080p:vga|v_count[10] ; pll_inst|altpll_component|auto_generated|pll1|clk[0] ; pll_inst|altpll_component|auto_generated|pll1|clk[0] ; 0.000        ; 0.071      ; 1.140      ;
; 0.901 ; vga_controller_1080p:vga|v_count[8]  ; vga_controller_1080p:vga|v_count[9]  ; pll_inst|altpll_component|auto_generated|pll1|clk[0] ; pll_inst|altpll_component|auto_generated|pll1|clk[0] ; 0.000        ; 0.071      ; 1.143      ;
; 0.901 ; vga_controller_1080p:vga|v_count[5]  ; vga_controller_1080p:vga|v_count[6]  ; pll_inst|altpll_component|auto_generated|pll1|clk[0] ; pll_inst|altpll_component|auto_generated|pll1|clk[0] ; 0.000        ; 0.071      ; 1.143      ;
; 0.904 ; vga_controller_1080p:vga|h_count[9]  ; vga_controller_1080p:vga|h_count[10] ; pll_inst|altpll_component|auto_generated|pll1|clk[0] ; pll_inst|altpll_component|auto_generated|pll1|clk[0] ; 0.000        ; 0.072      ; 1.147      ;
; 0.904 ; vga_controller_1080p:vga|h_count[4]  ; vga_controller_1080p:vga|h_count[6]  ; pll_inst|altpll_component|auto_generated|pll1|clk[0] ; pll_inst|altpll_component|auto_generated|pll1|clk[0] ; 0.000        ; 0.072      ; 1.147      ;
; 0.905 ; vga_controller_1080p:vga|h_count[7]  ; vga_controller_1080p:vga|h_count[8]  ; pll_inst|altpll_component|auto_generated|pll1|clk[0] ; pll_inst|altpll_component|auto_generated|pll1|clk[0] ; 0.000        ; 0.072      ; 1.148      ;
; 0.905 ; vga_controller_1080p:vga|v_count[4]  ; vga_controller_1080p:vga|v_count[6]  ; pll_inst|altpll_component|auto_generated|pll1|clk[0] ; pll_inst|altpll_component|auto_generated|pll1|clk[0] ; 0.000        ; 0.071      ; 1.147      ;
; 0.906 ; vga_controller_1080p:vga|v_count[2]  ; vga_controller_1080p:vga|v_count[3]  ; pll_inst|altpll_component|auto_generated|pll1|clk[0] ; pll_inst|altpll_component|auto_generated|pll1|clk[0] ; 0.000        ; 0.071      ; 1.148      ;
; 0.908 ; vga_controller_1080p:vga|h_count[8]  ; vga_controller_1080p:vga|h_count[9]  ; pll_inst|altpll_component|auto_generated|pll1|clk[0] ; pll_inst|altpll_component|auto_generated|pll1|clk[0] ; 0.000        ; 0.072      ; 1.151      ;
; 0.908 ; vga_controller_1080p:vga|h_count[6]  ; vga_controller_1080p:vga|h_count[7]  ; pll_inst|altpll_component|auto_generated|pll1|clk[0] ; pll_inst|altpll_component|auto_generated|pll1|clk[0] ; 0.000        ; 0.072      ; 1.151      ;
; 0.908 ; vga_controller_1080p:vga|h_count[11] ; vga_controller_1080p:vga|x[4]        ; pll_inst|altpll_component|auto_generated|pll1|clk[0] ; pll_inst|altpll_component|auto_generated|pll1|clk[0] ; 0.000        ; 0.072      ; 1.151      ;
; 0.909 ; vga_controller_1080p:vga|h_count[2]  ; vga_controller_1080p:vga|h_count[4]  ; pll_inst|altpll_component|auto_generated|pll1|clk[0] ; pll_inst|altpll_component|auto_generated|pll1|clk[0] ; 0.000        ; 0.072      ; 1.152      ;
; 0.911 ; vga_controller_1080p:vga|h_count[11] ; vga_controller_1080p:vga|x[5]        ; pll_inst|altpll_component|auto_generated|pll1|clk[0] ; pll_inst|altpll_component|auto_generated|pll1|clk[0] ; 0.000        ; 0.072      ; 1.154      ;
; 0.912 ; vga_controller_1080p:vga|v_count[8]  ; vga_controller_1080p:vga|v_count[10] ; pll_inst|altpll_component|auto_generated|pll1|clk[0] ; pll_inst|altpll_component|auto_generated|pll1|clk[0] ; 0.000        ; 0.071      ; 1.154      ;
; 0.917 ; vga_controller_1080p:vga|v_count[2]  ; vga_controller_1080p:vga|v_count[4]  ; pll_inst|altpll_component|auto_generated|pll1|clk[0] ; pll_inst|altpll_component|auto_generated|pll1|clk[0] ; 0.000        ; 0.071      ; 1.159      ;
; 0.919 ; vga_controller_1080p:vga|v_count[7]  ; vga_controller_1080p:vga|y[7]        ; pll_inst|altpll_component|auto_generated|pll1|clk[0] ; pll_inst|altpll_component|auto_generated|pll1|clk[0] ; 0.000        ; 0.074      ; 1.164      ;
; 0.919 ; vga_controller_1080p:vga|h_count[8]  ; vga_controller_1080p:vga|h_count[10] ; pll_inst|altpll_component|auto_generated|pll1|clk[0] ; pll_inst|altpll_component|auto_generated|pll1|clk[0] ; 0.000        ; 0.072      ; 1.162      ;
; 0.919 ; vga_controller_1080p:vga|h_count[6]  ; vga_controller_1080p:vga|h_count[8]  ; pll_inst|altpll_component|auto_generated|pll1|clk[0] ; pll_inst|altpll_component|auto_generated|pll1|clk[0] ; 0.000        ; 0.072      ; 1.162      ;
; 0.921 ; vga_controller_1080p:vga|v_count[10] ; vga_controller_1080p:vga|v_count[11] ; pll_inst|altpll_component|auto_generated|pll1|clk[0] ; pll_inst|altpll_component|auto_generated|pll1|clk[0] ; 0.000        ; 0.071      ; 1.163      ;
; 0.946 ; vga_controller_1080p:vga|h_count[9]  ; vga_controller_1080p:vga|x[2]        ; pll_inst|altpll_component|auto_generated|pll1|clk[0] ; pll_inst|altpll_component|auto_generated|pll1|clk[0] ; 0.000        ; 0.072      ; 1.189      ;
; 0.948 ; vga_controller_1080p:vga|h_count[9]  ; vga_controller_1080p:vga|x[4]        ; pll_inst|altpll_component|auto_generated|pll1|clk[0] ; pll_inst|altpll_component|auto_generated|pll1|clk[0] ; 0.000        ; 0.072      ; 1.191      ;
; 0.950 ; vga_controller_1080p:vga|v_count[10] ; vga_controller_1080p:vga|y[3]        ; pll_inst|altpll_component|auto_generated|pll1|clk[0] ; pll_inst|altpll_component|auto_generated|pll1|clk[0] ; 0.000        ; 0.074      ; 1.195      ;
; 0.952 ; vga_controller_1080p:vga|h_count[9]  ; vga_controller_1080p:vga|x[5]        ; pll_inst|altpll_component|auto_generated|pll1|clk[0] ; pll_inst|altpll_component|auto_generated|pll1|clk[0] ; 0.000        ; 0.072      ; 1.195      ;
; 0.954 ; vga_controller_1080p:vga|v_count[10] ; vga_controller_1080p:vga|y[4]        ; pll_inst|altpll_component|auto_generated|pll1|clk[0] ; pll_inst|altpll_component|auto_generated|pll1|clk[0] ; 0.000        ; 0.074      ; 1.199      ;
; 0.954 ; vga_controller_1080p:vga|v_count[10] ; vga_controller_1080p:vga|y[2]        ; pll_inst|altpll_component|auto_generated|pll1|clk[0] ; pll_inst|altpll_component|auto_generated|pll1|clk[0] ; 0.000        ; 0.074      ; 1.199      ;
; 0.955 ; vga_controller_1080p:vga|h_count[9]  ; vga_controller_1080p:vga|x[3]        ; pll_inst|altpll_component|auto_generated|pll1|clk[0] ; pll_inst|altpll_component|auto_generated|pll1|clk[0] ; 0.000        ; 0.072      ; 1.198      ;
; 0.955 ; vga_controller_1080p:vga|v_count[10] ; vga_controller_1080p:vga|y[8]        ; pll_inst|altpll_component|auto_generated|pll1|clk[0] ; pll_inst|altpll_component|auto_generated|pll1|clk[0] ; 0.000        ; 0.074      ; 1.200      ;
; 0.957 ; vga_controller_1080p:vga|v_count[10] ; vga_controller_1080p:vga|y[5]        ; pll_inst|altpll_component|auto_generated|pll1|clk[0] ; pll_inst|altpll_component|auto_generated|pll1|clk[0] ; 0.000        ; 0.074      ; 1.202      ;
; 0.957 ; vga_controller_1080p:vga|v_count[10] ; vga_controller_1080p:vga|y[6]        ; pll_inst|altpll_component|auto_generated|pll1|clk[0] ; pll_inst|altpll_component|auto_generated|pll1|clk[0] ; 0.000        ; 0.074      ; 1.202      ;
; 0.973 ; vga_controller_1080p:vga|h_count[1]  ; vga_controller_1080p:vga|h_count[3]  ; pll_inst|altpll_component|auto_generated|pll1|clk[0] ; pll_inst|altpll_component|auto_generated|pll1|clk[0] ; 0.000        ; 0.072      ; 1.216      ;
; 0.974 ; vga_controller_1080p:vga|v_count[1]  ; vga_controller_1080p:vga|v_count[3]  ; pll_inst|altpll_component|auto_generated|pll1|clk[0] ; pll_inst|altpll_component|auto_generated|pll1|clk[0] ; 0.000        ; 0.071      ; 1.216      ;
; 0.984 ; vga_controller_1080p:vga|h_count[1]  ; vga_controller_1080p:vga|h_count[4]  ; pll_inst|altpll_component|auto_generated|pll1|clk[0] ; pll_inst|altpll_component|auto_generated|pll1|clk[0] ; 0.000        ; 0.072      ; 1.227      ;
; 0.985 ; vga_controller_1080p:vga|v_count[3]  ; vga_controller_1080p:vga|v_count[5]  ; pll_inst|altpll_component|auto_generated|pll1|clk[0] ; pll_inst|altpll_component|auto_generated|pll1|clk[0] ; 0.000        ; 0.071      ; 1.227      ;
; 0.985 ; vga_controller_1080p:vga|h_count[5]  ; vga_controller_1080p:vga|h_count[7]  ; pll_inst|altpll_component|auto_generated|pll1|clk[0] ; pll_inst|altpll_component|auto_generated|pll1|clk[0] ; 0.000        ; 0.072      ; 1.228      ;
; 0.985 ; vga_controller_1080p:vga|v_count[1]  ; vga_controller_1080p:vga|v_count[4]  ; pll_inst|altpll_component|auto_generated|pll1|clk[0] ; pll_inst|altpll_component|auto_generated|pll1|clk[0] ; 0.000        ; 0.071      ; 1.227      ;
; 0.987 ; vga_controller_1080p:vga|h_count[0]  ; vga_controller_1080p:vga|h_count[3]  ; pll_inst|altpll_component|auto_generated|pll1|clk[0] ; pll_inst|altpll_component|auto_generated|pll1|clk[0] ; 0.000        ; 0.072      ; 1.230      ;
; 0.988 ; vga_controller_1080p:vga|v_count[0]  ; vga_controller_1080p:vga|v_count[3]  ; pll_inst|altpll_component|auto_generated|pll1|clk[0] ; pll_inst|altpll_component|auto_generated|pll1|clk[0] ; 0.000        ; 0.071      ; 1.230      ;
; 0.991 ; vga_controller_1080p:vga|h_count[3]  ; vga_controller_1080p:vga|h_count[5]  ; pll_inst|altpll_component|auto_generated|pll1|clk[0] ; pll_inst|altpll_component|auto_generated|pll1|clk[0] ; 0.000        ; 0.072      ; 1.234      ;
; 0.996 ; vga_controller_1080p:vga|v_count[3]  ; vga_controller_1080p:vga|v_count[6]  ; pll_inst|altpll_component|auto_generated|pll1|clk[0] ; pll_inst|altpll_component|auto_generated|pll1|clk[0] ; 0.000        ; 0.071      ; 1.238      ;
; 0.996 ; vga_controller_1080p:vga|h_count[5]  ; vga_controller_1080p:vga|h_count[8]  ; pll_inst|altpll_component|auto_generated|pll1|clk[0] ; pll_inst|altpll_component|auto_generated|pll1|clk[0] ; 0.000        ; 0.072      ; 1.239      ;
; 0.997 ; vga_controller_1080p:vga|v_count[7]  ; vga_controller_1080p:vga|v_count[9]  ; pll_inst|altpll_component|auto_generated|pll1|clk[0] ; pll_inst|altpll_component|auto_generated|pll1|clk[0] ; 0.000        ; 0.071      ; 1.239      ;
; 0.997 ; vga_controller_1080p:vga|v_count[9]  ; vga_controller_1080p:vga|v_count[11] ; pll_inst|altpll_component|auto_generated|pll1|clk[0] ; pll_inst|altpll_component|auto_generated|pll1|clk[0] ; 0.000        ; 0.071      ; 1.239      ;
; 0.998 ; vga_controller_1080p:vga|h_count[0]  ; vga_controller_1080p:vga|h_count[4]  ; pll_inst|altpll_component|auto_generated|pll1|clk[0] ; pll_inst|altpll_component|auto_generated|pll1|clk[0] ; 0.000        ; 0.072      ; 1.241      ;
; 0.999 ; vga_controller_1080p:vga|v_count[0]  ; vga_controller_1080p:vga|v_count[4]  ; pll_inst|altpll_component|auto_generated|pll1|clk[0] ; pll_inst|altpll_component|auto_generated|pll1|clk[0] ; 0.000        ; 0.071      ; 1.241      ;
; 1.000 ; vga_controller_1080p:vga|v_count[5]  ; vga_controller_1080p:vga|v_count[7]  ; pll_inst|altpll_component|auto_generated|pll1|clk[0] ; pll_inst|altpll_component|auto_generated|pll1|clk[0] ; 0.000        ; 0.071      ; 1.242      ;
; 1.002 ; vga_controller_1080p:vga|h_count[3]  ; vga_controller_1080p:vga|h_count[6]  ; pll_inst|altpll_component|auto_generated|pll1|clk[0] ; pll_inst|altpll_component|auto_generated|pll1|clk[0] ; 0.000        ; 0.072      ; 1.245      ;
; 1.003 ; vga_controller_1080p:vga|h_count[9]  ; vga_controller_1080p:vga|h_count[11] ; pll_inst|altpll_component|auto_generated|pll1|clk[0] ; pll_inst|altpll_component|auto_generated|pll1|clk[0] ; 0.000        ; 0.072      ; 1.246      ;
; 1.003 ; vga_controller_1080p:vga|h_count[4]  ; vga_controller_1080p:vga|h_count[7]  ; pll_inst|altpll_component|auto_generated|pll1|clk[0] ; pll_inst|altpll_component|auto_generated|pll1|clk[0] ; 0.000        ; 0.072      ; 1.246      ;
+-------+--------------------------------------+--------------------------------------+------------------------------------------------------+------------------------------------------------------+--------------+------------+------------+


----------------------------------------------
; Slow 1200mV 0C Model Metastability Summary ;
----------------------------------------------
No synchronizer chains to report.


+------------------------------------------------------------------------------+
; Fast 1200mV 0C Model Setup Summary                                           ;
+------------------------------------------------------+-------+---------------+
; Clock                                                ; Slack ; End Point TNS ;
+------------------------------------------------------+-------+---------------+
; pll_inst|altpll_component|auto_generated|pll1|clk[0] ; 3.188 ; 0.000         ;
+------------------------------------------------------+-------+---------------+


+------------------------------------------------------------------------------+
; Fast 1200mV 0C Model Hold Summary                                            ;
+------------------------------------------------------+-------+---------------+
; Clock                                                ; Slack ; End Point TNS ;
+------------------------------------------------------+-------+---------------+
; pll_inst|altpll_component|auto_generated|pll1|clk[0] ; 0.292 ; 0.000         ;
+------------------------------------------------------+-------+---------------+


-----------------------------------------
; Fast 1200mV 0C Model Recovery Summary ;
-----------------------------------------
No paths to report.


----------------------------------------
; Fast 1200mV 0C Model Removal Summary ;
----------------------------------------
No paths to report.


+------------------------------------------------------------------------------+
; Fast 1200mV 0C Model Minimum Pulse Width Summary                             ;
+------------------------------------------------------+-------+---------------+
; Clock                                                ; Slack ; End Point TNS ;
+------------------------------------------------------+-------+---------------+
; pll_inst|altpll_component|auto_generated|pll1|clk[0] ; 3.119 ; 0.000         ;
; CLOCK_50                                             ; 9.574 ; 0.000         ;
+------------------------------------------------------+-------+---------------+


+-------------------------------------------------------------------------------------------------------------------------------------------------------------------------------------------------------------------------------------------------------------------------------------------------------------------+
; Fast 1200mV 0C Model Setup: 'pll_inst|altpll_component|auto_generated|pll1|clk[0]'                                                                                                                                                                                                                                ;
+-------+--------------------------------+-------------------------------------------------------------------------------------------------------------------+------------------------------------------------------+------------------------------------------------------+--------------+------------+------------+
; Slack ; From Node                      ; To Node                                                                                                           ; Launch Clock                                         ; Latch Clock                                          ; Relationship ; Clock Skew ; Data Delay ;
+-------+--------------------------------+-------------------------------------------------------------------------------------------------------------------+------------------------------------------------------+------------------------------------------------------+--------------+------------+------------+
; 3.188 ; vga_controller_1080p:vga|x[7]  ; image_rom:img_rom|altsyncram:altsyncram_component|altsyncram_cec1:auto_generated|ram_block1a2~porta_address_reg0  ; pll_inst|altpll_component|auto_generated|pll1|clk[0] ; pll_inst|altpll_component|auto_generated|pll1|clk[0] ; 6.736        ; 0.091      ; 3.648      ;
; 3.227 ; vga_controller_1080p:vga|x[7]  ; image_rom:img_rom|altsyncram:altsyncram_component|altsyncram_cec1:auto_generated|ram_block1a29~porta_address_reg0 ; pll_inst|altpll_component|auto_generated|pll1|clk[0] ; pll_inst|altpll_component|auto_generated|pll1|clk[0] ; 6.736        ; 0.079      ; 3.597      ;
; 3.230 ; vga_controller_1080p:vga|x[9]  ; image_rom:img_rom|altsyncram:altsyncram_component|altsyncram_cec1:auto_generated|ram_block1a2~porta_address_reg0  ; pll_inst|altpll_component|auto_generated|pll1|clk[0] ; pll_inst|altpll_component|auto_generated|pll1|clk[0] ; 6.736        ; 0.091      ; 3.606      ;
; 3.233 ; vga_controller_1080p:vga|x[7]  ; image_rom:img_rom|altsyncram:altsyncram_component|altsyncram_cec1:auto_generated|ram_block1a7~porta_address_reg0  ; pll_inst|altpll_component|auto_generated|pll1|clk[0] ; pll_inst|altpll_component|auto_generated|pll1|clk[0] ; 6.736        ; 0.108      ; 3.620      ;
; 3.235 ; vga_controller_1080p:vga|x[6]  ; image_rom:img_rom|altsyncram:altsyncram_component|altsyncram_cec1:auto_generated|ram_block1a2~porta_address_reg0  ; pll_inst|altpll_component|auto_generated|pll1|clk[0] ; pll_inst|altpll_component|auto_generated|pll1|clk[0] ; 6.736        ; 0.091      ; 3.601      ;
; 3.239 ; vga_controller_1080p:vga|x[7]  ; image_rom:img_rom|altsyncram:altsyncram_component|altsyncram_cec1:auto_generated|ram_block1a6~porta_address_reg0  ; pll_inst|altpll_component|auto_generated|pll1|clk[0] ; pll_inst|altpll_component|auto_generated|pll1|clk[0] ; 6.736        ; 0.113      ; 3.619      ;
; 3.241 ; vga_controller_1080p:vga|x[7]  ; image_rom:img_rom|altsyncram:altsyncram_component|altsyncram_cec1:auto_generated|ram_block1a34~porta_address_reg0 ; pll_inst|altpll_component|auto_generated|pll1|clk[0] ; pll_inst|altpll_component|auto_generated|pll1|clk[0] ; 6.736        ; 0.116      ; 3.620      ;
; 3.244 ; vga_controller_1080p:vga|y[4]  ; image_rom:img_rom|altsyncram:altsyncram_component|altsyncram_cec1:auto_generated|ram_block1a2~porta_address_reg0  ; pll_inst|altpll_component|auto_generated|pll1|clk[0] ; pll_inst|altpll_component|auto_generated|pll1|clk[0] ; 6.736        ; 0.093      ; 3.594      ;
; 3.248 ; vga_controller_1080p:vga|x[7]  ; image_rom:img_rom|altsyncram:altsyncram_component|altsyncram_cec1:auto_generated|ram_block1a11~porta_address_reg0 ; pll_inst|altpll_component|auto_generated|pll1|clk[0] ; pll_inst|altpll_component|auto_generated|pll1|clk[0] ; 6.736        ; 0.116      ; 3.613      ;
; 3.251 ; vga_controller_1080p:vga|y[3]  ; image_rom:img_rom|altsyncram:altsyncram_component|altsyncram_cec1:auto_generated|ram_block1a2~porta_address_reg0  ; pll_inst|altpll_component|auto_generated|pll1|clk[0] ; pll_inst|altpll_component|auto_generated|pll1|clk[0] ; 6.736        ; 0.093      ; 3.587      ;
; 3.260 ; vga_controller_1080p:vga|x[7]  ; image_rom:img_rom|altsyncram:altsyncram_component|altsyncram_cec1:auto_generated|ram_block1a35~porta_address_reg0 ; pll_inst|altpll_component|auto_generated|pll1|clk[0] ; pll_inst|altpll_component|auto_generated|pll1|clk[0] ; 6.736        ; 0.104      ; 3.589      ;
; 3.263 ; vga_controller_1080p:vga|x[7]  ; image_rom:img_rom|altsyncram:altsyncram_component|altsyncram_cec1:auto_generated|ram_block1a47~porta_address_reg0 ; pll_inst|altpll_component|auto_generated|pll1|clk[0] ; pll_inst|altpll_component|auto_generated|pll1|clk[0] ; 6.736        ; 0.095      ; 3.577      ;
; 3.269 ; vga_controller_1080p:vga|x[9]  ; image_rom:img_rom|altsyncram:altsyncram_component|altsyncram_cec1:auto_generated|ram_block1a29~porta_address_reg0 ; pll_inst|altpll_component|auto_generated|pll1|clk[0] ; pll_inst|altpll_component|auto_generated|pll1|clk[0] ; 6.736        ; 0.079      ; 3.555      ;
; 3.274 ; vga_controller_1080p:vga|x[6]  ; image_rom:img_rom|altsyncram:altsyncram_component|altsyncram_cec1:auto_generated|ram_block1a29~porta_address_reg0 ; pll_inst|altpll_component|auto_generated|pll1|clk[0] ; pll_inst|altpll_component|auto_generated|pll1|clk[0] ; 6.736        ; 0.079      ; 3.550      ;
; 3.275 ; vga_controller_1080p:vga|x[9]  ; image_rom:img_rom|altsyncram:altsyncram_component|altsyncram_cec1:auto_generated|ram_block1a7~porta_address_reg0  ; pll_inst|altpll_component|auto_generated|pll1|clk[0] ; pll_inst|altpll_component|auto_generated|pll1|clk[0] ; 6.736        ; 0.108      ; 3.578      ;
; 3.280 ; vga_controller_1080p:vga|x[6]  ; image_rom:img_rom|altsyncram:altsyncram_component|altsyncram_cec1:auto_generated|ram_block1a7~porta_address_reg0  ; pll_inst|altpll_component|auto_generated|pll1|clk[0] ; pll_inst|altpll_component|auto_generated|pll1|clk[0] ; 6.736        ; 0.108      ; 3.573      ;
; 3.281 ; vga_controller_1080p:vga|x[9]  ; image_rom:img_rom|altsyncram:altsyncram_component|altsyncram_cec1:auto_generated|ram_block1a6~porta_address_reg0  ; pll_inst|altpll_component|auto_generated|pll1|clk[0] ; pll_inst|altpll_component|auto_generated|pll1|clk[0] ; 6.736        ; 0.113      ; 3.577      ;
; 3.283 ; vga_controller_1080p:vga|y[4]  ; image_rom:img_rom|altsyncram:altsyncram_component|altsyncram_cec1:auto_generated|ram_block1a29~porta_address_reg0 ; pll_inst|altpll_component|auto_generated|pll1|clk[0] ; pll_inst|altpll_component|auto_generated|pll1|clk[0] ; 6.736        ; 0.081      ; 3.543      ;
; 3.283 ; vga_controller_1080p:vga|x[9]  ; image_rom:img_rom|altsyncram:altsyncram_component|altsyncram_cec1:auto_generated|ram_block1a34~porta_address_reg0 ; pll_inst|altpll_component|auto_generated|pll1|clk[0] ; pll_inst|altpll_component|auto_generated|pll1|clk[0] ; 6.736        ; 0.116      ; 3.578      ;
; 3.283 ; vga_controller_1080p:vga|y[2]  ; image_rom:img_rom|altsyncram:altsyncram_component|altsyncram_cec1:auto_generated|ram_block1a2~porta_address_reg0  ; pll_inst|altpll_component|auto_generated|pll1|clk[0] ; pll_inst|altpll_component|auto_generated|pll1|clk[0] ; 6.736        ; 0.093      ; 3.555      ;
; 3.284 ; vga_controller_1080p:vga|x[7]  ; image_rom:img_rom|altsyncram:altsyncram_component|altsyncram_cec1:auto_generated|ram_block1a45~porta_address_reg0 ; pll_inst|altpll_component|auto_generated|pll1|clk[0] ; pll_inst|altpll_component|auto_generated|pll1|clk[0] ; 6.736        ; 0.099      ; 3.560      ;
; 3.286 ; vga_controller_1080p:vga|x[6]  ; image_rom:img_rom|altsyncram:altsyncram_component|altsyncram_cec1:auto_generated|ram_block1a6~porta_address_reg0  ; pll_inst|altpll_component|auto_generated|pll1|clk[0] ; pll_inst|altpll_component|auto_generated|pll1|clk[0] ; 6.736        ; 0.113      ; 3.572      ;
; 3.288 ; vga_controller_1080p:vga|x[6]  ; image_rom:img_rom|altsyncram:altsyncram_component|altsyncram_cec1:auto_generated|ram_block1a34~porta_address_reg0 ; pll_inst|altpll_component|auto_generated|pll1|clk[0] ; pll_inst|altpll_component|auto_generated|pll1|clk[0] ; 6.736        ; 0.116      ; 3.573      ;
; 3.289 ; vga_controller_1080p:vga|x[7]  ; image_rom:img_rom|altsyncram:altsyncram_component|altsyncram_cec1:auto_generated|ram_block1a5~porta_address_reg0  ; pll_inst|altpll_component|auto_generated|pll1|clk[0] ; pll_inst|altpll_component|auto_generated|pll1|clk[0] ; 6.736        ; 0.104      ; 3.560      ;
; 3.289 ; vga_controller_1080p:vga|y[4]  ; image_rom:img_rom|altsyncram:altsyncram_component|altsyncram_cec1:auto_generated|ram_block1a7~porta_address_reg0  ; pll_inst|altpll_component|auto_generated|pll1|clk[0] ; pll_inst|altpll_component|auto_generated|pll1|clk[0] ; 6.736        ; 0.110      ; 3.566      ;
; 3.290 ; vga_controller_1080p:vga|x[9]  ; image_rom:img_rom|altsyncram:altsyncram_component|altsyncram_cec1:auto_generated|ram_block1a11~porta_address_reg0 ; pll_inst|altpll_component|auto_generated|pll1|clk[0] ; pll_inst|altpll_component|auto_generated|pll1|clk[0] ; 6.736        ; 0.116      ; 3.571      ;
; 3.290 ; vga_controller_1080p:vga|y[3]  ; image_rom:img_rom|altsyncram:altsyncram_component|altsyncram_cec1:auto_generated|ram_block1a29~porta_address_reg0 ; pll_inst|altpll_component|auto_generated|pll1|clk[0] ; pll_inst|altpll_component|auto_generated|pll1|clk[0] ; 6.736        ; 0.081      ; 3.536      ;
; 3.293 ; vga_controller_1080p:vga|x[7]  ; image_rom:img_rom|altsyncram:altsyncram_component|altsyncram_cec1:auto_generated|ram_block1a4~porta_address_reg0  ; pll_inst|altpll_component|auto_generated|pll1|clk[0] ; pll_inst|altpll_component|auto_generated|pll1|clk[0] ; 6.736        ; 0.108      ; 3.560      ;
; 3.295 ; vga_controller_1080p:vga|y[4]  ; image_rom:img_rom|altsyncram:altsyncram_component|altsyncram_cec1:auto_generated|ram_block1a6~porta_address_reg0  ; pll_inst|altpll_component|auto_generated|pll1|clk[0] ; pll_inst|altpll_component|auto_generated|pll1|clk[0] ; 6.736        ; 0.115      ; 3.565      ;
; 3.295 ; vga_controller_1080p:vga|x[6]  ; image_rom:img_rom|altsyncram:altsyncram_component|altsyncram_cec1:auto_generated|ram_block1a11~porta_address_reg0 ; pll_inst|altpll_component|auto_generated|pll1|clk[0] ; pll_inst|altpll_component|auto_generated|pll1|clk[0] ; 6.736        ; 0.116      ; 3.566      ;
; 3.296 ; vga_controller_1080p:vga|y[3]  ; image_rom:img_rom|altsyncram:altsyncram_component|altsyncram_cec1:auto_generated|ram_block1a7~porta_address_reg0  ; pll_inst|altpll_component|auto_generated|pll1|clk[0] ; pll_inst|altpll_component|auto_generated|pll1|clk[0] ; 6.736        ; 0.110      ; 3.559      ;
; 3.297 ; vga_controller_1080p:vga|y[4]  ; image_rom:img_rom|altsyncram:altsyncram_component|altsyncram_cec1:auto_generated|ram_block1a34~porta_address_reg0 ; pll_inst|altpll_component|auto_generated|pll1|clk[0] ; pll_inst|altpll_component|auto_generated|pll1|clk[0] ; 6.736        ; 0.118      ; 3.566      ;
; 3.302 ; vga_controller_1080p:vga|x[8]  ; image_rom:img_rom|altsyncram:altsyncram_component|altsyncram_cec1:auto_generated|ram_block1a2~porta_address_reg0  ; pll_inst|altpll_component|auto_generated|pll1|clk[0] ; pll_inst|altpll_component|auto_generated|pll1|clk[0] ; 6.736        ; 0.091      ; 3.534      ;
; 3.302 ; vga_controller_1080p:vga|x[9]  ; image_rom:img_rom|altsyncram:altsyncram_component|altsyncram_cec1:auto_generated|ram_block1a35~porta_address_reg0 ; pll_inst|altpll_component|auto_generated|pll1|clk[0] ; pll_inst|altpll_component|auto_generated|pll1|clk[0] ; 6.736        ; 0.104      ; 3.547      ;
; 3.302 ; vga_controller_1080p:vga|y[3]  ; image_rom:img_rom|altsyncram:altsyncram_component|altsyncram_cec1:auto_generated|ram_block1a6~porta_address_reg0  ; pll_inst|altpll_component|auto_generated|pll1|clk[0] ; pll_inst|altpll_component|auto_generated|pll1|clk[0] ; 6.736        ; 0.115      ; 3.558      ;
; 3.304 ; vga_controller_1080p:vga|y[4]  ; image_rom:img_rom|altsyncram:altsyncram_component|altsyncram_cec1:auto_generated|ram_block1a11~porta_address_reg0 ; pll_inst|altpll_component|auto_generated|pll1|clk[0] ; pll_inst|altpll_component|auto_generated|pll1|clk[0] ; 6.736        ; 0.118      ; 3.559      ;
; 3.304 ; vga_controller_1080p:vga|y[3]  ; image_rom:img_rom|altsyncram:altsyncram_component|altsyncram_cec1:auto_generated|ram_block1a34~porta_address_reg0 ; pll_inst|altpll_component|auto_generated|pll1|clk[0] ; pll_inst|altpll_component|auto_generated|pll1|clk[0] ; 6.736        ; 0.118      ; 3.559      ;
; 3.305 ; vga_controller_1080p:vga|x[9]  ; image_rom:img_rom|altsyncram:altsyncram_component|altsyncram_cec1:auto_generated|ram_block1a47~porta_address_reg0 ; pll_inst|altpll_component|auto_generated|pll1|clk[0] ; pll_inst|altpll_component|auto_generated|pll1|clk[0] ; 6.736        ; 0.095      ; 3.535      ;
; 3.307 ; vga_controller_1080p:vga|x[6]  ; image_rom:img_rom|altsyncram:altsyncram_component|altsyncram_cec1:auto_generated|ram_block1a35~porta_address_reg0 ; pll_inst|altpll_component|auto_generated|pll1|clk[0] ; pll_inst|altpll_component|auto_generated|pll1|clk[0] ; 6.736        ; 0.104      ; 3.542      ;
; 3.310 ; vga_controller_1080p:vga|x[6]  ; image_rom:img_rom|altsyncram:altsyncram_component|altsyncram_cec1:auto_generated|ram_block1a47~porta_address_reg0 ; pll_inst|altpll_component|auto_generated|pll1|clk[0] ; pll_inst|altpll_component|auto_generated|pll1|clk[0] ; 6.736        ; 0.095      ; 3.530      ;
; 3.311 ; vga_controller_1080p:vga|y[3]  ; image_rom:img_rom|altsyncram:altsyncram_component|altsyncram_cec1:auto_generated|ram_block1a11~porta_address_reg0 ; pll_inst|altpll_component|auto_generated|pll1|clk[0] ; pll_inst|altpll_component|auto_generated|pll1|clk[0] ; 6.736        ; 0.118      ; 3.552      ;
; 3.316 ; vga_controller_1080p:vga|x[7]  ; image_rom:img_rom|altsyncram:altsyncram_component|altsyncram_cec1:auto_generated|ram_block1a22~porta_address_reg0 ; pll_inst|altpll_component|auto_generated|pll1|clk[0] ; pll_inst|altpll_component|auto_generated|pll1|clk[0] ; 6.736        ; 0.090      ; 3.519      ;
; 3.316 ; vga_controller_1080p:vga|y[4]  ; image_rom:img_rom|altsyncram:altsyncram_component|altsyncram_cec1:auto_generated|ram_block1a35~porta_address_reg0 ; pll_inst|altpll_component|auto_generated|pll1|clk[0] ; pll_inst|altpll_component|auto_generated|pll1|clk[0] ; 6.736        ; 0.106      ; 3.535      ;
; 3.319 ; vga_controller_1080p:vga|y[4]  ; image_rom:img_rom|altsyncram:altsyncram_component|altsyncram_cec1:auto_generated|ram_block1a47~porta_address_reg0 ; pll_inst|altpll_component|auto_generated|pll1|clk[0] ; pll_inst|altpll_component|auto_generated|pll1|clk[0] ; 6.736        ; 0.097      ; 3.523      ;
; 3.322 ; vga_controller_1080p:vga|y[2]  ; image_rom:img_rom|altsyncram:altsyncram_component|altsyncram_cec1:auto_generated|ram_block1a29~porta_address_reg0 ; pll_inst|altpll_component|auto_generated|pll1|clk[0] ; pll_inst|altpll_component|auto_generated|pll1|clk[0] ; 6.736        ; 0.081      ; 3.504      ;
; 3.323 ; vga_controller_1080p:vga|y[3]  ; image_rom:img_rom|altsyncram:altsyncram_component|altsyncram_cec1:auto_generated|ram_block1a35~porta_address_reg0 ; pll_inst|altpll_component|auto_generated|pll1|clk[0] ; pll_inst|altpll_component|auto_generated|pll1|clk[0] ; 6.736        ; 0.106      ; 3.528      ;
; 3.326 ; vga_controller_1080p:vga|x[9]  ; image_rom:img_rom|altsyncram:altsyncram_component|altsyncram_cec1:auto_generated|ram_block1a45~porta_address_reg0 ; pll_inst|altpll_component|auto_generated|pll1|clk[0] ; pll_inst|altpll_component|auto_generated|pll1|clk[0] ; 6.736        ; 0.099      ; 3.518      ;
; 3.326 ; vga_controller_1080p:vga|y[3]  ; image_rom:img_rom|altsyncram:altsyncram_component|altsyncram_cec1:auto_generated|ram_block1a47~porta_address_reg0 ; pll_inst|altpll_component|auto_generated|pll1|clk[0] ; pll_inst|altpll_component|auto_generated|pll1|clk[0] ; 6.736        ; 0.097      ; 3.516      ;
; 3.328 ; vga_controller_1080p:vga|y[2]  ; image_rom:img_rom|altsyncram:altsyncram_component|altsyncram_cec1:auto_generated|ram_block1a7~porta_address_reg0  ; pll_inst|altpll_component|auto_generated|pll1|clk[0] ; pll_inst|altpll_component|auto_generated|pll1|clk[0] ; 6.736        ; 0.110      ; 3.527      ;
; 3.331 ; vga_controller_1080p:vga|x[6]  ; image_rom:img_rom|altsyncram:altsyncram_component|altsyncram_cec1:auto_generated|ram_block1a45~porta_address_reg0 ; pll_inst|altpll_component|auto_generated|pll1|clk[0] ; pll_inst|altpll_component|auto_generated|pll1|clk[0] ; 6.736        ; 0.099      ; 3.513      ;
; 3.331 ; vga_controller_1080p:vga|x[9]  ; image_rom:img_rom|altsyncram:altsyncram_component|altsyncram_cec1:auto_generated|ram_block1a5~porta_address_reg0  ; pll_inst|altpll_component|auto_generated|pll1|clk[0] ; pll_inst|altpll_component|auto_generated|pll1|clk[0] ; 6.736        ; 0.104      ; 3.518      ;
; 3.334 ; vga_controller_1080p:vga|y[2]  ; image_rom:img_rom|altsyncram:altsyncram_component|altsyncram_cec1:auto_generated|ram_block1a6~porta_address_reg0  ; pll_inst|altpll_component|auto_generated|pll1|clk[0] ; pll_inst|altpll_component|auto_generated|pll1|clk[0] ; 6.736        ; 0.115      ; 3.526      ;
; 3.335 ; vga_controller_1080p:vga|x[9]  ; image_rom:img_rom|altsyncram:altsyncram_component|altsyncram_cec1:auto_generated|ram_block1a4~porta_address_reg0  ; pll_inst|altpll_component|auto_generated|pll1|clk[0] ; pll_inst|altpll_component|auto_generated|pll1|clk[0] ; 6.736        ; 0.108      ; 3.518      ;
; 3.336 ; vga_controller_1080p:vga|x[6]  ; image_rom:img_rom|altsyncram:altsyncram_component|altsyncram_cec1:auto_generated|ram_block1a5~porta_address_reg0  ; pll_inst|altpll_component|auto_generated|pll1|clk[0] ; pll_inst|altpll_component|auto_generated|pll1|clk[0] ; 6.736        ; 0.104      ; 3.513      ;
; 3.336 ; vga_controller_1080p:vga|y[2]  ; image_rom:img_rom|altsyncram:altsyncram_component|altsyncram_cec1:auto_generated|ram_block1a34~porta_address_reg0 ; pll_inst|altpll_component|auto_generated|pll1|clk[0] ; pll_inst|altpll_component|auto_generated|pll1|clk[0] ; 6.736        ; 0.118      ; 3.527      ;
; 3.340 ; vga_controller_1080p:vga|y[4]  ; image_rom:img_rom|altsyncram:altsyncram_component|altsyncram_cec1:auto_generated|ram_block1a45~porta_address_reg0 ; pll_inst|altpll_component|auto_generated|pll1|clk[0] ; pll_inst|altpll_component|auto_generated|pll1|clk[0] ; 6.736        ; 0.101      ; 3.506      ;
; 3.340 ; vga_controller_1080p:vga|x[6]  ; image_rom:img_rom|altsyncram:altsyncram_component|altsyncram_cec1:auto_generated|ram_block1a4~porta_address_reg0  ; pll_inst|altpll_component|auto_generated|pll1|clk[0] ; pll_inst|altpll_component|auto_generated|pll1|clk[0] ; 6.736        ; 0.108      ; 3.513      ;
; 3.341 ; vga_controller_1080p:vga|x[8]  ; image_rom:img_rom|altsyncram:altsyncram_component|altsyncram_cec1:auto_generated|ram_block1a29~porta_address_reg0 ; pll_inst|altpll_component|auto_generated|pll1|clk[0] ; pll_inst|altpll_component|auto_generated|pll1|clk[0] ; 6.736        ; 0.079      ; 3.483      ;
; 3.343 ; vga_controller_1080p:vga|y[2]  ; image_rom:img_rom|altsyncram:altsyncram_component|altsyncram_cec1:auto_generated|ram_block1a11~porta_address_reg0 ; pll_inst|altpll_component|auto_generated|pll1|clk[0] ; pll_inst|altpll_component|auto_generated|pll1|clk[0] ; 6.736        ; 0.118      ; 3.520      ;
; 3.345 ; vga_controller_1080p:vga|y[4]  ; image_rom:img_rom|altsyncram:altsyncram_component|altsyncram_cec1:auto_generated|ram_block1a5~porta_address_reg0  ; pll_inst|altpll_component|auto_generated|pll1|clk[0] ; pll_inst|altpll_component|auto_generated|pll1|clk[0] ; 6.736        ; 0.106      ; 3.506      ;
; 3.347 ; vga_controller_1080p:vga|x[8]  ; image_rom:img_rom|altsyncram:altsyncram_component|altsyncram_cec1:auto_generated|ram_block1a7~porta_address_reg0  ; pll_inst|altpll_component|auto_generated|pll1|clk[0] ; pll_inst|altpll_component|auto_generated|pll1|clk[0] ; 6.736        ; 0.108      ; 3.506      ;
; 3.347 ; vga_controller_1080p:vga|y[3]  ; image_rom:img_rom|altsyncram:altsyncram_component|altsyncram_cec1:auto_generated|ram_block1a45~porta_address_reg0 ; pll_inst|altpll_component|auto_generated|pll1|clk[0] ; pll_inst|altpll_component|auto_generated|pll1|clk[0] ; 6.736        ; 0.101      ; 3.499      ;
; 3.349 ; vga_controller_1080p:vga|x[7]  ; image_rom:img_rom|altsyncram:altsyncram_component|altsyncram_cec1:auto_generated|ram_block1a20~porta_address_reg0 ; pll_inst|altpll_component|auto_generated|pll1|clk[0] ; pll_inst|altpll_component|auto_generated|pll1|clk[0] ; 6.736        ; 0.103      ; 3.499      ;
; 3.349 ; vga_controller_1080p:vga|y[4]  ; image_rom:img_rom|altsyncram:altsyncram_component|altsyncram_cec1:auto_generated|ram_block1a4~porta_address_reg0  ; pll_inst|altpll_component|auto_generated|pll1|clk[0] ; pll_inst|altpll_component|auto_generated|pll1|clk[0] ; 6.736        ; 0.110      ; 3.506      ;
; 3.352 ; vga_controller_1080p:vga|y[3]  ; image_rom:img_rom|altsyncram:altsyncram_component|altsyncram_cec1:auto_generated|ram_block1a5~porta_address_reg0  ; pll_inst|altpll_component|auto_generated|pll1|clk[0] ; pll_inst|altpll_component|auto_generated|pll1|clk[0] ; 6.736        ; 0.106      ; 3.499      ;
; 3.353 ; vga_controller_1080p:vga|x[8]  ; image_rom:img_rom|altsyncram:altsyncram_component|altsyncram_cec1:auto_generated|ram_block1a6~porta_address_reg0  ; pll_inst|altpll_component|auto_generated|pll1|clk[0] ; pll_inst|altpll_component|auto_generated|pll1|clk[0] ; 6.736        ; 0.113      ; 3.505      ;
; 3.355 ; vga_controller_1080p:vga|x[8]  ; image_rom:img_rom|altsyncram:altsyncram_component|altsyncram_cec1:auto_generated|ram_block1a34~porta_address_reg0 ; pll_inst|altpll_component|auto_generated|pll1|clk[0] ; pll_inst|altpll_component|auto_generated|pll1|clk[0] ; 6.736        ; 0.116      ; 3.506      ;
; 3.355 ; vga_controller_1080p:vga|y[2]  ; image_rom:img_rom|altsyncram:altsyncram_component|altsyncram_cec1:auto_generated|ram_block1a35~porta_address_reg0 ; pll_inst|altpll_component|auto_generated|pll1|clk[0] ; pll_inst|altpll_component|auto_generated|pll1|clk[0] ; 6.736        ; 0.106      ; 3.496      ;
; 3.356 ; vga_controller_1080p:vga|y[3]  ; image_rom:img_rom|altsyncram:altsyncram_component|altsyncram_cec1:auto_generated|ram_block1a4~porta_address_reg0  ; pll_inst|altpll_component|auto_generated|pll1|clk[0] ; pll_inst|altpll_component|auto_generated|pll1|clk[0] ; 6.736        ; 0.110      ; 3.499      ;
; 3.358 ; vga_controller_1080p:vga|x[9]  ; image_rom:img_rom|altsyncram:altsyncram_component|altsyncram_cec1:auto_generated|ram_block1a22~porta_address_reg0 ; pll_inst|altpll_component|auto_generated|pll1|clk[0] ; pll_inst|altpll_component|auto_generated|pll1|clk[0] ; 6.736        ; 0.090      ; 3.477      ;
; 3.358 ; vga_controller_1080p:vga|y[2]  ; image_rom:img_rom|altsyncram:altsyncram_component|altsyncram_cec1:auto_generated|ram_block1a47~porta_address_reg0 ; pll_inst|altpll_component|auto_generated|pll1|clk[0] ; pll_inst|altpll_component|auto_generated|pll1|clk[0] ; 6.736        ; 0.097      ; 3.484      ;
; 3.362 ; vga_controller_1080p:vga|x[8]  ; image_rom:img_rom|altsyncram:altsyncram_component|altsyncram_cec1:auto_generated|ram_block1a11~porta_address_reg0 ; pll_inst|altpll_component|auto_generated|pll1|clk[0] ; pll_inst|altpll_component|auto_generated|pll1|clk[0] ; 6.736        ; 0.116      ; 3.499      ;
; 3.363 ; vga_controller_1080p:vga|x[6]  ; image_rom:img_rom|altsyncram:altsyncram_component|altsyncram_cec1:auto_generated|ram_block1a22~porta_address_reg0 ; pll_inst|altpll_component|auto_generated|pll1|clk[0] ; pll_inst|altpll_component|auto_generated|pll1|clk[0] ; 6.736        ; 0.090      ; 3.472      ;
; 3.370 ; vga_controller_1080p:vga|x[7]  ; image_rom:img_rom|altsyncram:altsyncram_component|altsyncram_cec1:auto_generated|ram_block1a27~porta_address_reg0 ; pll_inst|altpll_component|auto_generated|pll1|clk[0] ; pll_inst|altpll_component|auto_generated|pll1|clk[0] ; 6.736        ; 0.108      ; 3.483      ;
; 3.372 ; vga_controller_1080p:vga|y[4]  ; image_rom:img_rom|altsyncram:altsyncram_component|altsyncram_cec1:auto_generated|ram_block1a22~porta_address_reg0 ; pll_inst|altpll_component|auto_generated|pll1|clk[0] ; pll_inst|altpll_component|auto_generated|pll1|clk[0] ; 6.736        ; 0.092      ; 3.465      ;
; 3.374 ; vga_controller_1080p:vga|x[8]  ; image_rom:img_rom|altsyncram:altsyncram_component|altsyncram_cec1:auto_generated|ram_block1a35~porta_address_reg0 ; pll_inst|altpll_component|auto_generated|pll1|clk[0] ; pll_inst|altpll_component|auto_generated|pll1|clk[0] ; 6.736        ; 0.104      ; 3.475      ;
; 3.377 ; vga_controller_1080p:vga|x[8]  ; image_rom:img_rom|altsyncram:altsyncram_component|altsyncram_cec1:auto_generated|ram_block1a47~porta_address_reg0 ; pll_inst|altpll_component|auto_generated|pll1|clk[0] ; pll_inst|altpll_component|auto_generated|pll1|clk[0] ; 6.736        ; 0.095      ; 3.463      ;
; 3.379 ; vga_controller_1080p:vga|y[2]  ; image_rom:img_rom|altsyncram:altsyncram_component|altsyncram_cec1:auto_generated|ram_block1a45~porta_address_reg0 ; pll_inst|altpll_component|auto_generated|pll1|clk[0] ; pll_inst|altpll_component|auto_generated|pll1|clk[0] ; 6.736        ; 0.101      ; 3.467      ;
; 3.379 ; vga_controller_1080p:vga|y[3]  ; image_rom:img_rom|altsyncram:altsyncram_component|altsyncram_cec1:auto_generated|ram_block1a22~porta_address_reg0 ; pll_inst|altpll_component|auto_generated|pll1|clk[0] ; pll_inst|altpll_component|auto_generated|pll1|clk[0] ; 6.736        ; 0.092      ; 3.458      ;
; 3.384 ; vga_controller_1080p:vga|y[2]  ; image_rom:img_rom|altsyncram:altsyncram_component|altsyncram_cec1:auto_generated|ram_block1a5~porta_address_reg0  ; pll_inst|altpll_component|auto_generated|pll1|clk[0] ; pll_inst|altpll_component|auto_generated|pll1|clk[0] ; 6.736        ; 0.106      ; 3.467      ;
; 3.388 ; vga_controller_1080p:vga|y[2]  ; image_rom:img_rom|altsyncram:altsyncram_component|altsyncram_cec1:auto_generated|ram_block1a4~porta_address_reg0  ; pll_inst|altpll_component|auto_generated|pll1|clk[0] ; pll_inst|altpll_component|auto_generated|pll1|clk[0] ; 6.736        ; 0.110      ; 3.467      ;
; 3.391 ; vga_controller_1080p:vga|x[9]  ; image_rom:img_rom|altsyncram:altsyncram_component|altsyncram_cec1:auto_generated|ram_block1a20~porta_address_reg0 ; pll_inst|altpll_component|auto_generated|pll1|clk[0] ; pll_inst|altpll_component|auto_generated|pll1|clk[0] ; 6.736        ; 0.103      ; 3.457      ;
; 3.396 ; vga_controller_1080p:vga|x[6]  ; image_rom:img_rom|altsyncram:altsyncram_component|altsyncram_cec1:auto_generated|ram_block1a20~porta_address_reg0 ; pll_inst|altpll_component|auto_generated|pll1|clk[0] ; pll_inst|altpll_component|auto_generated|pll1|clk[0] ; 6.736        ; 0.103      ; 3.452      ;
; 3.397 ; vga_controller_1080p:vga|y[5]  ; image_rom:img_rom|altsyncram:altsyncram_component|altsyncram_cec1:auto_generated|ram_block1a2~porta_address_reg0  ; pll_inst|altpll_component|auto_generated|pll1|clk[0] ; pll_inst|altpll_component|auto_generated|pll1|clk[0] ; 6.736        ; 0.093      ; 3.441      ;
; 3.398 ; vga_controller_1080p:vga|x[8]  ; image_rom:img_rom|altsyncram:altsyncram_component|altsyncram_cec1:auto_generated|ram_block1a45~porta_address_reg0 ; pll_inst|altpll_component|auto_generated|pll1|clk[0] ; pll_inst|altpll_component|auto_generated|pll1|clk[0] ; 6.736        ; 0.099      ; 3.446      ;
; 3.402 ; vga_controller_1080p:vga|x[7]  ; image_rom:img_rom|altsyncram:altsyncram_component|altsyncram_cec1:auto_generated|ram_block1a13~porta_address_reg0 ; pll_inst|altpll_component|auto_generated|pll1|clk[0] ; pll_inst|altpll_component|auto_generated|pll1|clk[0] ; 6.736        ; 0.122      ; 3.465      ;
; 3.402 ; vga_controller_1080p:vga|x[10] ; image_rom:img_rom|altsyncram:altsyncram_component|altsyncram_cec1:auto_generated|ram_block1a2~porta_address_reg0  ; pll_inst|altpll_component|auto_generated|pll1|clk[0] ; pll_inst|altpll_component|auto_generated|pll1|clk[0] ; 6.736        ; 0.091      ; 3.434      ;
; 3.403 ; vga_controller_1080p:vga|x[8]  ; image_rom:img_rom|altsyncram:altsyncram_component|altsyncram_cec1:auto_generated|ram_block1a5~porta_address_reg0  ; pll_inst|altpll_component|auto_generated|pll1|clk[0] ; pll_inst|altpll_component|auto_generated|pll1|clk[0] ; 6.736        ; 0.104      ; 3.446      ;
; 3.404 ; vga_controller_1080p:vga|y[8]  ; image_rom:img_rom|altsyncram:altsyncram_component|altsyncram_cec1:auto_generated|ram_block1a2~porta_address_reg0  ; pll_inst|altpll_component|auto_generated|pll1|clk[0] ; pll_inst|altpll_component|auto_generated|pll1|clk[0] ; 6.736        ; 0.093      ; 3.434      ;
; 3.405 ; vga_controller_1080p:vga|y[4]  ; image_rom:img_rom|altsyncram:altsyncram_component|altsyncram_cec1:auto_generated|ram_block1a20~porta_address_reg0 ; pll_inst|altpll_component|auto_generated|pll1|clk[0] ; pll_inst|altpll_component|auto_generated|pll1|clk[0] ; 6.736        ; 0.105      ; 3.445      ;
; 3.406 ; vga_controller_1080p:vga|y[7]  ; image_rom:img_rom|altsyncram:altsyncram_component|altsyncram_cec1:auto_generated|ram_block1a2~porta_address_reg0  ; pll_inst|altpll_component|auto_generated|pll1|clk[0] ; pll_inst|altpll_component|auto_generated|pll1|clk[0] ; 6.736        ; 0.093      ; 3.432      ;
; 3.407 ; vga_controller_1080p:vga|x[8]  ; image_rom:img_rom|altsyncram:altsyncram_component|altsyncram_cec1:auto_generated|ram_block1a4~porta_address_reg0  ; pll_inst|altpll_component|auto_generated|pll1|clk[0] ; pll_inst|altpll_component|auto_generated|pll1|clk[0] ; 6.736        ; 0.108      ; 3.446      ;
; 3.410 ; vga_controller_1080p:vga|y[6]  ; image_rom:img_rom|altsyncram:altsyncram_component|altsyncram_cec1:auto_generated|ram_block1a2~porta_address_reg0  ; pll_inst|altpll_component|auto_generated|pll1|clk[0] ; pll_inst|altpll_component|auto_generated|pll1|clk[0] ; 6.736        ; 0.093      ; 3.428      ;
; 3.411 ; vga_controller_1080p:vga|y[2]  ; image_rom:img_rom|altsyncram:altsyncram_component|altsyncram_cec1:auto_generated|ram_block1a22~porta_address_reg0 ; pll_inst|altpll_component|auto_generated|pll1|clk[0] ; pll_inst|altpll_component|auto_generated|pll1|clk[0] ; 6.736        ; 0.092      ; 3.426      ;
; 3.412 ; vga_controller_1080p:vga|x[9]  ; image_rom:img_rom|altsyncram:altsyncram_component|altsyncram_cec1:auto_generated|ram_block1a27~porta_address_reg0 ; pll_inst|altpll_component|auto_generated|pll1|clk[0] ; pll_inst|altpll_component|auto_generated|pll1|clk[0] ; 6.736        ; 0.108      ; 3.441      ;
; 3.412 ; vga_controller_1080p:vga|y[3]  ; image_rom:img_rom|altsyncram:altsyncram_component|altsyncram_cec1:auto_generated|ram_block1a20~porta_address_reg0 ; pll_inst|altpll_component|auto_generated|pll1|clk[0] ; pll_inst|altpll_component|auto_generated|pll1|clk[0] ; 6.736        ; 0.105      ; 3.438      ;
; 3.413 ; vga_controller_1080p:vga|x[7]  ; image_rom:img_rom|altsyncram:altsyncram_component|altsyncram_cec1:auto_generated|ram_block1a33~porta_address_reg0 ; pll_inst|altpll_component|auto_generated|pll1|clk[0] ; pll_inst|altpll_component|auto_generated|pll1|clk[0] ; 6.736        ; 0.122      ; 3.454      ;
; 3.417 ; vga_controller_1080p:vga|x[6]  ; image_rom:img_rom|altsyncram:altsyncram_component|altsyncram_cec1:auto_generated|ram_block1a27~porta_address_reg0 ; pll_inst|altpll_component|auto_generated|pll1|clk[0] ; pll_inst|altpll_component|auto_generated|pll1|clk[0] ; 6.736        ; 0.108      ; 3.436      ;
; 3.422 ; vga_controller_1080p:vga|x[7]  ; image_rom:img_rom|altsyncram:altsyncram_component|altsyncram_cec1:auto_generated|ram_block1a10~porta_address_reg0 ; pll_inst|altpll_component|auto_generated|pll1|clk[0] ; pll_inst|altpll_component|auto_generated|pll1|clk[0] ; 6.736        ; 0.116      ; 3.439      ;
; 3.422 ; vga_controller_1080p:vga|x[7]  ; image_rom:img_rom|altsyncram:altsyncram_component|altsyncram_cec1:auto_generated|ram_block1a19~porta_address_reg0 ; pll_inst|altpll_component|auto_generated|pll1|clk[0] ; pll_inst|altpll_component|auto_generated|pll1|clk[0] ; 6.736        ; 0.113      ; 3.436      ;
+-------+--------------------------------+-------------------------------------------------------------------------------------------------------------------+------------------------------------------------------+------------------------------------------------------+--------------+------------+------------+


+--------------------------------------------------------------------------------------------------------------------------------------------------------------------------------------------------------------------------------------------+
; Fast 1200mV 0C Model Hold: 'pll_inst|altpll_component|auto_generated|pll1|clk[0]'                                                                                                                                                          ;
+-------+--------------------------------------+--------------------------------------+------------------------------------------------------+------------------------------------------------------+--------------+------------+------------+
; Slack ; From Node                            ; To Node                              ; Launch Clock                                         ; Latch Clock                                          ; Relationship ; Clock Skew ; Data Delay ;
+-------+--------------------------------------+--------------------------------------+------------------------------------------------------+------------------------------------------------------+--------------+------------+------------+
; 0.292 ; vga_controller_1080p:vga|h_count[1]  ; vga_controller_1080p:vga|h_count[1]  ; pll_inst|altpll_component|auto_generated|pll1|clk[0] ; pll_inst|altpll_component|auto_generated|pll1|clk[0] ; 0.000        ; 0.042      ; 0.418      ;
; 0.293 ; vga_controller_1080p:vga|v_count[1]  ; vga_controller_1080p:vga|v_count[1]  ; pll_inst|altpll_component|auto_generated|pll1|clk[0] ; pll_inst|altpll_component|auto_generated|pll1|clk[0] ; 0.000        ; 0.041      ; 0.418      ;
; 0.299 ; vga_controller_1080p:vga|h_count[5]  ; vga_controller_1080p:vga|h_count[5]  ; pll_inst|altpll_component|auto_generated|pll1|clk[0] ; pll_inst|altpll_component|auto_generated|pll1|clk[0] ; 0.000        ; 0.042      ; 0.425      ;
; 0.300 ; vga_controller_1080p:vga|v_count[3]  ; vga_controller_1080p:vga|v_count[3]  ; pll_inst|altpll_component|auto_generated|pll1|clk[0] ; pll_inst|altpll_component|auto_generated|pll1|clk[0] ; 0.000        ; 0.041      ; 0.425      ;
; 0.301 ; vga_controller_1080p:vga|h_count[4]  ; vga_controller_1080p:vga|h_count[4]  ; pll_inst|altpll_component|auto_generated|pll1|clk[0] ; pll_inst|altpll_component|auto_generated|pll1|clk[0] ; 0.000        ; 0.042      ; 0.427      ;
; 0.302 ; vga_controller_1080p:vga|v_count[4]  ; vga_controller_1080p:vga|v_count[4]  ; pll_inst|altpll_component|auto_generated|pll1|clk[0] ; pll_inst|altpll_component|auto_generated|pll1|clk[0] ; 0.000        ; 0.041      ; 0.427      ;
; 0.302 ; vga_controller_1080p:vga|h_count[10] ; vga_controller_1080p:vga|h_count[10] ; pll_inst|altpll_component|auto_generated|pll1|clk[0] ; pll_inst|altpll_component|auto_generated|pll1|clk[0] ; 0.000        ; 0.042      ; 0.428      ;
; 0.303 ; vga_controller_1080p:vga|h_count[0]  ; vga_controller_1080p:vga|h_count[0]  ; pll_inst|altpll_component|auto_generated|pll1|clk[0] ; pll_inst|altpll_component|auto_generated|pll1|clk[0] ; 0.000        ; 0.042      ; 0.429      ;
; 0.303 ; vga_controller_1080p:vga|h_count[3]  ; vga_controller_1080p:vga|h_count[3]  ; pll_inst|altpll_component|auto_generated|pll1|clk[0] ; pll_inst|altpll_component|auto_generated|pll1|clk[0] ; 0.000        ; 0.042      ; 0.429      ;
; 0.304 ; vga_controller_1080p:vga|v_count[0]  ; vga_controller_1080p:vga|v_count[0]  ; pll_inst|altpll_component|auto_generated|pll1|clk[0] ; pll_inst|altpll_component|auto_generated|pll1|clk[0] ; 0.000        ; 0.041      ; 0.429      ;
; 0.305 ; vga_controller_1080p:vga|h_count[2]  ; vga_controller_1080p:vga|h_count[2]  ; pll_inst|altpll_component|auto_generated|pll1|clk[0] ; pll_inst|altpll_component|auto_generated|pll1|clk[0] ; 0.000        ; 0.042      ; 0.431      ;
; 0.306 ; vga_controller_1080p:vga|v_count[11] ; vga_controller_1080p:vga|v_count[11] ; pll_inst|altpll_component|auto_generated|pll1|clk[0] ; pll_inst|altpll_component|auto_generated|pll1|clk[0] ; 0.000        ; 0.041      ; 0.431      ;
; 0.306 ; vga_controller_1080p:vga|v_count[8]  ; vga_controller_1080p:vga|v_count[8]  ; pll_inst|altpll_component|auto_generated|pll1|clk[0] ; pll_inst|altpll_component|auto_generated|pll1|clk[0] ; 0.000        ; 0.041      ; 0.431      ;
; 0.306 ; vga_controller_1080p:vga|v_count[7]  ; vga_controller_1080p:vga|v_count[7]  ; pll_inst|altpll_component|auto_generated|pll1|clk[0] ; pll_inst|altpll_component|auto_generated|pll1|clk[0] ; 0.000        ; 0.041      ; 0.431      ;
; 0.306 ; vga_controller_1080p:vga|v_count[9]  ; vga_controller_1080p:vga|v_count[9]  ; pll_inst|altpll_component|auto_generated|pll1|clk[0] ; pll_inst|altpll_component|auto_generated|pll1|clk[0] ; 0.000        ; 0.041      ; 0.431      ;
; 0.308 ; vga_controller_1080p:vga|h_count[11] ; vga_controller_1080p:vga|hsync       ; pll_inst|altpll_component|auto_generated|pll1|clk[0] ; pll_inst|altpll_component|auto_generated|pll1|clk[0] ; 0.000        ; 0.043      ; 0.435      ;
; 0.309 ; vga_controller_1080p:vga|v_count[5]  ; vga_controller_1080p:vga|v_count[5]  ; pll_inst|altpll_component|auto_generated|pll1|clk[0] ; pll_inst|altpll_component|auto_generated|pll1|clk[0] ; 0.000        ; 0.041      ; 0.434      ;
; 0.309 ; vga_controller_1080p:vga|h_count[9]  ; vga_controller_1080p:vga|h_count[9]  ; pll_inst|altpll_component|auto_generated|pll1|clk[0] ; pll_inst|altpll_component|auto_generated|pll1|clk[0] ; 0.000        ; 0.042      ; 0.435      ;
; 0.310 ; vga_controller_1080p:vga|v_count[2]  ; vga_controller_1080p:vga|v_count[2]  ; pll_inst|altpll_component|auto_generated|pll1|clk[0] ; pll_inst|altpll_component|auto_generated|pll1|clk[0] ; 0.000        ; 0.041      ; 0.435      ;
; 0.310 ; vga_controller_1080p:vga|h_count[7]  ; vga_controller_1080p:vga|h_count[7]  ; pll_inst|altpll_component|auto_generated|pll1|clk[0] ; pll_inst|altpll_component|auto_generated|pll1|clk[0] ; 0.000        ; 0.042      ; 0.436      ;
; 0.311 ; vga_controller_1080p:vga|h_count[8]  ; vga_controller_1080p:vga|h_count[8]  ; pll_inst|altpll_component|auto_generated|pll1|clk[0] ; pll_inst|altpll_component|auto_generated|pll1|clk[0] ; 0.000        ; 0.042      ; 0.437      ;
; 0.312 ; vga_controller_1080p:vga|h_count[6]  ; vga_controller_1080p:vga|h_count[6]  ; pll_inst|altpll_component|auto_generated|pll1|clk[0] ; pll_inst|altpll_component|auto_generated|pll1|clk[0] ; 0.000        ; 0.042      ; 0.438      ;
; 0.316 ; vga_controller_1080p:vga|h_count[11] ; vga_controller_1080p:vga|h_count[11] ; pll_inst|altpll_component|auto_generated|pll1|clk[0] ; pll_inst|altpll_component|auto_generated|pll1|clk[0] ; 0.000        ; 0.042      ; 0.442      ;
; 0.319 ; vga_controller_1080p:vga|v_count[10] ; vga_controller_1080p:vga|v_count[10] ; pll_inst|altpll_component|auto_generated|pll1|clk[0] ; pll_inst|altpll_component|auto_generated|pll1|clk[0] ; 0.000        ; 0.041      ; 0.444      ;
; 0.329 ; vga_controller_1080p:vga|h_count[2]  ; vga_controller_1080p:vga|x[2]        ; pll_inst|altpll_component|auto_generated|pll1|clk[0] ; pll_inst|altpll_component|auto_generated|pll1|clk[0] ; 0.000        ; 0.043      ; 0.456      ;
; 0.333 ; vga_controller_1080p:vga|h_count[3]  ; vga_controller_1080p:vga|x[3]        ; pll_inst|altpll_component|auto_generated|pll1|clk[0] ; pll_inst|altpll_component|auto_generated|pll1|clk[0] ; 0.000        ; 0.043      ; 0.460      ;
; 0.365 ; vga_controller_1080p:vga|v_count[6]  ; vga_controller_1080p:vga|v_count[6]  ; pll_inst|altpll_component|auto_generated|pll1|clk[0] ; pll_inst|altpll_component|auto_generated|pll1|clk[0] ; 0.000        ; 0.041      ; 0.490      ;
; 0.371 ; vga_controller_1080p:vga|v_count[6]  ; vga_controller_1080p:vga|y[6]        ; pll_inst|altpll_component|auto_generated|pll1|clk[0] ; pll_inst|altpll_component|auto_generated|pll1|clk[0] ; 0.000        ; 0.046      ; 0.501      ;
; 0.373 ; vga_controller_1080p:vga|v_count[8]  ; vga_controller_1080p:vga|y[8]        ; pll_inst|altpll_component|auto_generated|pll1|clk[0] ; pll_inst|altpll_component|auto_generated|pll1|clk[0] ; 0.000        ; 0.046      ; 0.503      ;
; 0.395 ; vga_controller_1080p:vga|v_count[11] ; vga_controller_1080p:vga|y[7]        ; pll_inst|altpll_component|auto_generated|pll1|clk[0] ; pll_inst|altpll_component|auto_generated|pll1|clk[0] ; 0.000        ; 0.046      ; 0.525      ;
; 0.402 ; vga_controller_1080p:vga|v_count[10] ; vga_controller_1080p:vga|y[10]       ; pll_inst|altpll_component|auto_generated|pll1|clk[0] ; pll_inst|altpll_component|auto_generated|pll1|clk[0] ; 0.000        ; 0.045      ; 0.531      ;
; 0.406 ; vga_controller_1080p:vga|v_count[10] ; vga_controller_1080p:vga|y[9]        ; pll_inst|altpll_component|auto_generated|pll1|clk[0] ; pll_inst|altpll_component|auto_generated|pll1|clk[0] ; 0.000        ; 0.045      ; 0.535      ;
; 0.408 ; vga_controller_1080p:vga|h_count[4]  ; vga_controller_1080p:vga|x[4]        ; pll_inst|altpll_component|auto_generated|pll1|clk[0] ; pll_inst|altpll_component|auto_generated|pll1|clk[0] ; 0.000        ; 0.043      ; 0.535      ;
; 0.408 ; vga_controller_1080p:vga|h_count[9]  ; vga_controller_1080p:vga|x[9]        ; pll_inst|altpll_component|auto_generated|pll1|clk[0] ; pll_inst|altpll_component|auto_generated|pll1|clk[0] ; 0.000        ; 0.043      ; 0.535      ;
; 0.417 ; vga_controller_1080p:vga|h_count[5]  ; vga_controller_1080p:vga|x[5]        ; pll_inst|altpll_component|auto_generated|pll1|clk[0] ; pll_inst|altpll_component|auto_generated|pll1|clk[0] ; 0.000        ; 0.043      ; 0.544      ;
; 0.432 ; vga_controller_1080p:vga|v_count[9]  ; vga_controller_1080p:vga|y[9]        ; pll_inst|altpll_component|auto_generated|pll1|clk[0] ; pll_inst|altpll_component|auto_generated|pll1|clk[0] ; 0.000        ; 0.045      ; 0.561      ;
; 0.438 ; vga_controller_1080p:vga|h_count[11] ; vga_controller_1080p:vga|x[2]        ; pll_inst|altpll_component|auto_generated|pll1|clk[0] ; pll_inst|altpll_component|auto_generated|pll1|clk[0] ; 0.000        ; 0.043      ; 0.565      ;
; 0.441 ; vga_controller_1080p:vga|v_count[7]  ; vga_controller_1080p:vga|y[7]        ; pll_inst|altpll_component|auto_generated|pll1|clk[0] ; pll_inst|altpll_component|auto_generated|pll1|clk[0] ; 0.000        ; 0.046      ; 0.571      ;
; 0.441 ; vga_controller_1080p:vga|h_count[1]  ; vga_controller_1080p:vga|h_count[2]  ; pll_inst|altpll_component|auto_generated|pll1|clk[0] ; pll_inst|altpll_component|auto_generated|pll1|clk[0] ; 0.000        ; 0.042      ; 0.567      ;
; 0.442 ; vga_controller_1080p:vga|v_count[1]  ; vga_controller_1080p:vga|v_count[2]  ; pll_inst|altpll_component|auto_generated|pll1|clk[0] ; pll_inst|altpll_component|auto_generated|pll1|clk[0] ; 0.000        ; 0.041      ; 0.567      ;
; 0.442 ; vga_controller_1080p:vga|h_count[11] ; vga_controller_1080p:vga|x[3]        ; pll_inst|altpll_component|auto_generated|pll1|clk[0] ; pll_inst|altpll_component|auto_generated|pll1|clk[0] ; 0.000        ; 0.043      ; 0.569      ;
; 0.448 ; vga_controller_1080p:vga|h_count[5]  ; vga_controller_1080p:vga|h_count[6]  ; pll_inst|altpll_component|auto_generated|pll1|clk[0] ; pll_inst|altpll_component|auto_generated|pll1|clk[0] ; 0.000        ; 0.042      ; 0.574      ;
; 0.449 ; vga_controller_1080p:vga|v_count[3]  ; vga_controller_1080p:vga|v_count[4]  ; pll_inst|altpll_component|auto_generated|pll1|clk[0] ; pll_inst|altpll_component|auto_generated|pll1|clk[0] ; 0.000        ; 0.041      ; 0.574      ;
; 0.450 ; vga_controller_1080p:vga|h_count[0]  ; vga_controller_1080p:vga|h_count[1]  ; pll_inst|altpll_component|auto_generated|pll1|clk[0] ; pll_inst|altpll_component|auto_generated|pll1|clk[0] ; 0.000        ; 0.042      ; 0.576      ;
; 0.451 ; vga_controller_1080p:vga|v_count[0]  ; vga_controller_1080p:vga|v_count[1]  ; pll_inst|altpll_component|auto_generated|pll1|clk[0] ; pll_inst|altpll_component|auto_generated|pll1|clk[0] ; 0.000        ; 0.041      ; 0.576      ;
; 0.452 ; vga_controller_1080p:vga|h_count[3]  ; vga_controller_1080p:vga|h_count[4]  ; pll_inst|altpll_component|auto_generated|pll1|clk[0] ; pll_inst|altpll_component|auto_generated|pll1|clk[0] ; 0.000        ; 0.042      ; 0.578      ;
; 0.453 ; vga_controller_1080p:vga|h_count[11] ; vga_controller_1080p:vga|x[4]        ; pll_inst|altpll_component|auto_generated|pll1|clk[0] ; pll_inst|altpll_component|auto_generated|pll1|clk[0] ; 0.000        ; 0.043      ; 0.580      ;
; 0.453 ; vga_controller_1080p:vga|h_count[0]  ; vga_controller_1080p:vga|h_count[2]  ; pll_inst|altpll_component|auto_generated|pll1|clk[0] ; pll_inst|altpll_component|auto_generated|pll1|clk[0] ; 0.000        ; 0.042      ; 0.579      ;
; 0.454 ; vga_controller_1080p:vga|v_count[0]  ; vga_controller_1080p:vga|v_count[2]  ; pll_inst|altpll_component|auto_generated|pll1|clk[0] ; pll_inst|altpll_component|auto_generated|pll1|clk[0] ; 0.000        ; 0.041      ; 0.579      ;
; 0.455 ; vga_controller_1080p:vga|v_count[7]  ; vga_controller_1080p:vga|v_count[8]  ; pll_inst|altpll_component|auto_generated|pll1|clk[0] ; pll_inst|altpll_component|auto_generated|pll1|clk[0] ; 0.000        ; 0.041      ; 0.580      ;
; 0.455 ; vga_controller_1080p:vga|v_count[9]  ; vga_controller_1080p:vga|v_count[10] ; pll_inst|altpll_component|auto_generated|pll1|clk[0] ; pll_inst|altpll_component|auto_generated|pll1|clk[0] ; 0.000        ; 0.041      ; 0.580      ;
; 0.456 ; vga_controller_1080p:vga|h_count[11] ; vga_controller_1080p:vga|x[5]        ; pll_inst|altpll_component|auto_generated|pll1|clk[0] ; pll_inst|altpll_component|auto_generated|pll1|clk[0] ; 0.000        ; 0.043      ; 0.583      ;
; 0.458 ; vga_controller_1080p:vga|h_count[9]  ; vga_controller_1080p:vga|h_count[10] ; pll_inst|altpll_component|auto_generated|pll1|clk[0] ; pll_inst|altpll_component|auto_generated|pll1|clk[0] ; 0.000        ; 0.042      ; 0.584      ;
; 0.458 ; vga_controller_1080p:vga|v_count[5]  ; vga_controller_1080p:vga|v_count[6]  ; pll_inst|altpll_component|auto_generated|pll1|clk[0] ; pll_inst|altpll_component|auto_generated|pll1|clk[0] ; 0.000        ; 0.041      ; 0.583      ;
; 0.459 ; vga_controller_1080p:vga|h_count[4]  ; vga_controller_1080p:vga|h_count[5]  ; pll_inst|altpll_component|auto_generated|pll1|clk[0] ; pll_inst|altpll_component|auto_generated|pll1|clk[0] ; 0.000        ; 0.042      ; 0.585      ;
; 0.459 ; vga_controller_1080p:vga|h_count[7]  ; vga_controller_1080p:vga|h_count[8]  ; pll_inst|altpll_component|auto_generated|pll1|clk[0] ; pll_inst|altpll_component|auto_generated|pll1|clk[0] ; 0.000        ; 0.042      ; 0.585      ;
; 0.460 ; vga_controller_1080p:vga|v_count[4]  ; vga_controller_1080p:vga|v_count[5]  ; pll_inst|altpll_component|auto_generated|pll1|clk[0] ; pll_inst|altpll_component|auto_generated|pll1|clk[0] ; 0.000        ; 0.041      ; 0.585      ;
; 0.460 ; vga_controller_1080p:vga|h_count[10] ; vga_controller_1080p:vga|h_count[11] ; pll_inst|altpll_component|auto_generated|pll1|clk[0] ; pll_inst|altpll_component|auto_generated|pll1|clk[0] ; 0.000        ; 0.042      ; 0.586      ;
; 0.462 ; vga_controller_1080p:vga|h_count[4]  ; vga_controller_1080p:vga|h_count[6]  ; pll_inst|altpll_component|auto_generated|pll1|clk[0] ; pll_inst|altpll_component|auto_generated|pll1|clk[0] ; 0.000        ; 0.042      ; 0.588      ;
; 0.463 ; vga_controller_1080p:vga|h_count[2]  ; vga_controller_1080p:vga|h_count[3]  ; pll_inst|altpll_component|auto_generated|pll1|clk[0] ; pll_inst|altpll_component|auto_generated|pll1|clk[0] ; 0.000        ; 0.042      ; 0.589      ;
; 0.463 ; vga_controller_1080p:vga|h_count[9]  ; vga_controller_1080p:vga|x[2]        ; pll_inst|altpll_component|auto_generated|pll1|clk[0] ; pll_inst|altpll_component|auto_generated|pll1|clk[0] ; 0.000        ; 0.043      ; 0.590      ;
; 0.463 ; vga_controller_1080p:vga|v_count[4]  ; vga_controller_1080p:vga|v_count[6]  ; pll_inst|altpll_component|auto_generated|pll1|clk[0] ; pll_inst|altpll_component|auto_generated|pll1|clk[0] ; 0.000        ; 0.041      ; 0.588      ;
; 0.464 ; vga_controller_1080p:vga|v_count[8]  ; vga_controller_1080p:vga|v_count[9]  ; pll_inst|altpll_component|auto_generated|pll1|clk[0] ; pll_inst|altpll_component|auto_generated|pll1|clk[0] ; 0.000        ; 0.041      ; 0.589      ;
; 0.464 ; vga_controller_1080p:vga|h_count[9]  ; vga_controller_1080p:vga|x[4]        ; pll_inst|altpll_component|auto_generated|pll1|clk[0] ; pll_inst|altpll_component|auto_generated|pll1|clk[0] ; 0.000        ; 0.043      ; 0.591      ;
; 0.466 ; vga_controller_1080p:vga|h_count[2]  ; vga_controller_1080p:vga|h_count[4]  ; pll_inst|altpll_component|auto_generated|pll1|clk[0] ; pll_inst|altpll_component|auto_generated|pll1|clk[0] ; 0.000        ; 0.042      ; 0.592      ;
; 0.467 ; vga_controller_1080p:vga|v_count[8]  ; vga_controller_1080p:vga|v_count[10] ; pll_inst|altpll_component|auto_generated|pll1|clk[0] ; pll_inst|altpll_component|auto_generated|pll1|clk[0] ; 0.000        ; 0.041      ; 0.592      ;
; 0.468 ; vga_controller_1080p:vga|v_count[2]  ; vga_controller_1080p:vga|v_count[3]  ; pll_inst|altpll_component|auto_generated|pll1|clk[0] ; pll_inst|altpll_component|auto_generated|pll1|clk[0] ; 0.000        ; 0.041      ; 0.593      ;
; 0.468 ; vga_controller_1080p:vga|h_count[9]  ; vga_controller_1080p:vga|x[5]        ; pll_inst|altpll_component|auto_generated|pll1|clk[0] ; pll_inst|altpll_component|auto_generated|pll1|clk[0] ; 0.000        ; 0.043      ; 0.595      ;
; 0.469 ; vga_controller_1080p:vga|h_count[8]  ; vga_controller_1080p:vga|h_count[9]  ; pll_inst|altpll_component|auto_generated|pll1|clk[0] ; pll_inst|altpll_component|auto_generated|pll1|clk[0] ; 0.000        ; 0.042      ; 0.595      ;
; 0.470 ; vga_controller_1080p:vga|v_count[10] ; vga_controller_1080p:vga|y[3]        ; pll_inst|altpll_component|auto_generated|pll1|clk[0] ; pll_inst|altpll_component|auto_generated|pll1|clk[0] ; 0.000        ; 0.046      ; 0.600      ;
; 0.470 ; vga_controller_1080p:vga|h_count[6]  ; vga_controller_1080p:vga|h_count[7]  ; pll_inst|altpll_component|auto_generated|pll1|clk[0] ; pll_inst|altpll_component|auto_generated|pll1|clk[0] ; 0.000        ; 0.042      ; 0.596      ;
; 0.471 ; vga_controller_1080p:vga|h_count[9]  ; vga_controller_1080p:vga|x[3]        ; pll_inst|altpll_component|auto_generated|pll1|clk[0] ; pll_inst|altpll_component|auto_generated|pll1|clk[0] ; 0.000        ; 0.043      ; 0.598      ;
; 0.471 ; vga_controller_1080p:vga|v_count[2]  ; vga_controller_1080p:vga|v_count[4]  ; pll_inst|altpll_component|auto_generated|pll1|clk[0] ; pll_inst|altpll_component|auto_generated|pll1|clk[0] ; 0.000        ; 0.041      ; 0.596      ;
; 0.472 ; vga_controller_1080p:vga|h_count[8]  ; vga_controller_1080p:vga|h_count[10] ; pll_inst|altpll_component|auto_generated|pll1|clk[0] ; pll_inst|altpll_component|auto_generated|pll1|clk[0] ; 0.000        ; 0.042      ; 0.598      ;
; 0.473 ; vga_controller_1080p:vga|v_count[10] ; vga_controller_1080p:vga|y[2]        ; pll_inst|altpll_component|auto_generated|pll1|clk[0] ; pll_inst|altpll_component|auto_generated|pll1|clk[0] ; 0.000        ; 0.046      ; 0.603      ;
; 0.473 ; vga_controller_1080p:vga|h_count[6]  ; vga_controller_1080p:vga|h_count[8]  ; pll_inst|altpll_component|auto_generated|pll1|clk[0] ; pll_inst|altpll_component|auto_generated|pll1|clk[0] ; 0.000        ; 0.042      ; 0.599      ;
; 0.474 ; vga_controller_1080p:vga|v_count[10] ; vga_controller_1080p:vga|y[4]        ; pll_inst|altpll_component|auto_generated|pll1|clk[0] ; pll_inst|altpll_component|auto_generated|pll1|clk[0] ; 0.000        ; 0.046      ; 0.604      ;
; 0.474 ; vga_controller_1080p:vga|v_count[10] ; vga_controller_1080p:vga|y[8]        ; pll_inst|altpll_component|auto_generated|pll1|clk[0] ; pll_inst|altpll_component|auto_generated|pll1|clk[0] ; 0.000        ; 0.046      ; 0.604      ;
; 0.475 ; vga_controller_1080p:vga|v_count[10] ; vga_controller_1080p:vga|y[5]        ; pll_inst|altpll_component|auto_generated|pll1|clk[0] ; pll_inst|altpll_component|auto_generated|pll1|clk[0] ; 0.000        ; 0.046      ; 0.605      ;
; 0.475 ; vga_controller_1080p:vga|v_count[10] ; vga_controller_1080p:vga|y[6]        ; pll_inst|altpll_component|auto_generated|pll1|clk[0] ; pll_inst|altpll_component|auto_generated|pll1|clk[0] ; 0.000        ; 0.046      ; 0.605      ;
; 0.477 ; vga_controller_1080p:vga|v_count[10] ; vga_controller_1080p:vga|v_count[11] ; pll_inst|altpll_component|auto_generated|pll1|clk[0] ; pll_inst|altpll_component|auto_generated|pll1|clk[0] ; 0.000        ; 0.041      ; 0.602      ;
; 0.504 ; vga_controller_1080p:vga|h_count[1]  ; vga_controller_1080p:vga|h_count[3]  ; pll_inst|altpll_component|auto_generated|pll1|clk[0] ; pll_inst|altpll_component|auto_generated|pll1|clk[0] ; 0.000        ; 0.042      ; 0.630      ;
; 0.505 ; vga_controller_1080p:vga|v_count[11] ; vga_controller_1080p:vga|y[8]        ; pll_inst|altpll_component|auto_generated|pll1|clk[0] ; pll_inst|altpll_component|auto_generated|pll1|clk[0] ; 0.000        ; 0.046      ; 0.635      ;
; 0.505 ; vga_controller_1080p:vga|v_count[1]  ; vga_controller_1080p:vga|v_count[3]  ; pll_inst|altpll_component|auto_generated|pll1|clk[0] ; pll_inst|altpll_component|auto_generated|pll1|clk[0] ; 0.000        ; 0.041      ; 0.630      ;
; 0.507 ; vga_controller_1080p:vga|v_count[11] ; vga_controller_1080p:vga|y[6]        ; pll_inst|altpll_component|auto_generated|pll1|clk[0] ; pll_inst|altpll_component|auto_generated|pll1|clk[0] ; 0.000        ; 0.046      ; 0.637      ;
; 0.507 ; vga_controller_1080p:vga|h_count[1]  ; vga_controller_1080p:vga|h_count[4]  ; pll_inst|altpll_component|auto_generated|pll1|clk[0] ; pll_inst|altpll_component|auto_generated|pll1|clk[0] ; 0.000        ; 0.042      ; 0.633      ;
; 0.508 ; vga_controller_1080p:vga|v_count[1]  ; vga_controller_1080p:vga|v_count[4]  ; pll_inst|altpll_component|auto_generated|pll1|clk[0] ; pll_inst|altpll_component|auto_generated|pll1|clk[0] ; 0.000        ; 0.041      ; 0.633      ;
; 0.511 ; vga_controller_1080p:vga|h_count[5]  ; vga_controller_1080p:vga|h_count[7]  ; pll_inst|altpll_component|auto_generated|pll1|clk[0] ; pll_inst|altpll_component|auto_generated|pll1|clk[0] ; 0.000        ; 0.042      ; 0.637      ;
; 0.512 ; vga_controller_1080p:vga|v_count[3]  ; vga_controller_1080p:vga|v_count[5]  ; pll_inst|altpll_component|auto_generated|pll1|clk[0] ; pll_inst|altpll_component|auto_generated|pll1|clk[0] ; 0.000        ; 0.041      ; 0.637      ;
; 0.514 ; vga_controller_1080p:vga|h_count[5]  ; vga_controller_1080p:vga|h_count[8]  ; pll_inst|altpll_component|auto_generated|pll1|clk[0] ; pll_inst|altpll_component|auto_generated|pll1|clk[0] ; 0.000        ; 0.042      ; 0.640      ;
; 0.515 ; vga_controller_1080p:vga|h_count[3]  ; vga_controller_1080p:vga|h_count[5]  ; pll_inst|altpll_component|auto_generated|pll1|clk[0] ; pll_inst|altpll_component|auto_generated|pll1|clk[0] ; 0.000        ; 0.042      ; 0.641      ;
; 0.515 ; vga_controller_1080p:vga|v_count[3]  ; vga_controller_1080p:vga|v_count[6]  ; pll_inst|altpll_component|auto_generated|pll1|clk[0] ; pll_inst|altpll_component|auto_generated|pll1|clk[0] ; 0.000        ; 0.041      ; 0.640      ;
; 0.516 ; vga_controller_1080p:vga|h_count[0]  ; vga_controller_1080p:vga|h_count[3]  ; pll_inst|altpll_component|auto_generated|pll1|clk[0] ; pll_inst|altpll_component|auto_generated|pll1|clk[0] ; 0.000        ; 0.042      ; 0.642      ;
; 0.517 ; vga_controller_1080p:vga|v_count[0]  ; vga_controller_1080p:vga|v_count[3]  ; pll_inst|altpll_component|auto_generated|pll1|clk[0] ; pll_inst|altpll_component|auto_generated|pll1|clk[0] ; 0.000        ; 0.041      ; 0.642      ;
; 0.518 ; vga_controller_1080p:vga|h_count[3]  ; vga_controller_1080p:vga|h_count[6]  ; pll_inst|altpll_component|auto_generated|pll1|clk[0] ; pll_inst|altpll_component|auto_generated|pll1|clk[0] ; 0.000        ; 0.042      ; 0.644      ;
; 0.518 ; vga_controller_1080p:vga|v_count[7]  ; vga_controller_1080p:vga|v_count[9]  ; pll_inst|altpll_component|auto_generated|pll1|clk[0] ; pll_inst|altpll_component|auto_generated|pll1|clk[0] ; 0.000        ; 0.041      ; 0.643      ;
; 0.518 ; vga_controller_1080p:vga|v_count[9]  ; vga_controller_1080p:vga|v_count[11] ; pll_inst|altpll_component|auto_generated|pll1|clk[0] ; pll_inst|altpll_component|auto_generated|pll1|clk[0] ; 0.000        ; 0.041      ; 0.643      ;
; 0.519 ; vga_controller_1080p:vga|h_count[0]  ; vga_controller_1080p:vga|h_count[4]  ; pll_inst|altpll_component|auto_generated|pll1|clk[0] ; pll_inst|altpll_component|auto_generated|pll1|clk[0] ; 0.000        ; 0.042      ; 0.645      ;
; 0.520 ; vga_controller_1080p:vga|h_count[4]  ; vga_controller_1080p:vga|hsync       ; pll_inst|altpll_component|auto_generated|pll1|clk[0] ; pll_inst|altpll_component|auto_generated|pll1|clk[0] ; 0.000        ; 0.043      ; 0.647      ;
; 0.520 ; vga_controller_1080p:vga|v_count[0]  ; vga_controller_1080p:vga|v_count[4]  ; pll_inst|altpll_component|auto_generated|pll1|clk[0] ; pll_inst|altpll_component|auto_generated|pll1|clk[0] ; 0.000        ; 0.041      ; 0.645      ;
+-------+--------------------------------------+--------------------------------------+------------------------------------------------------+------------------------------------------------------+--------------+------------+------------+


----------------------------------------------
; Fast 1200mV 0C Model Metastability Summary ;
----------------------------------------------
No synchronizer chains to report.


+-------------------------------------------------------------------------------------------------------------------+
; Multicorner Timing Analysis Summary                                                                               ;
+-------------------------------------------------------+--------+-------+----------+---------+---------------------+
; Clock                                                 ; Setup  ; Hold  ; Recovery ; Removal ; Minimum Pulse Width ;
+-------------------------------------------------------+--------+-------+----------+---------+---------------------+
; Worst-case Slack                                      ; -0.264 ; 0.292 ; N/A      ; N/A     ; 3.043               ;
;  CLOCK_50                                             ; N/A    ; N/A   ; N/A      ; N/A     ; 9.574               ;
;  pll_inst|altpll_component|auto_generated|pll1|clk[0] ; -0.264 ; 0.292 ; N/A      ; N/A     ; 3.043               ;
; Design-wide TNS                                       ; -1.682 ; 0.0   ; 0.0      ; 0.0     ; 0.0                 ;
;  CLOCK_50                                             ; N/A    ; N/A   ; N/A      ; N/A     ; 0.000               ;
;  pll_inst|altpll_component|auto_generated|pll1|clk[0] ; -1.682 ; 0.000 ; N/A      ; N/A     ; 0.000               ;
+-------------------------------------------------------+--------+-------+----------+---------+---------------------+


+------------------------------------------------------------------------------------------------------------------------------------------------------------------------------------------------------------------------------------------------------------------------------------------------------------------------------------------------------------------------------------------------------------------+
; Board Trace Model Assignments                                                                                                                                                                                                                                                                                                                                                                                    ;
+---------------+--------------+-------------------+-------------------------+-------------------------+---------------+---------------------+----------------+------------------+--------+------------------+------------------------+------------------------+--------------+---------------+-----------------+-------+---------------------+--------------------+---------------+-----------------+-------------+
; Pin           ; I/O Standard ; Near Tline Length ; Near Tline L per Length ; Near Tline C per Length ; Near Series R ; Near Differential R ; Near Pull-up R ; Near Pull-down R ; Near C ; Far Tline Length ; Far Tline L per Length ; Far Tline C per Length ; Far Series R ; Far Pull-up R ; Far Pull-down R ; Far C ; Termination Voltage ; Far Differential R ; EBD File Name ; EBD Signal Name ; EBD Far-end ;
+---------------+--------------+-------------------+-------------------------+-------------------------+---------------+---------------------+----------------+------------------+--------+------------------+------------------------+------------------------+--------------+---------------+-----------------+-------+---------------------+--------------------+---------------+-----------------+-------------+
; VGA_CLK       ; 2.5 V        ; 0 in              ; 0 H/in                  ; 0 F/in                  ; short         ; -                   ; open           ; open             ; open   ; 0 in             ; 0 H/in                 ; 0 F/in                 ; short        ; open          ; open            ; open  ; 0 V                 ; -                  ; n/a           ; n/a             ; n/a         ;
; VGA_HS        ; 2.5 V        ; 0 in              ; 0 H/in                  ; 0 F/in                  ; short         ; -                   ; open           ; open             ; open   ; 0 in             ; 0 H/in                 ; 0 F/in                 ; short        ; open          ; open            ; open  ; 0 V                 ; -                  ; n/a           ; n/a             ; n/a         ;
; VGA_VS        ; 2.5 V        ; 0 in              ; 0 H/in                  ; 0 F/in                  ; short         ; -                   ; open           ; open             ; open   ; 0 in             ; 0 H/in                 ; 0 F/in                 ; short        ; open          ; open            ; open  ; 0 V                 ; -                  ; n/a           ; n/a             ; n/a         ;
; VGA_R[0]      ; 2.5 V        ; 0 in              ; 0 H/in                  ; 0 F/in                  ; short         ; -                   ; open           ; open             ; open   ; 0 in             ; 0 H/in                 ; 0 F/in                 ; short        ; open          ; open            ; open  ; 0 V                 ; -                  ; n/a           ; n/a             ; n/a         ;
; VGA_R[1]      ; 2.5 V        ; 0 in              ; 0 H/in                  ; 0 F/in                  ; short         ; -                   ; open           ; open             ; open   ; 0 in             ; 0 H/in                 ; 0 F/in                 ; short        ; open          ; open            ; open  ; 0 V                 ; -                  ; n/a           ; n/a             ; n/a         ;
; VGA_R[2]      ; 2.5 V        ; 0 in              ; 0 H/in                  ; 0 F/in                  ; short         ; -                   ; open           ; open             ; open   ; 0 in             ; 0 H/in                 ; 0 F/in                 ; short        ; open          ; open            ; open  ; 0 V                 ; -                  ; n/a           ; n/a             ; n/a         ;
; VGA_R[3]      ; 2.5 V        ; 0 in              ; 0 H/in                  ; 0 F/in                  ; short         ; -                   ; open           ; open             ; open   ; 0 in             ; 0 H/in                 ; 0 F/in                 ; short        ; open          ; open            ; open  ; 0 V                 ; -                  ; n/a           ; n/a             ; n/a         ;
; VGA_R[4]      ; 2.5 V        ; 0 in              ; 0 H/in                  ; 0 F/in                  ; short         ; -                   ; open           ; open             ; open   ; 0 in             ; 0 H/in                 ; 0 F/in                 ; short        ; open          ; open            ; open  ; 0 V                 ; -                  ; n/a           ; n/a             ; n/a         ;
; VGA_R[5]      ; 2.5 V        ; 0 in              ; 0 H/in                  ; 0 F/in                  ; short         ; -                   ; open           ; open             ; open   ; 0 in             ; 0 H/in                 ; 0 F/in                 ; short        ; open          ; open            ; open  ; 0 V                 ; -                  ; n/a           ; n/a             ; n/a         ;
; VGA_R[6]      ; 2.5 V        ; 0 in              ; 0 H/in                  ; 0 F/in                  ; short         ; -                   ; open           ; open             ; open   ; 0 in             ; 0 H/in                 ; 0 F/in                 ; short        ; open          ; open            ; open  ; 0 V                 ; -                  ; n/a           ; n/a             ; n/a         ;
; VGA_R[7]      ; 2.5 V        ; 0 in              ; 0 H/in                  ; 0 F/in                  ; short         ; -                   ; open           ; open             ; open   ; 0 in             ; 0 H/in                 ; 0 F/in                 ; short        ; open          ; open            ; open  ; 0 V                 ; -                  ; n/a           ; n/a             ; n/a         ;
; VGA_G[0]      ; 2.5 V        ; 0 in              ; 0 H/in                  ; 0 F/in                  ; short         ; -                   ; open           ; open             ; open   ; 0 in             ; 0 H/in                 ; 0 F/in                 ; short        ; open          ; open            ; open  ; 0 V                 ; -                  ; n/a           ; n/a             ; n/a         ;
; VGA_G[1]      ; 2.5 V        ; 0 in              ; 0 H/in                  ; 0 F/in                  ; short         ; -                   ; open           ; open             ; open   ; 0 in             ; 0 H/in                 ; 0 F/in                 ; short        ; open          ; open            ; open  ; 0 V                 ; -                  ; n/a           ; n/a             ; n/a         ;
; VGA_G[2]      ; 2.5 V        ; 0 in              ; 0 H/in                  ; 0 F/in                  ; short         ; -                   ; open           ; open             ; open   ; 0 in             ; 0 H/in                 ; 0 F/in                 ; short        ; open          ; open            ; open  ; 0 V                 ; -                  ; n/a           ; n/a             ; n/a         ;
; VGA_G[3]      ; 2.5 V        ; 0 in              ; 0 H/in                  ; 0 F/in                  ; short         ; -                   ; open           ; open             ; open   ; 0 in             ; 0 H/in                 ; 0 F/in                 ; short        ; open          ; open            ; open  ; 0 V                 ; -                  ; n/a           ; n/a             ; n/a         ;
; VGA_G[4]      ; 2.5 V        ; 0 in              ; 0 H/in                  ; 0 F/in                  ; short         ; -                   ; open           ; open             ; open   ; 0 in             ; 0 H/in                 ; 0 F/in                 ; short        ; open          ; open            ; open  ; 0 V                 ; -                  ; n/a           ; n/a             ; n/a         ;
; VGA_G[5]      ; 2.5 V        ; 0 in              ; 0 H/in                  ; 0 F/in                  ; short         ; -                   ; open           ; open             ; open   ; 0 in             ; 0 H/in                 ; 0 F/in                 ; short        ; open          ; open            ; open  ; 0 V                 ; -                  ; n/a           ; n/a             ; n/a         ;
; VGA_G[6]      ; 2.5 V        ; 0 in              ; 0 H/in                  ; 0 F/in                  ; short         ; -                   ; open           ; open             ; open   ; 0 in             ; 0 H/in                 ; 0 F/in                 ; short        ; open          ; open            ; open  ; 0 V                 ; -                  ; n/a           ; n/a             ; n/a         ;
; VGA_G[7]      ; 2.5 V        ; 0 in              ; 0 H/in                  ; 0 F/in                  ; short         ; -                   ; open           ; open             ; open   ; 0 in             ; 0 H/in                 ; 0 F/in                 ; short        ; open          ; open            ; open  ; 0 V                 ; -                  ; n/a           ; n/a             ; n/a         ;
; VGA_B[0]      ; 2.5 V        ; 0 in              ; 0 H/in                  ; 0 F/in                  ; short         ; -                   ; open           ; open             ; open   ; 0 in             ; 0 H/in                 ; 0 F/in                 ; short        ; open          ; open            ; open  ; 0 V                 ; -                  ; n/a           ; n/a             ; n/a         ;
; VGA_B[1]      ; 2.5 V        ; 0 in              ; 0 H/in                  ; 0 F/in                  ; short         ; -                   ; open           ; open             ; open   ; 0 in             ; 0 H/in                 ; 0 F/in                 ; short        ; open          ; open            ; open  ; 0 V                 ; -                  ; n/a           ; n/a             ; n/a         ;
; VGA_B[2]      ; 2.5 V        ; 0 in              ; 0 H/in                  ; 0 F/in                  ; short         ; -                   ; open           ; open             ; open   ; 0 in             ; 0 H/in                 ; 0 F/in                 ; short        ; open          ; open            ; open  ; 0 V                 ; -                  ; n/a           ; n/a             ; n/a         ;
; VGA_B[3]      ; 2.5 V        ; 0 in              ; 0 H/in                  ; 0 F/in                  ; short         ; -                   ; open           ; open             ; open   ; 0 in             ; 0 H/in                 ; 0 F/in                 ; short        ; open          ; open            ; open  ; 0 V                 ; -                  ; n/a           ; n/a             ; n/a         ;
; VGA_B[4]      ; 2.5 V        ; 0 in              ; 0 H/in                  ; 0 F/in                  ; short         ; -                   ; open           ; open             ; open   ; 0 in             ; 0 H/in                 ; 0 F/in                 ; short        ; open          ; open            ; open  ; 0 V                 ; -                  ; n/a           ; n/a             ; n/a         ;
; VGA_B[5]      ; 2.5 V        ; 0 in              ; 0 H/in                  ; 0 F/in                  ; short         ; -                   ; open           ; open             ; open   ; 0 in             ; 0 H/in                 ; 0 F/in                 ; short        ; open          ; open            ; open  ; 0 V                 ; -                  ; n/a           ; n/a             ; n/a         ;
; VGA_B[6]      ; 2.5 V        ; 0 in              ; 0 H/in                  ; 0 F/in                  ; short         ; -                   ; open           ; open             ; open   ; 0 in             ; 0 H/in                 ; 0 F/in                 ; short        ; open          ; open            ; open  ; 0 V                 ; -                  ; n/a           ; n/a             ; n/a         ;
; VGA_B[7]      ; 2.5 V        ; 0 in              ; 0 H/in                  ; 0 F/in                  ; short         ; -                   ; open           ; open             ; open   ; 0 in             ; 0 H/in                 ; 0 F/in                 ; short        ; open          ; open            ; open  ; 0 V                 ; -                  ; n/a           ; n/a             ; n/a         ;
; VGA_BLANK_N   ; 2.5 V        ; 0 in              ; 0 H/in                  ; 0 F/in                  ; short         ; -                   ; open           ; open             ; open   ; 0 in             ; 0 H/in                 ; 0 F/in                 ; short        ; open          ; open            ; open  ; 0 V                 ; -                  ; n/a           ; n/a             ; n/a         ;
; VGA_SYNC_N    ; 2.5 V        ; 0 in              ; 0 H/in                  ; 0 F/in                  ; short         ; -                   ; open           ; open             ; open   ; 0 in             ; 0 H/in                 ; 0 F/in                 ; short        ; open          ; open            ; open  ; 0 V                 ; -                  ; n/a           ; n/a             ; n/a         ;
; HEX0[0]       ; 2.5 V        ; 0 in              ; 0 H/in                  ; 0 F/in                  ; short         ; -                   ; open           ; open             ; open   ; 0 in             ; 0 H/in                 ; 0 F/in                 ; short        ; open          ; open            ; open  ; 0 V                 ; -                  ; n/a           ; n/a             ; n/a         ;
; HEX0[1]       ; 2.5 V        ; 0 in              ; 0 H/in                  ; 0 F/in                  ; short         ; -                   ; open           ; open             ; open   ; 0 in             ; 0 H/in                 ; 0 F/in                 ; short        ; open          ; open            ; open  ; 0 V                 ; -                  ; n/a           ; n/a             ; n/a         ;
; HEX0[2]       ; 2.5 V        ; 0 in              ; 0 H/in                  ; 0 F/in                  ; short         ; -                   ; open           ; open             ; open   ; 0 in             ; 0 H/in                 ; 0 F/in                 ; short        ; open          ; open            ; open  ; 0 V                 ; -                  ; n/a           ; n/a             ; n/a         ;
; HEX0[3]       ; 2.5 V        ; 0 in              ; 0 H/in                  ; 0 F/in                  ; short         ; -                   ; open           ; open             ; open   ; 0 in             ; 0 H/in                 ; 0 F/in                 ; short        ; open          ; open            ; open  ; 0 V                 ; -                  ; n/a           ; n/a             ; n/a         ;
; HEX0[4]       ; 2.5 V        ; 0 in              ; 0 H/in                  ; 0 F/in                  ; short         ; -                   ; open           ; open             ; open   ; 0 in             ; 0 H/in                 ; 0 F/in                 ; short        ; open          ; open            ; open  ; 0 V                 ; -                  ; n/a           ; n/a             ; n/a         ;
; HEX0[5]       ; 2.5 V        ; 0 in              ; 0 H/in                  ; 0 F/in                  ; short         ; -                   ; open           ; open             ; open   ; 0 in             ; 0 H/in                 ; 0 F/in                 ; short        ; open          ; open            ; open  ; 0 V                 ; -                  ; n/a           ; n/a             ; n/a         ;
; HEX0[6]       ; 2.5 V        ; 0 in              ; 0 H/in                  ; 0 F/in                  ; short         ; -                   ; open           ; open             ; open   ; 0 in             ; 0 H/in                 ; 0 F/in                 ; short        ; open          ; open            ; open  ; 0 V                 ; -                  ; n/a           ; n/a             ; n/a         ;
; HEX1[0]       ; 2.5 V        ; 0 in              ; 0 H/in                  ; 0 F/in                  ; short         ; -                   ; open           ; open             ; open   ; 0 in             ; 0 H/in                 ; 0 F/in                 ; short        ; open          ; open            ; open  ; 0 V                 ; -                  ; n/a           ; n/a             ; n/a         ;
; HEX1[1]       ; 2.5 V        ; 0 in              ; 0 H/in                  ; 0 F/in                  ; short         ; -                   ; open           ; open             ; open   ; 0 in             ; 0 H/in                 ; 0 F/in                 ; short        ; open          ; open            ; open  ; 0 V                 ; -                  ; n/a           ; n/a             ; n/a         ;
; HEX1[2]       ; 2.5 V        ; 0 in              ; 0 H/in                  ; 0 F/in                  ; short         ; -                   ; open           ; open             ; open   ; 0 in             ; 0 H/in                 ; 0 F/in                 ; short        ; open          ; open            ; open  ; 0 V                 ; -                  ; n/a           ; n/a             ; n/a         ;
; HEX1[3]       ; 2.5 V        ; 0 in              ; 0 H/in                  ; 0 F/in                  ; short         ; -                   ; open           ; open             ; open   ; 0 in             ; 0 H/in                 ; 0 F/in                 ; short        ; open          ; open            ; open  ; 0 V                 ; -                  ; n/a           ; n/a             ; n/a         ;
; HEX1[4]       ; 2.5 V        ; 0 in              ; 0 H/in                  ; 0 F/in                  ; short         ; -                   ; open           ; open             ; open   ; 0 in             ; 0 H/in                 ; 0 F/in                 ; short        ; open          ; open            ; open  ; 0 V                 ; -                  ; n/a           ; n/a             ; n/a         ;
; HEX1[5]       ; 2.5 V        ; 0 in              ; 0 H/in                  ; 0 F/in                  ; short         ; -                   ; open           ; open             ; open   ; 0 in             ; 0 H/in                 ; 0 F/in                 ; short        ; open          ; open            ; open  ; 0 V                 ; -                  ; n/a           ; n/a             ; n/a         ;
; HEX1[6]       ; 2.5 V        ; 0 in              ; 0 H/in                  ; 0 F/in                  ; short         ; -                   ; open           ; open             ; open   ; 0 in             ; 0 H/in                 ; 0 F/in                 ; short        ; open          ; open            ; open  ; 0 V                 ; -                  ; n/a           ; n/a             ; n/a         ;
; HEX2[0]       ; 2.5 V        ; 0 in              ; 0 H/in                  ; 0 F/in                  ; short         ; -                   ; open           ; open             ; open   ; 0 in             ; 0 H/in                 ; 0 F/in                 ; short        ; open          ; open            ; open  ; 0 V                 ; -                  ; n/a           ; n/a             ; n/a         ;
; HEX2[1]       ; 2.5 V        ; 0 in              ; 0 H/in                  ; 0 F/in                  ; short         ; -                   ; open           ; open             ; open   ; 0 in             ; 0 H/in                 ; 0 F/in                 ; short        ; open          ; open            ; open  ; 0 V                 ; -                  ; n/a           ; n/a             ; n/a         ;
; HEX2[2]       ; 2.5 V        ; 0 in              ; 0 H/in                  ; 0 F/in                  ; short         ; -                   ; open           ; open             ; open   ; 0 in             ; 0 H/in                 ; 0 F/in                 ; short        ; open          ; open            ; open  ; 0 V                 ; -                  ; n/a           ; n/a             ; n/a         ;
; HEX2[3]       ; 2.5 V        ; 0 in              ; 0 H/in                  ; 0 F/in                  ; short         ; -                   ; open           ; open             ; open   ; 0 in             ; 0 H/in                 ; 0 F/in                 ; short        ; open          ; open            ; open  ; 0 V                 ; -                  ; n/a           ; n/a             ; n/a         ;
; HEX2[4]       ; 2.5 V        ; 0 in              ; 0 H/in                  ; 0 F/in                  ; short         ; -                   ; open           ; open             ; open   ; 0 in             ; 0 H/in                 ; 0 F/in                 ; short        ; open          ; open            ; open  ; 0 V                 ; -                  ; n/a           ; n/a             ; n/a         ;
; HEX2[5]       ; 2.5 V        ; 0 in              ; 0 H/in                  ; 0 F/in                  ; short         ; -                   ; open           ; open             ; open   ; 0 in             ; 0 H/in                 ; 0 F/in                 ; short        ; open          ; open            ; open  ; 0 V                 ; -                  ; n/a           ; n/a             ; n/a         ;
; HEX2[6]       ; 2.5 V        ; 0 in              ; 0 H/in                  ; 0 F/in                  ; short         ; -                   ; open           ; open             ; open   ; 0 in             ; 0 H/in                 ; 0 F/in                 ; short        ; open          ; open            ; open  ; 0 V                 ; -                  ; n/a           ; n/a             ; n/a         ;
; HEX3[0]       ; 2.5 V        ; 0 in              ; 0 H/in                  ; 0 F/in                  ; short         ; -                   ; open           ; open             ; open   ; 0 in             ; 0 H/in                 ; 0 F/in                 ; short        ; open          ; open            ; open  ; 0 V                 ; -                  ; n/a           ; n/a             ; n/a         ;
; HEX3[1]       ; 2.5 V        ; 0 in              ; 0 H/in                  ; 0 F/in                  ; short         ; -                   ; open           ; open             ; open   ; 0 in             ; 0 H/in                 ; 0 F/in                 ; short        ; open          ; open            ; open  ; 0 V                 ; -                  ; n/a           ; n/a             ; n/a         ;
; HEX3[2]       ; 2.5 V        ; 0 in              ; 0 H/in                  ; 0 F/in                  ; short         ; -                   ; open           ; open             ; open   ; 0 in             ; 0 H/in                 ; 0 F/in                 ; short        ; open          ; open            ; open  ; 0 V                 ; -                  ; n/a           ; n/a             ; n/a         ;
; HEX3[3]       ; 2.5 V        ; 0 in              ; 0 H/in                  ; 0 F/in                  ; short         ; -                   ; open           ; open             ; open   ; 0 in             ; 0 H/in                 ; 0 F/in                 ; short        ; open          ; open            ; open  ; 0 V                 ; -                  ; n/a           ; n/a             ; n/a         ;
; HEX3[4]       ; 2.5 V        ; 0 in              ; 0 H/in                  ; 0 F/in                  ; short         ; -                   ; open           ; open             ; open   ; 0 in             ; 0 H/in                 ; 0 F/in                 ; short        ; open          ; open            ; open  ; 0 V                 ; -                  ; n/a           ; n/a             ; n/a         ;
; HEX3[5]       ; 2.5 V        ; 0 in              ; 0 H/in                  ; 0 F/in                  ; short         ; -                   ; open           ; open             ; open   ; 0 in             ; 0 H/in                 ; 0 F/in                 ; short        ; open          ; open            ; open  ; 0 V                 ; -                  ; n/a           ; n/a             ; n/a         ;
; HEX3[6]       ; 2.5 V        ; 0 in              ; 0 H/in                  ; 0 F/in                  ; short         ; -                   ; open           ; open             ; open   ; 0 in             ; 0 H/in                 ; 0 F/in                 ; short        ; open          ; open            ; open  ; 0 V                 ; -                  ; n/a           ; n/a             ; n/a         ;
; ~ALTERA_DCLK~ ; 2.5 V        ; 0 in              ; 0 H/in                  ; 0 F/in                  ; short         ; -                   ; open           ; open             ; open   ; 0 in             ; 0 H/in                 ; 0 F/in                 ; short        ; open          ; open            ; open  ; 0 V                 ; -                  ; n/a           ; n/a             ; n/a         ;
; ~ALTERA_nCEO~ ; 2.5 V        ; 0 in              ; 0 H/in                  ; 0 F/in                  ; short         ; -                   ; open           ; open             ; open   ; 0 in             ; 0 H/in                 ; 0 F/in                 ; short        ; open          ; open            ; open  ; 0 V                 ; -                  ; n/a           ; n/a             ; n/a         ;
+---------------+--------------+-------------------+-------------------------+-------------------------+---------------+---------------------+----------------+------------------+--------+------------------+------------------------+------------------------+--------------+---------------+-----------------+-------+---------------------+--------------------+---------------+-----------------+-------------+


+----------------------------------------------------------------------------+
; Input Transition Times                                                     ;
+-------------------------+--------------+-----------------+-----------------+
; Pin                     ; I/O Standard ; 10-90 Rise Time ; 90-10 Fall Time ;
+-------------------------+--------------+-----------------+-----------------+
; sw[10]                  ; 2.5 V        ; 2000 ps         ; 2000 ps         ;
; sw[6]                   ; 2.5 V        ; 2000 ps         ; 2000 ps         ;
; sw[5]                   ; 2.5 V        ; 2000 ps         ; 2000 ps         ;
; sw[4]                   ; 2.5 V        ; 2000 ps         ; 2000 ps         ;
; sw[7]                   ; 2.5 V        ; 2000 ps         ; 2000 ps         ;
; sw[2]                   ; 2.5 V        ; 2000 ps         ; 2000 ps         ;
; sw[1]                   ; 2.5 V        ; 2000 ps         ; 2000 ps         ;
; sw[0]                   ; 2.5 V        ; 2000 ps         ; 2000 ps         ;
; sw[3]                   ; 2.5 V        ; 2000 ps         ; 2000 ps         ;
; sw[9]                   ; 2.5 V        ; 2000 ps         ; 2000 ps         ;
; sw[8]                   ; 2.5 V        ; 2000 ps         ; 2000 ps         ;
; CLOCK_50                ; 2.5 V        ; 2000 ps         ; 2000 ps         ;
; ~ALTERA_ASDO_DATA1~     ; 2.5 V        ; 2000 ps         ; 2000 ps         ;
; ~ALTERA_FLASH_nCE_nCSO~ ; 2.5 V        ; 2000 ps         ; 2000 ps         ;
; ~ALTERA_DATA0~          ; 2.5 V        ; 2000 ps         ; 2000 ps         ;
+-------------------------+--------------+-----------------+-----------------+


+--------------------------------------------------------------------------------------------------------------------------------------------------------------------------------------------------------------------------------------------------------------------------------------------------------------------------------------------------------------------------------------------------------------------------------------------------------------------------------------------------------------------------------------------------------------------------------------------------------------------------------------------------------------------------------------------+
; Signal Integrity Metrics (Slow 1200mv 0c Model)                                                                                                                                                                                                                                                                                                                                                                                                                                                                                                                                                                                                                                            ;
+---------------+--------------+---------------------+---------------------+------------------------------+------------------------------+---------------------+---------------------+--------------------------------------+--------------------------------------+-----------------------------+-----------------------------+----------------------------+----------------------------+-----------------------------+-----------------------------+--------------------+--------------------+-------------------------------------+-------------------------------------+----------------------------+----------------------------+---------------------------+---------------------------+
; Pin           ; I/O Standard ; Board Delay on Rise ; Board Delay on Fall ; Steady State Voh at FPGA Pin ; Steady State Vol at FPGA Pin ; Voh Max at FPGA Pin ; Vol Min at FPGA Pin ; Ringback Voltage on Rise at FPGA Pin ; Ringback Voltage on Fall at FPGA Pin ; 10-90 Rise Time at FPGA Pin ; 90-10 Fall Time at FPGA Pin ; Monotonic Rise at FPGA Pin ; Monotonic Fall at FPGA Pin ; Steady State Voh at Far-end ; Steady State Vol at Far-end ; Voh Max at Far-end ; Vol Min at Far-end ; Ringback Voltage on Rise at Far-end ; Ringback Voltage on Fall at Far-end ; 10-90 Rise Time at Far-end ; 90-10 Fall Time at Far-end ; Monotonic Rise at Far-end ; Monotonic Fall at Far-end ;
+---------------+--------------+---------------------+---------------------+------------------------------+------------------------------+---------------------+---------------------+--------------------------------------+--------------------------------------+-----------------------------+-----------------------------+----------------------------+----------------------------+-----------------------------+-----------------------------+--------------------+--------------------+-------------------------------------+-------------------------------------+----------------------------+----------------------------+---------------------------+---------------------------+
; VGA_CLK       ; 2.5 V        ; 0 s                 ; 0 s                 ; 2.32 V                       ; 4.49e-09 V                   ; 2.38 V              ; -0.00552 V          ; 0.096 V                              ; 0.019 V                              ; 4.18e-10 s                  ; 3.59e-10 s                  ; No                         ; Yes                        ; 2.32 V                      ; 4.49e-09 V                  ; 2.38 V             ; -0.00552 V         ; 0.096 V                             ; 0.019 V                             ; 4.18e-10 s                 ; 3.59e-10 s                 ; No                        ; Yes                       ;
; VGA_HS        ; 2.5 V        ; 0 s                 ; 0 s                 ; 2.32 V                       ; 3.07e-09 V                   ; 2.38 V              ; -0.0144 V           ; 0.227 V                              ; 0.024 V                              ; 3.14e-10 s                  ; 3.39e-10 s                  ; Yes                        ; Yes                        ; 2.32 V                      ; 3.07e-09 V                  ; 2.38 V             ; -0.0144 V          ; 0.227 V                             ; 0.024 V                             ; 3.14e-10 s                 ; 3.39e-10 s                 ; Yes                       ; Yes                       ;
; VGA_VS        ; 2.5 V        ; 0 s                 ; 0 s                 ; 2.32 V                       ; 4.49e-09 V                   ; 2.38 V              ; -0.00552 V          ; 0.096 V                              ; 0.019 V                              ; 4.18e-10 s                  ; 3.59e-10 s                  ; No                         ; Yes                        ; 2.32 V                      ; 4.49e-09 V                  ; 2.38 V             ; -0.00552 V         ; 0.096 V                             ; 0.019 V                             ; 4.18e-10 s                 ; 3.59e-10 s                 ; No                        ; Yes                       ;
; VGA_R[0]      ; 2.5 V        ; 0 s                 ; 0 s                 ; 2.32 V                       ; 4.49e-09 V                   ; 2.38 V              ; -0.00552 V          ; 0.096 V                              ; 0.019 V                              ; 4.18e-10 s                  ; 3.59e-10 s                  ; No                         ; Yes                        ; 2.32 V                      ; 4.49e-09 V                  ; 2.38 V             ; -0.00552 V         ; 0.096 V                             ; 0.019 V                             ; 4.18e-10 s                 ; 3.59e-10 s                 ; No                        ; Yes                       ;
; VGA_R[1]      ; 2.5 V        ; 0 s                 ; 0 s                 ; 2.32 V                       ; 4.49e-09 V                   ; 2.38 V              ; -0.00552 V          ; 0.096 V                              ; 0.019 V                              ; 4.18e-10 s                  ; 3.59e-10 s                  ; No                         ; Yes                        ; 2.32 V                      ; 4.49e-09 V                  ; 2.38 V             ; -0.00552 V         ; 0.096 V                             ; 0.019 V                             ; 4.18e-10 s                 ; 3.59e-10 s                 ; No                        ; Yes                       ;
; VGA_R[2]      ; 2.5 V        ; 0 s                 ; 0 s                 ; 2.32 V                       ; 4.49e-09 V                   ; 2.38 V              ; -0.00552 V          ; 0.096 V                              ; 0.019 V                              ; 4.18e-10 s                  ; 3.59e-10 s                  ; No                         ; Yes                        ; 2.32 V                      ; 4.49e-09 V                  ; 2.38 V             ; -0.00552 V         ; 0.096 V                             ; 0.019 V                             ; 4.18e-10 s                 ; 3.59e-10 s                 ; No                        ; Yes                       ;
; VGA_R[3]      ; 2.5 V        ; 0 s                 ; 0 s                 ; 2.32 V                       ; 4.49e-09 V                   ; 2.38 V              ; -0.00552 V          ; 0.096 V                              ; 0.019 V                              ; 4.18e-10 s                  ; 3.59e-10 s                  ; No                         ; Yes                        ; 2.32 V                      ; 4.49e-09 V                  ; 2.38 V             ; -0.00552 V         ; 0.096 V                             ; 0.019 V                             ; 4.18e-10 s                 ; 3.59e-10 s                 ; No                        ; Yes                       ;
; VGA_R[4]      ; 2.5 V        ; 0 s                 ; 0 s                 ; 2.32 V                       ; 4.49e-09 V                   ; 2.38 V              ; -0.00552 V          ; 0.096 V                              ; 0.019 V                              ; 4.18e-10 s                  ; 3.59e-10 s                  ; No                         ; Yes                        ; 2.32 V                      ; 4.49e-09 V                  ; 2.38 V             ; -0.00552 V         ; 0.096 V                             ; 0.019 V                             ; 4.18e-10 s                 ; 3.59e-10 s                 ; No                        ; Yes                       ;
; VGA_R[5]      ; 2.5 V        ; 0 s                 ; 0 s                 ; 2.32 V                       ; 4.49e-09 V                   ; 2.33 V              ; -0.00467 V          ; 0.226 V                              ; 0.087 V                              ; 2.91e-09 s                  ; 2.74e-09 s                  ; Yes                        ; Yes                        ; 2.32 V                      ; 4.49e-09 V                  ; 2.33 V             ; -0.00467 V         ; 0.226 V                             ; 0.087 V                             ; 2.91e-09 s                 ; 2.74e-09 s                 ; Yes                       ; Yes                       ;
; VGA_R[6]      ; 2.5 V        ; 0 s                 ; 0 s                 ; 2.32 V                       ; 4.49e-09 V                   ; 2.38 V              ; -0.00552 V          ; 0.096 V                              ; 0.019 V                              ; 4.18e-10 s                  ; 3.59e-10 s                  ; No                         ; Yes                        ; 2.32 V                      ; 4.49e-09 V                  ; 2.38 V             ; -0.00552 V         ; 0.096 V                             ; 0.019 V                             ; 4.18e-10 s                 ; 3.59e-10 s                 ; No                        ; Yes                       ;
; VGA_R[7]      ; 2.5 V        ; 0 s                 ; 0 s                 ; 2.32 V                       ; 4.49e-09 V                   ; 2.38 V              ; -0.00552 V          ; 0.096 V                              ; 0.019 V                              ; 4.18e-10 s                  ; 3.59e-10 s                  ; No                         ; Yes                        ; 2.32 V                      ; 4.49e-09 V                  ; 2.38 V             ; -0.00552 V         ; 0.096 V                             ; 0.019 V                             ; 4.18e-10 s                 ; 3.59e-10 s                 ; No                        ; Yes                       ;
; VGA_G[0]      ; 2.5 V        ; 0 s                 ; 0 s                 ; 2.32 V                       ; 4.49e-09 V                   ; 2.38 V              ; -0.00552 V          ; 0.096 V                              ; 0.019 V                              ; 4.18e-10 s                  ; 3.59e-10 s                  ; No                         ; Yes                        ; 2.32 V                      ; 4.49e-09 V                  ; 2.38 V             ; -0.00552 V         ; 0.096 V                             ; 0.019 V                             ; 4.18e-10 s                 ; 3.59e-10 s                 ; No                        ; Yes                       ;
; VGA_G[1]      ; 2.5 V        ; 0 s                 ; 0 s                 ; 2.32 V                       ; 4.49e-09 V                   ; 2.38 V              ; -0.00552 V          ; 0.096 V                              ; 0.019 V                              ; 4.18e-10 s                  ; 3.59e-10 s                  ; No                         ; Yes                        ; 2.32 V                      ; 4.49e-09 V                  ; 2.38 V             ; -0.00552 V         ; 0.096 V                             ; 0.019 V                             ; 4.18e-10 s                 ; 3.59e-10 s                 ; No                        ; Yes                       ;
; VGA_G[2]      ; 2.5 V        ; 0 s                 ; 0 s                 ; 2.32 V                       ; 4.49e-09 V                   ; 2.38 V              ; -0.00552 V          ; 0.096 V                              ; 0.019 V                              ; 4.18e-10 s                  ; 3.59e-10 s                  ; No                         ; Yes                        ; 2.32 V                      ; 4.49e-09 V                  ; 2.38 V             ; -0.00552 V         ; 0.096 V                             ; 0.019 V                             ; 4.18e-10 s                 ; 3.59e-10 s                 ; No                        ; Yes                       ;
; VGA_G[3]      ; 2.5 V        ; 0 s                 ; 0 s                 ; 2.32 V                       ; 4.49e-09 V                   ; 2.33 V              ; -0.00467 V          ; 0.226 V                              ; 0.087 V                              ; 2.91e-09 s                  ; 2.74e-09 s                  ; Yes                        ; Yes                        ; 2.32 V                      ; 4.49e-09 V                  ; 2.33 V             ; -0.00467 V         ; 0.226 V                             ; 0.087 V                             ; 2.91e-09 s                 ; 2.74e-09 s                 ; Yes                       ; Yes                       ;
; VGA_G[4]      ; 2.5 V        ; 0 s                 ; 0 s                 ; 2.32 V                       ; 4.49e-09 V                   ; 2.38 V              ; -0.00552 V          ; 0.096 V                              ; 0.019 V                              ; 4.18e-10 s                  ; 3.59e-10 s                  ; No                         ; Yes                        ; 2.32 V                      ; 4.49e-09 V                  ; 2.38 V             ; -0.00552 V         ; 0.096 V                             ; 0.019 V                             ; 4.18e-10 s                 ; 3.59e-10 s                 ; No                        ; Yes                       ;
; VGA_G[5]      ; 2.5 V        ; 0 s                 ; 0 s                 ; 2.32 V                       ; 4.49e-09 V                   ; 2.38 V              ; -0.00552 V          ; 0.096 V                              ; 0.019 V                              ; 4.18e-10 s                  ; 3.59e-10 s                  ; No                         ; Yes                        ; 2.32 V                      ; 4.49e-09 V                  ; 2.38 V             ; -0.00552 V         ; 0.096 V                             ; 0.019 V                             ; 4.18e-10 s                 ; 3.59e-10 s                 ; No                        ; Yes                       ;
; VGA_G[6]      ; 2.5 V        ; 0 s                 ; 0 s                 ; 2.32 V                       ; 4.49e-09 V                   ; 2.38 V              ; -0.00552 V          ; 0.096 V                              ; 0.019 V                              ; 4.18e-10 s                  ; 3.59e-10 s                  ; No                         ; Yes                        ; 2.32 V                      ; 4.49e-09 V                  ; 2.38 V             ; -0.00552 V         ; 0.096 V                             ; 0.019 V                             ; 4.18e-10 s                 ; 3.59e-10 s                 ; No                        ; Yes                       ;
; VGA_G[7]      ; 2.5 V        ; 0 s                 ; 0 s                 ; 2.32 V                       ; 4.49e-09 V                   ; 2.38 V              ; -0.00552 V          ; 0.096 V                              ; 0.019 V                              ; 4.18e-10 s                  ; 3.59e-10 s                  ; No                         ; Yes                        ; 2.32 V                      ; 4.49e-09 V                  ; 2.38 V             ; -0.00552 V         ; 0.096 V                             ; 0.019 V                             ; 4.18e-10 s                 ; 3.59e-10 s                 ; No                        ; Yes                       ;
; VGA_B[0]      ; 2.5 V        ; 0 s                 ; 0 s                 ; 2.32 V                       ; 3.07e-09 V                   ; 2.38 V              ; -0.0144 V           ; 0.227 V                              ; 0.024 V                              ; 3.14e-10 s                  ; 3.39e-10 s                  ; Yes                        ; Yes                        ; 2.32 V                      ; 3.07e-09 V                  ; 2.38 V             ; -0.0144 V          ; 0.227 V                             ; 0.024 V                             ; 3.14e-10 s                 ; 3.39e-10 s                 ; Yes                       ; Yes                       ;
; VGA_B[1]      ; 2.5 V        ; 0 s                 ; 0 s                 ; 2.32 V                       ; 4.49e-09 V                   ; 2.38 V              ; -0.00552 V          ; 0.096 V                              ; 0.019 V                              ; 4.18e-10 s                  ; 3.59e-10 s                  ; No                         ; Yes                        ; 2.32 V                      ; 4.49e-09 V                  ; 2.38 V             ; -0.00552 V         ; 0.096 V                             ; 0.019 V                             ; 4.18e-10 s                 ; 3.59e-10 s                 ; No                        ; Yes                       ;
; VGA_B[2]      ; 2.5 V        ; 0 s                 ; 0 s                 ; 2.32 V                       ; 4.49e-09 V                   ; 2.38 V              ; -0.00552 V          ; 0.096 V                              ; 0.019 V                              ; 4.18e-10 s                  ; 3.59e-10 s                  ; No                         ; Yes                        ; 2.32 V                      ; 4.49e-09 V                  ; 2.38 V             ; -0.00552 V         ; 0.096 V                             ; 0.019 V                             ; 4.18e-10 s                 ; 3.59e-10 s                 ; No                        ; Yes                       ;
; VGA_B[3]      ; 2.5 V        ; 0 s                 ; 0 s                 ; 2.32 V                       ; 4.49e-09 V                   ; 2.38 V              ; -0.00552 V          ; 0.096 V                              ; 0.019 V                              ; 4.18e-10 s                  ; 3.59e-10 s                  ; No                         ; Yes                        ; 2.32 V                      ; 4.49e-09 V                  ; 2.38 V             ; -0.00552 V         ; 0.096 V                             ; 0.019 V                             ; 4.18e-10 s                 ; 3.59e-10 s                 ; No                        ; Yes                       ;
; VGA_B[4]      ; 2.5 V        ; 0 s                 ; 0 s                 ; 2.32 V                       ; 4.49e-09 V                   ; 2.38 V              ; -0.00552 V          ; 0.096 V                              ; 0.019 V                              ; 4.18e-10 s                  ; 3.59e-10 s                  ; No                         ; Yes                        ; 2.32 V                      ; 4.49e-09 V                  ; 2.38 V             ; -0.00552 V         ; 0.096 V                             ; 0.019 V                             ; 4.18e-10 s                 ; 3.59e-10 s                 ; No                        ; Yes                       ;
; VGA_B[5]      ; 2.5 V        ; 0 s                 ; 0 s                 ; 2.32 V                       ; 4.49e-09 V                   ; 2.38 V              ; -0.00552 V          ; 0.096 V                              ; 0.019 V                              ; 4.18e-10 s                  ; 3.59e-10 s                  ; No                         ; Yes                        ; 2.32 V                      ; 4.49e-09 V                  ; 2.38 V             ; -0.00552 V         ; 0.096 V                             ; 0.019 V                             ; 4.18e-10 s                 ; 3.59e-10 s                 ; No                        ; Yes                       ;
; VGA_B[6]      ; 2.5 V        ; 0 s                 ; 0 s                 ; 2.32 V                       ; 4.49e-09 V                   ; 2.38 V              ; -0.00552 V          ; 0.096 V                              ; 0.019 V                              ; 4.18e-10 s                  ; 3.59e-10 s                  ; No                         ; Yes                        ; 2.32 V                      ; 4.49e-09 V                  ; 2.38 V             ; -0.00552 V         ; 0.096 V                             ; 0.019 V                             ; 4.18e-10 s                 ; 3.59e-10 s                 ; No                        ; Yes                       ;
; VGA_B[7]      ; 2.5 V        ; 0 s                 ; 0 s                 ; 2.32 V                       ; 4.49e-09 V                   ; 2.38 V              ; -0.00552 V          ; 0.096 V                              ; 0.019 V                              ; 4.18e-10 s                  ; 3.59e-10 s                  ; No                         ; Yes                        ; 2.32 V                      ; 4.49e-09 V                  ; 2.38 V             ; -0.00552 V         ; 0.096 V                             ; 0.019 V                             ; 4.18e-10 s                 ; 3.59e-10 s                 ; No                        ; Yes                       ;
; VGA_BLANK_N   ; 2.5 V        ; 0 s                 ; 0 s                 ; 2.32 V                       ; 4.49e-09 V                   ; 2.38 V              ; -0.00552 V          ; 0.096 V                              ; 0.019 V                              ; 4.18e-10 s                  ; 3.59e-10 s                  ; No                         ; Yes                        ; 2.32 V                      ; 4.49e-09 V                  ; 2.38 V             ; -0.00552 V         ; 0.096 V                             ; 0.019 V                             ; 4.18e-10 s                 ; 3.59e-10 s                 ; No                        ; Yes                       ;
; VGA_SYNC_N    ; 2.5 V        ; 0 s                 ; 0 s                 ; 2.32 V                       ; 4.49e-09 V                   ; 2.38 V              ; -0.00552 V          ; 0.096 V                              ; 0.019 V                              ; 4.18e-10 s                  ; 3.59e-10 s                  ; No                         ; Yes                        ; 2.32 V                      ; 4.49e-09 V                  ; 2.38 V             ; -0.00552 V         ; 0.096 V                             ; 0.019 V                             ; 4.18e-10 s                 ; 3.59e-10 s                 ; No                        ; Yes                       ;
; HEX0[0]       ; 2.5 V        ; 0 s                 ; 0 s                 ; 2.32 V                       ; 4.49e-09 V                   ; 2.38 V              ; -0.00552 V          ; 0.096 V                              ; 0.019 V                              ; 4.18e-10 s                  ; 3.59e-10 s                  ; No                         ; Yes                        ; 2.32 V                      ; 4.49e-09 V                  ; 2.38 V             ; -0.00552 V         ; 0.096 V                             ; 0.019 V                             ; 4.18e-10 s                 ; 3.59e-10 s                 ; No                        ; Yes                       ;
; HEX0[1]       ; 2.5 V        ; 0 s                 ; 0 s                 ; 2.32 V                       ; 4.49e-09 V                   ; 2.38 V              ; -0.00552 V          ; 0.096 V                              ; 0.019 V                              ; 4.18e-10 s                  ; 3.59e-10 s                  ; No                         ; Yes                        ; 2.32 V                      ; 4.49e-09 V                  ; 2.38 V             ; -0.00552 V         ; 0.096 V                             ; 0.019 V                             ; 4.18e-10 s                 ; 3.59e-10 s                 ; No                        ; Yes                       ;
; HEX0[2]       ; 2.5 V        ; 0 s                 ; 0 s                 ; 2.32 V                       ; 3.07e-09 V                   ; 2.37 V              ; -0.00994 V          ; 0.186 V                              ; 0.028 V                              ; 4.98e-10 s                  ; 4.96e-10 s                  ; Yes                        ; Yes                        ; 2.32 V                      ; 3.07e-09 V                  ; 2.37 V             ; -0.00994 V         ; 0.186 V                             ; 0.028 V                             ; 4.98e-10 s                 ; 4.96e-10 s                 ; Yes                       ; Yes                       ;
; HEX0[3]       ; 2.5 V        ; 0 s                 ; 0 s                 ; 2.32 V                       ; 3.07e-09 V                   ; 2.38 V              ; -0.0144 V           ; 0.227 V                              ; 0.024 V                              ; 3.14e-10 s                  ; 3.39e-10 s                  ; Yes                        ; Yes                        ; 2.32 V                      ; 3.07e-09 V                  ; 2.38 V             ; -0.0144 V          ; 0.227 V                             ; 0.024 V                             ; 3.14e-10 s                 ; 3.39e-10 s                 ; Yes                       ; Yes                       ;
; HEX0[4]       ; 2.5 V        ; 0 s                 ; 0 s                 ; 2.32 V                       ; 3.07e-09 V                   ; 2.37 V              ; -0.00994 V          ; 0.186 V                              ; 0.028 V                              ; 4.98e-10 s                  ; 4.96e-10 s                  ; Yes                        ; Yes                        ; 2.32 V                      ; 3.07e-09 V                  ; 2.37 V             ; -0.00994 V         ; 0.186 V                             ; 0.028 V                             ; 4.98e-10 s                 ; 4.96e-10 s                 ; Yes                       ; Yes                       ;
; HEX0[5]       ; 2.5 V        ; 0 s                 ; 0 s                 ; 2.32 V                       ; 4.49e-09 V                   ; 2.38 V              ; -0.00552 V          ; 0.096 V                              ; 0.019 V                              ; 4.18e-10 s                  ; 3.59e-10 s                  ; No                         ; Yes                        ; 2.32 V                      ; 4.49e-09 V                  ; 2.38 V             ; -0.00552 V         ; 0.096 V                             ; 0.019 V                             ; 4.18e-10 s                 ; 3.59e-10 s                 ; No                        ; Yes                       ;
; HEX0[6]       ; 2.5 V        ; 0 s                 ; 0 s                 ; 2.32 V                       ; 4.49e-09 V                   ; 2.38 V              ; -0.00552 V          ; 0.096 V                              ; 0.019 V                              ; 4.18e-10 s                  ; 3.59e-10 s                  ; No                         ; Yes                        ; 2.32 V                      ; 4.49e-09 V                  ; 2.38 V             ; -0.00552 V         ; 0.096 V                             ; 0.019 V                             ; 4.18e-10 s                 ; 3.59e-10 s                 ; No                        ; Yes                       ;
; HEX1[0]       ; 2.5 V        ; 0 s                 ; 0 s                 ; 2.32 V                       ; 3.07e-09 V                   ; 2.37 V              ; -0.00994 V          ; 0.186 V                              ; 0.028 V                              ; 4.98e-10 s                  ; 4.96e-10 s                  ; Yes                        ; Yes                        ; 2.32 V                      ; 3.07e-09 V                  ; 2.37 V             ; -0.00994 V         ; 0.186 V                             ; 0.028 V                             ; 4.98e-10 s                 ; 4.96e-10 s                 ; Yes                       ; Yes                       ;
; HEX1[1]       ; 2.5 V        ; 0 s                 ; 0 s                 ; 2.32 V                       ; 3.07e-09 V                   ; 2.38 V              ; -0.0144 V           ; 0.227 V                              ; 0.024 V                              ; 3.14e-10 s                  ; 3.39e-10 s                  ; Yes                        ; Yes                        ; 2.32 V                      ; 3.07e-09 V                  ; 2.38 V             ; -0.0144 V          ; 0.227 V                             ; 0.024 V                             ; 3.14e-10 s                 ; 3.39e-10 s                 ; Yes                       ; Yes                       ;
; HEX1[2]       ; 2.5 V        ; 0 s                 ; 0 s                 ; 2.32 V                       ; 4.49e-09 V                   ; 2.38 V              ; -0.00552 V          ; 0.096 V                              ; 0.019 V                              ; 4.18e-10 s                  ; 3.59e-10 s                  ; No                         ; Yes                        ; 2.32 V                      ; 4.49e-09 V                  ; 2.38 V             ; -0.00552 V         ; 0.096 V                             ; 0.019 V                             ; 4.18e-10 s                 ; 3.59e-10 s                 ; No                        ; Yes                       ;
; HEX1[3]       ; 2.5 V        ; 0 s                 ; 0 s                 ; 2.32 V                       ; 3.07e-09 V                   ; 2.37 V              ; -0.00994 V          ; 0.186 V                              ; 0.028 V                              ; 4.98e-10 s                  ; 4.96e-10 s                  ; Yes                        ; Yes                        ; 2.32 V                      ; 3.07e-09 V                  ; 2.37 V             ; -0.00994 V         ; 0.186 V                             ; 0.028 V                             ; 4.98e-10 s                 ; 4.96e-10 s                 ; Yes                       ; Yes                       ;
; HEX1[4]       ; 2.5 V        ; 0 s                 ; 0 s                 ; 2.32 V                       ; 3.07e-09 V                   ; 2.37 V              ; -0.00994 V          ; 0.186 V                              ; 0.028 V                              ; 4.98e-10 s                  ; 4.96e-10 s                  ; Yes                        ; Yes                        ; 2.32 V                      ; 3.07e-09 V                  ; 2.37 V             ; -0.00994 V         ; 0.186 V                             ; 0.028 V                             ; 4.98e-10 s                 ; 4.96e-10 s                 ; Yes                       ; Yes                       ;
; HEX1[5]       ; 2.5 V        ; 0 s                 ; 0 s                 ; 2.32 V                       ; 4.49e-09 V                   ; 2.38 V              ; -0.00552 V          ; 0.096 V                              ; 0.019 V                              ; 4.18e-10 s                  ; 3.59e-10 s                  ; No                         ; Yes                        ; 2.32 V                      ; 4.49e-09 V                  ; 2.38 V             ; -0.00552 V         ; 0.096 V                             ; 0.019 V                             ; 4.18e-10 s                 ; 3.59e-10 s                 ; No                        ; Yes                       ;
; HEX1[6]       ; 2.5 V        ; 0 s                 ; 0 s                 ; 2.32 V                       ; 4.49e-09 V                   ; 2.38 V              ; -0.00552 V          ; 0.096 V                              ; 0.019 V                              ; 4.18e-10 s                  ; 3.59e-10 s                  ; No                         ; Yes                        ; 2.32 V                      ; 4.49e-09 V                  ; 2.38 V             ; -0.00552 V         ; 0.096 V                             ; 0.019 V                             ; 4.18e-10 s                 ; 3.59e-10 s                 ; No                        ; Yes                       ;
; HEX2[0]       ; 2.5 V        ; 0 s                 ; 0 s                 ; 2.32 V                       ; 4.49e-09 V                   ; 2.38 V              ; -0.00552 V          ; 0.096 V                              ; 0.019 V                              ; 4.18e-10 s                  ; 3.59e-10 s                  ; No                         ; Yes                        ; 2.32 V                      ; 4.49e-09 V                  ; 2.38 V             ; -0.00552 V         ; 0.096 V                             ; 0.019 V                             ; 4.18e-10 s                 ; 3.59e-10 s                 ; No                        ; Yes                       ;
; HEX2[1]       ; 2.5 V        ; 0 s                 ; 0 s                 ; 2.32 V                       ; 4.49e-09 V                   ; 2.38 V              ; -0.00552 V          ; 0.096 V                              ; 0.019 V                              ; 4.18e-10 s                  ; 3.59e-10 s                  ; No                         ; Yes                        ; 2.32 V                      ; 4.49e-09 V                  ; 2.38 V             ; -0.00552 V         ; 0.096 V                             ; 0.019 V                             ; 4.18e-10 s                 ; 3.59e-10 s                 ; No                        ; Yes                       ;
; HEX2[2]       ; 2.5 V        ; 0 s                 ; 0 s                 ; 2.32 V                       ; 3.07e-09 V                   ; 2.37 V              ; -0.00994 V          ; 0.186 V                              ; 0.028 V                              ; 4.98e-10 s                  ; 4.96e-10 s                  ; Yes                        ; Yes                        ; 2.32 V                      ; 3.07e-09 V                  ; 2.37 V             ; -0.00994 V         ; 0.186 V                             ; 0.028 V                             ; 4.98e-10 s                 ; 4.96e-10 s                 ; Yes                       ; Yes                       ;
; HEX2[3]       ; 2.5 V        ; 0 s                 ; 0 s                 ; 2.32 V                       ; 4.49e-09 V                   ; 2.38 V              ; -0.00552 V          ; 0.096 V                              ; 0.019 V                              ; 4.18e-10 s                  ; 3.59e-10 s                  ; No                         ; Yes                        ; 2.32 V                      ; 4.49e-09 V                  ; 2.38 V             ; -0.00552 V         ; 0.096 V                             ; 0.019 V                             ; 4.18e-10 s                 ; 3.59e-10 s                 ; No                        ; Yes                       ;
; HEX2[4]       ; 2.5 V        ; 0 s                 ; 0 s                 ; 2.32 V                       ; 3.07e-09 V                   ; 2.37 V              ; -0.00994 V          ; 0.186 V                              ; 0.028 V                              ; 4.98e-10 s                  ; 4.96e-10 s                  ; Yes                        ; Yes                        ; 2.32 V                      ; 3.07e-09 V                  ; 2.37 V             ; -0.00994 V         ; 0.186 V                             ; 0.028 V                             ; 4.98e-10 s                 ; 4.96e-10 s                 ; Yes                       ; Yes                       ;
; HEX2[5]       ; 2.5 V        ; 0 s                 ; 0 s                 ; 2.32 V                       ; 4.49e-09 V                   ; 2.38 V              ; -0.00552 V          ; 0.096 V                              ; 0.019 V                              ; 4.18e-10 s                  ; 3.59e-10 s                  ; No                         ; Yes                        ; 2.32 V                      ; 4.49e-09 V                  ; 2.38 V             ; -0.00552 V         ; 0.096 V                             ; 0.019 V                             ; 4.18e-10 s                 ; 3.59e-10 s                 ; No                        ; Yes                       ;
; HEX2[6]       ; 2.5 V        ; 0 s                 ; 0 s                 ; 2.32 V                       ; 3.07e-09 V                   ; 2.37 V              ; -0.00994 V          ; 0.186 V                              ; 0.028 V                              ; 4.98e-10 s                  ; 4.96e-10 s                  ; Yes                        ; Yes                        ; 2.32 V                      ; 3.07e-09 V                  ; 2.37 V             ; -0.00994 V         ; 0.186 V                             ; 0.028 V                             ; 4.98e-10 s                 ; 4.96e-10 s                 ; Yes                       ; Yes                       ;
; HEX3[0]       ; 2.5 V        ; 0 s                 ; 0 s                 ; 2.32 V                       ; 4.49e-09 V                   ; 2.38 V              ; -0.00552 V          ; 0.096 V                              ; 0.019 V                              ; 4.18e-10 s                  ; 3.59e-10 s                  ; No                         ; Yes                        ; 2.32 V                      ; 4.49e-09 V                  ; 2.38 V             ; -0.00552 V         ; 0.096 V                             ; 0.019 V                             ; 4.18e-10 s                 ; 3.59e-10 s                 ; No                        ; Yes                       ;
; HEX3[1]       ; 2.5 V        ; 0 s                 ; 0 s                 ; 2.32 V                       ; 3.07e-09 V                   ; 2.37 V              ; -0.00994 V          ; 0.186 V                              ; 0.028 V                              ; 4.98e-10 s                  ; 4.96e-10 s                  ; Yes                        ; Yes                        ; 2.32 V                      ; 3.07e-09 V                  ; 2.37 V             ; -0.00994 V         ; 0.186 V                             ; 0.028 V                             ; 4.98e-10 s                 ; 4.96e-10 s                 ; Yes                       ; Yes                       ;
; HEX3[2]       ; 2.5 V        ; 0 s                 ; 0 s                 ; 2.32 V                       ; 3.07e-09 V                   ; 2.37 V              ; -0.00994 V          ; 0.186 V                              ; 0.028 V                              ; 4.98e-10 s                  ; 4.96e-10 s                  ; Yes                        ; Yes                        ; 2.32 V                      ; 3.07e-09 V                  ; 2.37 V             ; -0.00994 V         ; 0.186 V                             ; 0.028 V                             ; 4.98e-10 s                 ; 4.96e-10 s                 ; Yes                       ; Yes                       ;
; HEX3[3]       ; 2.5 V        ; 0 s                 ; 0 s                 ; 2.32 V                       ; 4.49e-09 V                   ; 2.38 V              ; -0.00552 V          ; 0.096 V                              ; 0.019 V                              ; 4.18e-10 s                  ; 3.59e-10 s                  ; No                         ; Yes                        ; 2.32 V                      ; 4.49e-09 V                  ; 2.38 V             ; -0.00552 V         ; 0.096 V                             ; 0.019 V                             ; 4.18e-10 s                 ; 3.59e-10 s                 ; No                        ; Yes                       ;
; HEX3[4]       ; 2.5 V        ; 0 s                 ; 0 s                 ; 2.32 V                       ; 4.49e-09 V                   ; 2.38 V              ; -0.00552 V          ; 0.096 V                              ; 0.019 V                              ; 4.18e-10 s                  ; 3.59e-10 s                  ; No                         ; Yes                        ; 2.32 V                      ; 4.49e-09 V                  ; 2.38 V             ; -0.00552 V         ; 0.096 V                             ; 0.019 V                             ; 4.18e-10 s                 ; 3.59e-10 s                 ; No                        ; Yes                       ;
; HEX3[5]       ; 2.5 V        ; 0 s                 ; 0 s                 ; 2.32 V                       ; 3.07e-09 V                   ; 2.37 V              ; -0.00994 V          ; 0.186 V                              ; 0.028 V                              ; 4.98e-10 s                  ; 4.96e-10 s                  ; Yes                        ; Yes                        ; 2.32 V                      ; 3.07e-09 V                  ; 2.37 V             ; -0.00994 V         ; 0.186 V                             ; 0.028 V                             ; 4.98e-10 s                 ; 4.96e-10 s                 ; Yes                       ; Yes                       ;
; HEX3[6]       ; 2.5 V        ; 0 s                 ; 0 s                 ; 2.32 V                       ; 4.49e-09 V                   ; 2.38 V              ; -0.00552 V          ; 0.096 V                              ; 0.019 V                              ; 4.18e-10 s                  ; 3.59e-10 s                  ; No                         ; Yes                        ; 2.32 V                      ; 4.49e-09 V                  ; 2.38 V             ; -0.00552 V         ; 0.096 V                             ; 0.019 V                             ; 4.18e-10 s                 ; 3.59e-10 s                 ; No                        ; Yes                       ;
; ~ALTERA_DCLK~ ; 2.5 V        ; 0 s                 ; 0 s                 ; 2.32 V                       ; 2.67e-09 V                   ; 2.38 V              ; -0.0485 V           ; 0.167 V                              ; 0.096 V                              ; 2.95e-10 s                  ; 2.73e-10 s                  ; Yes                        ; Yes                        ; 2.32 V                      ; 2.67e-09 V                  ; 2.38 V             ; -0.0485 V          ; 0.167 V                             ; 0.096 V                             ; 2.95e-10 s                 ; 2.73e-10 s                 ; Yes                       ; Yes                       ;
; ~ALTERA_nCEO~ ; 2.5 V        ; 0 s                 ; 0 s                 ; 2.32 V                       ; 4.18e-09 V                   ; 2.38 V              ; -0.00483 V          ; 0.152 V                              ; 0.012 V                              ; 4.81e-10 s                  ; 6.29e-10 s                  ; Yes                        ; Yes                        ; 2.32 V                      ; 4.18e-09 V                  ; 2.38 V             ; -0.00483 V         ; 0.152 V                             ; 0.012 V                             ; 4.81e-10 s                 ; 6.29e-10 s                 ; Yes                       ; Yes                       ;
+---------------+--------------+---------------------+---------------------+------------------------------+------------------------------+---------------------+---------------------+--------------------------------------+--------------------------------------+-----------------------------+-----------------------------+----------------------------+----------------------------+-----------------------------+-----------------------------+--------------------+--------------------+-------------------------------------+-------------------------------------+----------------------------+----------------------------+---------------------------+---------------------------+


+--------------------------------------------------------------------------------------------------------------------------------------------------------------------------------------------------------------------------------------------------------------------------------------------------------------------------------------------------------------------------------------------------------------------------------------------------------------------------------------------------------------------------------------------------------------------------------------------------------------------------------------------------------------------------------------------+
; Signal Integrity Metrics (Slow 1200mv 85c Model)                                                                                                                                                                                                                                                                                                                                                                                                                                                                                                                                                                                                                                           ;
+---------------+--------------+---------------------+---------------------+------------------------------+------------------------------+---------------------+---------------------+--------------------------------------+--------------------------------------+-----------------------------+-----------------------------+----------------------------+----------------------------+-----------------------------+-----------------------------+--------------------+--------------------+-------------------------------------+-------------------------------------+----------------------------+----------------------------+---------------------------+---------------------------+
; Pin           ; I/O Standard ; Board Delay on Rise ; Board Delay on Fall ; Steady State Voh at FPGA Pin ; Steady State Vol at FPGA Pin ; Voh Max at FPGA Pin ; Vol Min at FPGA Pin ; Ringback Voltage on Rise at FPGA Pin ; Ringback Voltage on Fall at FPGA Pin ; 10-90 Rise Time at FPGA Pin ; 90-10 Fall Time at FPGA Pin ; Monotonic Rise at FPGA Pin ; Monotonic Fall at FPGA Pin ; Steady State Voh at Far-end ; Steady State Vol at Far-end ; Voh Max at Far-end ; Vol Min at Far-end ; Ringback Voltage on Rise at Far-end ; Ringback Voltage on Fall at Far-end ; 10-90 Rise Time at Far-end ; 90-10 Fall Time at Far-end ; Monotonic Rise at Far-end ; Monotonic Fall at Far-end ;
+---------------+--------------+---------------------+---------------------+------------------------------+------------------------------+---------------------+---------------------+--------------------------------------+--------------------------------------+-----------------------------+-----------------------------+----------------------------+----------------------------+-----------------------------+-----------------------------+--------------------+--------------------+-------------------------------------+-------------------------------------+----------------------------+----------------------------+---------------------------+---------------------------+
; VGA_CLK       ; 2.5 V        ; 0 s                 ; 0 s                 ; 2.32 V                       ; 6.92e-07 V                   ; 2.35 V              ; -0.00996 V          ; 0.121 V                              ; 0.03 V                               ; 4.64e-10 s                  ; 4.47e-10 s                  ; Yes                        ; Yes                        ; 2.32 V                      ; 6.92e-07 V                  ; 2.35 V             ; -0.00996 V         ; 0.121 V                             ; 0.03 V                              ; 4.64e-10 s                 ; 4.47e-10 s                 ; Yes                       ; Yes                       ;
; VGA_HS        ; 2.5 V        ; 0 s                 ; 0 s                 ; 2.32 V                       ; 4.67e-07 V                   ; 2.36 V              ; -0.00552 V          ; 0.11 V                               ; 0.007 V                              ; 4.54e-10 s                  ; 4.35e-10 s                  ; Yes                        ; Yes                        ; 2.32 V                      ; 4.67e-07 V                  ; 2.36 V             ; -0.00552 V         ; 0.11 V                              ; 0.007 V                             ; 4.54e-10 s                 ; 4.35e-10 s                 ; Yes                       ; Yes                       ;
; VGA_VS        ; 2.5 V        ; 0 s                 ; 0 s                 ; 2.32 V                       ; 6.92e-07 V                   ; 2.35 V              ; -0.00996 V          ; 0.121 V                              ; 0.03 V                               ; 4.64e-10 s                  ; 4.47e-10 s                  ; Yes                        ; Yes                        ; 2.32 V                      ; 6.92e-07 V                  ; 2.35 V             ; -0.00996 V         ; 0.121 V                             ; 0.03 V                              ; 4.64e-10 s                 ; 4.47e-10 s                 ; Yes                       ; Yes                       ;
; VGA_R[0]      ; 2.5 V        ; 0 s                 ; 0 s                 ; 2.32 V                       ; 6.92e-07 V                   ; 2.35 V              ; -0.00996 V          ; 0.121 V                              ; 0.03 V                               ; 4.64e-10 s                  ; 4.47e-10 s                  ; Yes                        ; Yes                        ; 2.32 V                      ; 6.92e-07 V                  ; 2.35 V             ; -0.00996 V         ; 0.121 V                             ; 0.03 V                              ; 4.64e-10 s                 ; 4.47e-10 s                 ; Yes                       ; Yes                       ;
; VGA_R[1]      ; 2.5 V        ; 0 s                 ; 0 s                 ; 2.32 V                       ; 6.92e-07 V                   ; 2.35 V              ; -0.00996 V          ; 0.121 V                              ; 0.03 V                               ; 4.64e-10 s                  ; 4.47e-10 s                  ; Yes                        ; Yes                        ; 2.32 V                      ; 6.92e-07 V                  ; 2.35 V             ; -0.00996 V         ; 0.121 V                             ; 0.03 V                              ; 4.64e-10 s                 ; 4.47e-10 s                 ; Yes                       ; Yes                       ;
; VGA_R[2]      ; 2.5 V        ; 0 s                 ; 0 s                 ; 2.32 V                       ; 6.92e-07 V                   ; 2.35 V              ; -0.00996 V          ; 0.121 V                              ; 0.03 V                               ; 4.64e-10 s                  ; 4.47e-10 s                  ; Yes                        ; Yes                        ; 2.32 V                      ; 6.92e-07 V                  ; 2.35 V             ; -0.00996 V         ; 0.121 V                             ; 0.03 V                              ; 4.64e-10 s                 ; 4.47e-10 s                 ; Yes                       ; Yes                       ;
; VGA_R[3]      ; 2.5 V        ; 0 s                 ; 0 s                 ; 2.32 V                       ; 6.92e-07 V                   ; 2.35 V              ; -0.00996 V          ; 0.121 V                              ; 0.03 V                               ; 4.64e-10 s                  ; 4.47e-10 s                  ; Yes                        ; Yes                        ; 2.32 V                      ; 6.92e-07 V                  ; 2.35 V             ; -0.00996 V         ; 0.121 V                             ; 0.03 V                              ; 4.64e-10 s                 ; 4.47e-10 s                 ; Yes                       ; Yes                       ;
; VGA_R[4]      ; 2.5 V        ; 0 s                 ; 0 s                 ; 2.32 V                       ; 6.92e-07 V                   ; 2.35 V              ; -0.00996 V          ; 0.121 V                              ; 0.03 V                               ; 4.64e-10 s                  ; 4.47e-10 s                  ; Yes                        ; Yes                        ; 2.32 V                      ; 6.92e-07 V                  ; 2.35 V             ; -0.00996 V         ; 0.121 V                             ; 0.03 V                              ; 4.64e-10 s                 ; 4.47e-10 s                 ; Yes                       ; Yes                       ;
; VGA_R[5]      ; 2.5 V        ; 0 s                 ; 0 s                 ; 2.32 V                       ; 6.92e-07 V                   ; 2.33 V              ; -0.00265 V          ; 0.133 V                              ; 0.056 V                              ; 3.55e-09 s                  ; 3.31e-09 s                  ; Yes                        ; Yes                        ; 2.32 V                      ; 6.92e-07 V                  ; 2.33 V             ; -0.00265 V         ; 0.133 V                             ; 0.056 V                             ; 3.55e-09 s                 ; 3.31e-09 s                 ; Yes                       ; Yes                       ;
; VGA_R[6]      ; 2.5 V        ; 0 s                 ; 0 s                 ; 2.32 V                       ; 6.92e-07 V                   ; 2.35 V              ; -0.00996 V          ; 0.121 V                              ; 0.03 V                               ; 4.64e-10 s                  ; 4.47e-10 s                  ; Yes                        ; Yes                        ; 2.32 V                      ; 6.92e-07 V                  ; 2.35 V             ; -0.00996 V         ; 0.121 V                             ; 0.03 V                              ; 4.64e-10 s                 ; 4.47e-10 s                 ; Yes                       ; Yes                       ;
; VGA_R[7]      ; 2.5 V        ; 0 s                 ; 0 s                 ; 2.32 V                       ; 6.92e-07 V                   ; 2.35 V              ; -0.00996 V          ; 0.121 V                              ; 0.03 V                               ; 4.64e-10 s                  ; 4.47e-10 s                  ; Yes                        ; Yes                        ; 2.32 V                      ; 6.92e-07 V                  ; 2.35 V             ; -0.00996 V         ; 0.121 V                             ; 0.03 V                              ; 4.64e-10 s                 ; 4.47e-10 s                 ; Yes                       ; Yes                       ;
; VGA_G[0]      ; 2.5 V        ; 0 s                 ; 0 s                 ; 2.32 V                       ; 6.92e-07 V                   ; 2.35 V              ; -0.00996 V          ; 0.121 V                              ; 0.03 V                               ; 4.64e-10 s                  ; 4.47e-10 s                  ; Yes                        ; Yes                        ; 2.32 V                      ; 6.92e-07 V                  ; 2.35 V             ; -0.00996 V         ; 0.121 V                             ; 0.03 V                              ; 4.64e-10 s                 ; 4.47e-10 s                 ; Yes                       ; Yes                       ;
; VGA_G[1]      ; 2.5 V        ; 0 s                 ; 0 s                 ; 2.32 V                       ; 6.92e-07 V                   ; 2.35 V              ; -0.00996 V          ; 0.121 V                              ; 0.03 V                               ; 4.64e-10 s                  ; 4.47e-10 s                  ; Yes                        ; Yes                        ; 2.32 V                      ; 6.92e-07 V                  ; 2.35 V             ; -0.00996 V         ; 0.121 V                             ; 0.03 V                              ; 4.64e-10 s                 ; 4.47e-10 s                 ; Yes                       ; Yes                       ;
; VGA_G[2]      ; 2.5 V        ; 0 s                 ; 0 s                 ; 2.32 V                       ; 6.92e-07 V                   ; 2.35 V              ; -0.00996 V          ; 0.121 V                              ; 0.03 V                               ; 4.64e-10 s                  ; 4.47e-10 s                  ; Yes                        ; Yes                        ; 2.32 V                      ; 6.92e-07 V                  ; 2.35 V             ; -0.00996 V         ; 0.121 V                             ; 0.03 V                              ; 4.64e-10 s                 ; 4.47e-10 s                 ; Yes                       ; Yes                       ;
; VGA_G[3]      ; 2.5 V        ; 0 s                 ; 0 s                 ; 2.32 V                       ; 6.92e-07 V                   ; 2.33 V              ; -0.00265 V          ; 0.133 V                              ; 0.056 V                              ; 3.55e-09 s                  ; 3.31e-09 s                  ; Yes                        ; Yes                        ; 2.32 V                      ; 6.92e-07 V                  ; 2.33 V             ; -0.00265 V         ; 0.133 V                             ; 0.056 V                             ; 3.55e-09 s                 ; 3.31e-09 s                 ; Yes                       ; Yes                       ;
; VGA_G[4]      ; 2.5 V        ; 0 s                 ; 0 s                 ; 2.32 V                       ; 6.92e-07 V                   ; 2.35 V              ; -0.00996 V          ; 0.121 V                              ; 0.03 V                               ; 4.64e-10 s                  ; 4.47e-10 s                  ; Yes                        ; Yes                        ; 2.32 V                      ; 6.92e-07 V                  ; 2.35 V             ; -0.00996 V         ; 0.121 V                             ; 0.03 V                              ; 4.64e-10 s                 ; 4.47e-10 s                 ; Yes                       ; Yes                       ;
; VGA_G[5]      ; 2.5 V        ; 0 s                 ; 0 s                 ; 2.32 V                       ; 6.92e-07 V                   ; 2.35 V              ; -0.00996 V          ; 0.121 V                              ; 0.03 V                               ; 4.64e-10 s                  ; 4.47e-10 s                  ; Yes                        ; Yes                        ; 2.32 V                      ; 6.92e-07 V                  ; 2.35 V             ; -0.00996 V         ; 0.121 V                             ; 0.03 V                              ; 4.64e-10 s                 ; 4.47e-10 s                 ; Yes                       ; Yes                       ;
; VGA_G[6]      ; 2.5 V        ; 0 s                 ; 0 s                 ; 2.32 V                       ; 6.92e-07 V                   ; 2.35 V              ; -0.00996 V          ; 0.121 V                              ; 0.03 V                               ; 4.64e-10 s                  ; 4.47e-10 s                  ; Yes                        ; Yes                        ; 2.32 V                      ; 6.92e-07 V                  ; 2.35 V             ; -0.00996 V         ; 0.121 V                             ; 0.03 V                              ; 4.64e-10 s                 ; 4.47e-10 s                 ; Yes                       ; Yes                       ;
; VGA_G[7]      ; 2.5 V        ; 0 s                 ; 0 s                 ; 2.32 V                       ; 6.92e-07 V                   ; 2.35 V              ; -0.00996 V          ; 0.121 V                              ; 0.03 V                               ; 4.64e-10 s                  ; 4.47e-10 s                  ; Yes                        ; Yes                        ; 2.32 V                      ; 6.92e-07 V                  ; 2.35 V             ; -0.00996 V         ; 0.121 V                             ; 0.03 V                              ; 4.64e-10 s                 ; 4.47e-10 s                 ; Yes                       ; Yes                       ;
; VGA_B[0]      ; 2.5 V        ; 0 s                 ; 0 s                 ; 2.32 V                       ; 4.67e-07 V                   ; 2.36 V              ; -0.00552 V          ; 0.11 V                               ; 0.007 V                              ; 4.54e-10 s                  ; 4.35e-10 s                  ; Yes                        ; Yes                        ; 2.32 V                      ; 4.67e-07 V                  ; 2.36 V             ; -0.00552 V         ; 0.11 V                              ; 0.007 V                             ; 4.54e-10 s                 ; 4.35e-10 s                 ; Yes                       ; Yes                       ;
; VGA_B[1]      ; 2.5 V        ; 0 s                 ; 0 s                 ; 2.32 V                       ; 6.92e-07 V                   ; 2.35 V              ; -0.00996 V          ; 0.121 V                              ; 0.03 V                               ; 4.64e-10 s                  ; 4.47e-10 s                  ; Yes                        ; Yes                        ; 2.32 V                      ; 6.92e-07 V                  ; 2.35 V             ; -0.00996 V         ; 0.121 V                             ; 0.03 V                              ; 4.64e-10 s                 ; 4.47e-10 s                 ; Yes                       ; Yes                       ;
; VGA_B[2]      ; 2.5 V        ; 0 s                 ; 0 s                 ; 2.32 V                       ; 6.92e-07 V                   ; 2.35 V              ; -0.00996 V          ; 0.121 V                              ; 0.03 V                               ; 4.64e-10 s                  ; 4.47e-10 s                  ; Yes                        ; Yes                        ; 2.32 V                      ; 6.92e-07 V                  ; 2.35 V             ; -0.00996 V         ; 0.121 V                             ; 0.03 V                              ; 4.64e-10 s                 ; 4.47e-10 s                 ; Yes                       ; Yes                       ;
; VGA_B[3]      ; 2.5 V        ; 0 s                 ; 0 s                 ; 2.32 V                       ; 6.92e-07 V                   ; 2.35 V              ; -0.00996 V          ; 0.121 V                              ; 0.03 V                               ; 4.64e-10 s                  ; 4.47e-10 s                  ; Yes                        ; Yes                        ; 2.32 V                      ; 6.92e-07 V                  ; 2.35 V             ; -0.00996 V         ; 0.121 V                             ; 0.03 V                              ; 4.64e-10 s                 ; 4.47e-10 s                 ; Yes                       ; Yes                       ;
; VGA_B[4]      ; 2.5 V        ; 0 s                 ; 0 s                 ; 2.32 V                       ; 6.92e-07 V                   ; 2.35 V              ; -0.00996 V          ; 0.121 V                              ; 0.03 V                               ; 4.64e-10 s                  ; 4.47e-10 s                  ; Yes                        ; Yes                        ; 2.32 V                      ; 6.92e-07 V                  ; 2.35 V             ; -0.00996 V         ; 0.121 V                             ; 0.03 V                              ; 4.64e-10 s                 ; 4.47e-10 s                 ; Yes                       ; Yes                       ;
; VGA_B[5]      ; 2.5 V        ; 0 s                 ; 0 s                 ; 2.32 V                       ; 6.92e-07 V                   ; 2.35 V              ; -0.00996 V          ; 0.121 V                              ; 0.03 V                               ; 4.64e-10 s                  ; 4.47e-10 s                  ; Yes                        ; Yes                        ; 2.32 V                      ; 6.92e-07 V                  ; 2.35 V             ; -0.00996 V         ; 0.121 V                             ; 0.03 V                              ; 4.64e-10 s                 ; 4.47e-10 s                 ; Yes                       ; Yes                       ;
; VGA_B[6]      ; 2.5 V        ; 0 s                 ; 0 s                 ; 2.32 V                       ; 6.92e-07 V                   ; 2.35 V              ; -0.00996 V          ; 0.121 V                              ; 0.03 V                               ; 4.64e-10 s                  ; 4.47e-10 s                  ; Yes                        ; Yes                        ; 2.32 V                      ; 6.92e-07 V                  ; 2.35 V             ; -0.00996 V         ; 0.121 V                             ; 0.03 V                              ; 4.64e-10 s                 ; 4.47e-10 s                 ; Yes                       ; Yes                       ;
; VGA_B[7]      ; 2.5 V        ; 0 s                 ; 0 s                 ; 2.32 V                       ; 6.92e-07 V                   ; 2.35 V              ; -0.00996 V          ; 0.121 V                              ; 0.03 V                               ; 4.64e-10 s                  ; 4.47e-10 s                  ; Yes                        ; Yes                        ; 2.32 V                      ; 6.92e-07 V                  ; 2.35 V             ; -0.00996 V         ; 0.121 V                             ; 0.03 V                              ; 4.64e-10 s                 ; 4.47e-10 s                 ; Yes                       ; Yes                       ;
; VGA_BLANK_N   ; 2.5 V        ; 0 s                 ; 0 s                 ; 2.32 V                       ; 6.92e-07 V                   ; 2.35 V              ; -0.00996 V          ; 0.121 V                              ; 0.03 V                               ; 4.64e-10 s                  ; 4.47e-10 s                  ; Yes                        ; Yes                        ; 2.32 V                      ; 6.92e-07 V                  ; 2.35 V             ; -0.00996 V         ; 0.121 V                             ; 0.03 V                              ; 4.64e-10 s                 ; 4.47e-10 s                 ; Yes                       ; Yes                       ;
; VGA_SYNC_N    ; 2.5 V        ; 0 s                 ; 0 s                 ; 2.32 V                       ; 6.92e-07 V                   ; 2.35 V              ; -0.00996 V          ; 0.121 V                              ; 0.03 V                               ; 4.64e-10 s                  ; 4.47e-10 s                  ; Yes                        ; Yes                        ; 2.32 V                      ; 6.92e-07 V                  ; 2.35 V             ; -0.00996 V         ; 0.121 V                             ; 0.03 V                              ; 4.64e-10 s                 ; 4.47e-10 s                 ; Yes                       ; Yes                       ;
; HEX0[0]       ; 2.5 V        ; 0 s                 ; 0 s                 ; 2.32 V                       ; 6.92e-07 V                   ; 2.35 V              ; -0.00996 V          ; 0.121 V                              ; 0.03 V                               ; 4.64e-10 s                  ; 4.47e-10 s                  ; Yes                        ; Yes                        ; 2.32 V                      ; 6.92e-07 V                  ; 2.35 V             ; -0.00996 V         ; 0.121 V                             ; 0.03 V                              ; 4.64e-10 s                 ; 4.47e-10 s                 ; Yes                       ; Yes                       ;
; HEX0[1]       ; 2.5 V        ; 0 s                 ; 0 s                 ; 2.32 V                       ; 6.92e-07 V                   ; 2.35 V              ; -0.00996 V          ; 0.121 V                              ; 0.03 V                               ; 4.64e-10 s                  ; 4.47e-10 s                  ; Yes                        ; Yes                        ; 2.32 V                      ; 6.92e-07 V                  ; 2.35 V             ; -0.00996 V         ; 0.121 V                             ; 0.03 V                              ; 4.64e-10 s                 ; 4.47e-10 s                 ; Yes                       ; Yes                       ;
; HEX0[2]       ; 2.5 V        ; 0 s                 ; 0 s                 ; 2.32 V                       ; 4.67e-07 V                   ; 2.35 V              ; -0.00942 V          ; 0.116 V                              ; 0.033 V                              ; 6.66e-10 s                  ; 6.27e-10 s                  ; Yes                        ; Yes                        ; 2.32 V                      ; 4.67e-07 V                  ; 2.35 V             ; -0.00942 V         ; 0.116 V                             ; 0.033 V                             ; 6.66e-10 s                 ; 6.27e-10 s                 ; Yes                       ; Yes                       ;
; HEX0[3]       ; 2.5 V        ; 0 s                 ; 0 s                 ; 2.32 V                       ; 4.67e-07 V                   ; 2.36 V              ; -0.00552 V          ; 0.11 V                               ; 0.007 V                              ; 4.54e-10 s                  ; 4.35e-10 s                  ; Yes                        ; Yes                        ; 2.32 V                      ; 4.67e-07 V                  ; 2.36 V             ; -0.00552 V         ; 0.11 V                              ; 0.007 V                             ; 4.54e-10 s                 ; 4.35e-10 s                 ; Yes                       ; Yes                       ;
; HEX0[4]       ; 2.5 V        ; 0 s                 ; 0 s                 ; 2.32 V                       ; 4.67e-07 V                   ; 2.35 V              ; -0.00942 V          ; 0.116 V                              ; 0.033 V                              ; 6.66e-10 s                  ; 6.27e-10 s                  ; Yes                        ; Yes                        ; 2.32 V                      ; 4.67e-07 V                  ; 2.35 V             ; -0.00942 V         ; 0.116 V                             ; 0.033 V                             ; 6.66e-10 s                 ; 6.27e-10 s                 ; Yes                       ; Yes                       ;
; HEX0[5]       ; 2.5 V        ; 0 s                 ; 0 s                 ; 2.32 V                       ; 6.92e-07 V                   ; 2.35 V              ; -0.00996 V          ; 0.121 V                              ; 0.03 V                               ; 4.64e-10 s                  ; 4.47e-10 s                  ; Yes                        ; Yes                        ; 2.32 V                      ; 6.92e-07 V                  ; 2.35 V             ; -0.00996 V         ; 0.121 V                             ; 0.03 V                              ; 4.64e-10 s                 ; 4.47e-10 s                 ; Yes                       ; Yes                       ;
; HEX0[6]       ; 2.5 V        ; 0 s                 ; 0 s                 ; 2.32 V                       ; 6.92e-07 V                   ; 2.35 V              ; -0.00996 V          ; 0.121 V                              ; 0.03 V                               ; 4.64e-10 s                  ; 4.47e-10 s                  ; Yes                        ; Yes                        ; 2.32 V                      ; 6.92e-07 V                  ; 2.35 V             ; -0.00996 V         ; 0.121 V                             ; 0.03 V                              ; 4.64e-10 s                 ; 4.47e-10 s                 ; Yes                       ; Yes                       ;
; HEX1[0]       ; 2.5 V        ; 0 s                 ; 0 s                 ; 2.32 V                       ; 4.67e-07 V                   ; 2.35 V              ; -0.00942 V          ; 0.116 V                              ; 0.033 V                              ; 6.66e-10 s                  ; 6.27e-10 s                  ; Yes                        ; Yes                        ; 2.32 V                      ; 4.67e-07 V                  ; 2.35 V             ; -0.00942 V         ; 0.116 V                             ; 0.033 V                             ; 6.66e-10 s                 ; 6.27e-10 s                 ; Yes                       ; Yes                       ;
; HEX1[1]       ; 2.5 V        ; 0 s                 ; 0 s                 ; 2.32 V                       ; 4.67e-07 V                   ; 2.36 V              ; -0.00552 V          ; 0.11 V                               ; 0.007 V                              ; 4.54e-10 s                  ; 4.35e-10 s                  ; Yes                        ; Yes                        ; 2.32 V                      ; 4.67e-07 V                  ; 2.36 V             ; -0.00552 V         ; 0.11 V                              ; 0.007 V                             ; 4.54e-10 s                 ; 4.35e-10 s                 ; Yes                       ; Yes                       ;
; HEX1[2]       ; 2.5 V        ; 0 s                 ; 0 s                 ; 2.32 V                       ; 6.92e-07 V                   ; 2.35 V              ; -0.00996 V          ; 0.121 V                              ; 0.03 V                               ; 4.64e-10 s                  ; 4.47e-10 s                  ; Yes                        ; Yes                        ; 2.32 V                      ; 6.92e-07 V                  ; 2.35 V             ; -0.00996 V         ; 0.121 V                             ; 0.03 V                              ; 4.64e-10 s                 ; 4.47e-10 s                 ; Yes                       ; Yes                       ;
; HEX1[3]       ; 2.5 V        ; 0 s                 ; 0 s                 ; 2.32 V                       ; 4.67e-07 V                   ; 2.35 V              ; -0.00942 V          ; 0.116 V                              ; 0.033 V                              ; 6.66e-10 s                  ; 6.27e-10 s                  ; Yes                        ; Yes                        ; 2.32 V                      ; 4.67e-07 V                  ; 2.35 V             ; -0.00942 V         ; 0.116 V                             ; 0.033 V                             ; 6.66e-10 s                 ; 6.27e-10 s                 ; Yes                       ; Yes                       ;
; HEX1[4]       ; 2.5 V        ; 0 s                 ; 0 s                 ; 2.32 V                       ; 4.67e-07 V                   ; 2.35 V              ; -0.00942 V          ; 0.116 V                              ; 0.033 V                              ; 6.66e-10 s                  ; 6.27e-10 s                  ; Yes                        ; Yes                        ; 2.32 V                      ; 4.67e-07 V                  ; 2.35 V             ; -0.00942 V         ; 0.116 V                             ; 0.033 V                             ; 6.66e-10 s                 ; 6.27e-10 s                 ; Yes                       ; Yes                       ;
; HEX1[5]       ; 2.5 V        ; 0 s                 ; 0 s                 ; 2.32 V                       ; 6.92e-07 V                   ; 2.35 V              ; -0.00996 V          ; 0.121 V                              ; 0.03 V                               ; 4.64e-10 s                  ; 4.47e-10 s                  ; Yes                        ; Yes                        ; 2.32 V                      ; 6.92e-07 V                  ; 2.35 V             ; -0.00996 V         ; 0.121 V                             ; 0.03 V                              ; 4.64e-10 s                 ; 4.47e-10 s                 ; Yes                       ; Yes                       ;
; HEX1[6]       ; 2.5 V        ; 0 s                 ; 0 s                 ; 2.32 V                       ; 6.92e-07 V                   ; 2.35 V              ; -0.00996 V          ; 0.121 V                              ; 0.03 V                               ; 4.64e-10 s                  ; 4.47e-10 s                  ; Yes                        ; Yes                        ; 2.32 V                      ; 6.92e-07 V                  ; 2.35 V             ; -0.00996 V         ; 0.121 V                             ; 0.03 V                              ; 4.64e-10 s                 ; 4.47e-10 s                 ; Yes                       ; Yes                       ;
; HEX2[0]       ; 2.5 V        ; 0 s                 ; 0 s                 ; 2.32 V                       ; 6.92e-07 V                   ; 2.35 V              ; -0.00996 V          ; 0.121 V                              ; 0.03 V                               ; 4.64e-10 s                  ; 4.47e-10 s                  ; Yes                        ; Yes                        ; 2.32 V                      ; 6.92e-07 V                  ; 2.35 V             ; -0.00996 V         ; 0.121 V                             ; 0.03 V                              ; 4.64e-10 s                 ; 4.47e-10 s                 ; Yes                       ; Yes                       ;
; HEX2[1]       ; 2.5 V        ; 0 s                 ; 0 s                 ; 2.32 V                       ; 6.92e-07 V                   ; 2.35 V              ; -0.00996 V          ; 0.121 V                              ; 0.03 V                               ; 4.64e-10 s                  ; 4.47e-10 s                  ; Yes                        ; Yes                        ; 2.32 V                      ; 6.92e-07 V                  ; 2.35 V             ; -0.00996 V         ; 0.121 V                             ; 0.03 V                              ; 4.64e-10 s                 ; 4.47e-10 s                 ; Yes                       ; Yes                       ;
; HEX2[2]       ; 2.5 V        ; 0 s                 ; 0 s                 ; 2.32 V                       ; 4.67e-07 V                   ; 2.35 V              ; -0.00942 V          ; 0.116 V                              ; 0.033 V                              ; 6.66e-10 s                  ; 6.27e-10 s                  ; Yes                        ; Yes                        ; 2.32 V                      ; 4.67e-07 V                  ; 2.35 V             ; -0.00942 V         ; 0.116 V                             ; 0.033 V                             ; 6.66e-10 s                 ; 6.27e-10 s                 ; Yes                       ; Yes                       ;
; HEX2[3]       ; 2.5 V        ; 0 s                 ; 0 s                 ; 2.32 V                       ; 6.92e-07 V                   ; 2.35 V              ; -0.00996 V          ; 0.121 V                              ; 0.03 V                               ; 4.64e-10 s                  ; 4.47e-10 s                  ; Yes                        ; Yes                        ; 2.32 V                      ; 6.92e-07 V                  ; 2.35 V             ; -0.00996 V         ; 0.121 V                             ; 0.03 V                              ; 4.64e-10 s                 ; 4.47e-10 s                 ; Yes                       ; Yes                       ;
; HEX2[4]       ; 2.5 V        ; 0 s                 ; 0 s                 ; 2.32 V                       ; 4.67e-07 V                   ; 2.35 V              ; -0.00942 V          ; 0.116 V                              ; 0.033 V                              ; 6.66e-10 s                  ; 6.27e-10 s                  ; Yes                        ; Yes                        ; 2.32 V                      ; 4.67e-07 V                  ; 2.35 V             ; -0.00942 V         ; 0.116 V                             ; 0.033 V                             ; 6.66e-10 s                 ; 6.27e-10 s                 ; Yes                       ; Yes                       ;
; HEX2[5]       ; 2.5 V        ; 0 s                 ; 0 s                 ; 2.32 V                       ; 6.92e-07 V                   ; 2.35 V              ; -0.00996 V          ; 0.121 V                              ; 0.03 V                               ; 4.64e-10 s                  ; 4.47e-10 s                  ; Yes                        ; Yes                        ; 2.32 V                      ; 6.92e-07 V                  ; 2.35 V             ; -0.00996 V         ; 0.121 V                             ; 0.03 V                              ; 4.64e-10 s                 ; 4.47e-10 s                 ; Yes                       ; Yes                       ;
; HEX2[6]       ; 2.5 V        ; 0 s                 ; 0 s                 ; 2.32 V                       ; 4.67e-07 V                   ; 2.35 V              ; -0.00942 V          ; 0.116 V                              ; 0.033 V                              ; 6.66e-10 s                  ; 6.27e-10 s                  ; Yes                        ; Yes                        ; 2.32 V                      ; 4.67e-07 V                  ; 2.35 V             ; -0.00942 V         ; 0.116 V                             ; 0.033 V                             ; 6.66e-10 s                 ; 6.27e-10 s                 ; Yes                       ; Yes                       ;
; HEX3[0]       ; 2.5 V        ; 0 s                 ; 0 s                 ; 2.32 V                       ; 6.92e-07 V                   ; 2.35 V              ; -0.00996 V          ; 0.121 V                              ; 0.03 V                               ; 4.64e-10 s                  ; 4.47e-10 s                  ; Yes                        ; Yes                        ; 2.32 V                      ; 6.92e-07 V                  ; 2.35 V             ; -0.00996 V         ; 0.121 V                             ; 0.03 V                              ; 4.64e-10 s                 ; 4.47e-10 s                 ; Yes                       ; Yes                       ;
; HEX3[1]       ; 2.5 V        ; 0 s                 ; 0 s                 ; 2.32 V                       ; 4.67e-07 V                   ; 2.35 V              ; -0.00942 V          ; 0.116 V                              ; 0.033 V                              ; 6.66e-10 s                  ; 6.27e-10 s                  ; Yes                        ; Yes                        ; 2.32 V                      ; 4.67e-07 V                  ; 2.35 V             ; -0.00942 V         ; 0.116 V                             ; 0.033 V                             ; 6.66e-10 s                 ; 6.27e-10 s                 ; Yes                       ; Yes                       ;
; HEX3[2]       ; 2.5 V        ; 0 s                 ; 0 s                 ; 2.32 V                       ; 4.67e-07 V                   ; 2.35 V              ; -0.00942 V          ; 0.116 V                              ; 0.033 V                              ; 6.66e-10 s                  ; 6.27e-10 s                  ; Yes                        ; Yes                        ; 2.32 V                      ; 4.67e-07 V                  ; 2.35 V             ; -0.00942 V         ; 0.116 V                             ; 0.033 V                             ; 6.66e-10 s                 ; 6.27e-10 s                 ; Yes                       ; Yes                       ;
; HEX3[3]       ; 2.5 V        ; 0 s                 ; 0 s                 ; 2.32 V                       ; 6.92e-07 V                   ; 2.35 V              ; -0.00996 V          ; 0.121 V                              ; 0.03 V                               ; 4.64e-10 s                  ; 4.47e-10 s                  ; Yes                        ; Yes                        ; 2.32 V                      ; 6.92e-07 V                  ; 2.35 V             ; -0.00996 V         ; 0.121 V                             ; 0.03 V                              ; 4.64e-10 s                 ; 4.47e-10 s                 ; Yes                       ; Yes                       ;
; HEX3[4]       ; 2.5 V        ; 0 s                 ; 0 s                 ; 2.32 V                       ; 6.92e-07 V                   ; 2.35 V              ; -0.00996 V          ; 0.121 V                              ; 0.03 V                               ; 4.64e-10 s                  ; 4.47e-10 s                  ; Yes                        ; Yes                        ; 2.32 V                      ; 6.92e-07 V                  ; 2.35 V             ; -0.00996 V         ; 0.121 V                             ; 0.03 V                              ; 4.64e-10 s                 ; 4.47e-10 s                 ; Yes                       ; Yes                       ;
; HEX3[5]       ; 2.5 V        ; 0 s                 ; 0 s                 ; 2.32 V                       ; 4.67e-07 V                   ; 2.35 V              ; -0.00942 V          ; 0.116 V                              ; 0.033 V                              ; 6.66e-10 s                  ; 6.27e-10 s                  ; Yes                        ; Yes                        ; 2.32 V                      ; 4.67e-07 V                  ; 2.35 V             ; -0.00942 V         ; 0.116 V                             ; 0.033 V                             ; 6.66e-10 s                 ; 6.27e-10 s                 ; Yes                       ; Yes                       ;
; HEX3[6]       ; 2.5 V        ; 0 s                 ; 0 s                 ; 2.32 V                       ; 6.92e-07 V                   ; 2.35 V              ; -0.00996 V          ; 0.121 V                              ; 0.03 V                               ; 4.64e-10 s                  ; 4.47e-10 s                  ; Yes                        ; Yes                        ; 2.32 V                      ; 6.92e-07 V                  ; 2.35 V             ; -0.00996 V         ; 0.121 V                             ; 0.03 V                              ; 4.64e-10 s                 ; 4.47e-10 s                 ; Yes                       ; Yes                       ;
; ~ALTERA_DCLK~ ; 2.5 V        ; 0 s                 ; 0 s                 ; 2.32 V                       ; 3.75e-07 V                   ; 2.35 V              ; -0.0109 V           ; 0.084 V                              ; 0.027 V                              ; 4.31e-10 s                  ; 3.61e-10 s                  ; Yes                        ; Yes                        ; 2.32 V                      ; 3.75e-07 V                  ; 2.35 V             ; -0.0109 V          ; 0.084 V                             ; 0.027 V                             ; 4.31e-10 s                 ; 3.61e-10 s                 ; Yes                       ; Yes                       ;
; ~ALTERA_nCEO~ ; 2.5 V        ; 0 s                 ; 0 s                 ; 2.32 V                       ; 6.15e-07 V                   ; 2.35 V              ; -0.00712 V          ; 0.093 V                              ; 0.02 V                               ; 6.21e-10 s                  ; 7.9e-10 s                   ; Yes                        ; Yes                        ; 2.32 V                      ; 6.15e-07 V                  ; 2.35 V             ; -0.00712 V         ; 0.093 V                             ; 0.02 V                              ; 6.21e-10 s                 ; 7.9e-10 s                  ; Yes                       ; Yes                       ;
+---------------+--------------+---------------------+---------------------+------------------------------+------------------------------+---------------------+---------------------+--------------------------------------+--------------------------------------+-----------------------------+-----------------------------+----------------------------+----------------------------+-----------------------------+-----------------------------+--------------------+--------------------+-------------------------------------+-------------------------------------+----------------------------+----------------------------+---------------------------+---------------------------+


+--------------------------------------------------------------------------------------------------------------------------------------------------------------------------------------------------------------------------------------------------------------------------------------------------------------------------------------------------------------------------------------------------------------------------------------------------------------------------------------------------------------------------------------------------------------------------------------------------------------------------------------------------------------------------------------------+
; Signal Integrity Metrics (Fast 1200mv 0c Model)                                                                                                                                                                                                                                                                                                                                                                                                                                                                                                                                                                                                                                            ;
+---------------+--------------+---------------------+---------------------+------------------------------+------------------------------+---------------------+---------------------+--------------------------------------+--------------------------------------+-----------------------------+-----------------------------+----------------------------+----------------------------+-----------------------------+-----------------------------+--------------------+--------------------+-------------------------------------+-------------------------------------+----------------------------+----------------------------+---------------------------+---------------------------+
; Pin           ; I/O Standard ; Board Delay on Rise ; Board Delay on Fall ; Steady State Voh at FPGA Pin ; Steady State Vol at FPGA Pin ; Voh Max at FPGA Pin ; Vol Min at FPGA Pin ; Ringback Voltage on Rise at FPGA Pin ; Ringback Voltage on Fall at FPGA Pin ; 10-90 Rise Time at FPGA Pin ; 90-10 Fall Time at FPGA Pin ; Monotonic Rise at FPGA Pin ; Monotonic Fall at FPGA Pin ; Steady State Voh at Far-end ; Steady State Vol at Far-end ; Voh Max at Far-end ; Vol Min at Far-end ; Ringback Voltage on Rise at Far-end ; Ringback Voltage on Fall at Far-end ; 10-90 Rise Time at Far-end ; 90-10 Fall Time at Far-end ; Monotonic Rise at Far-end ; Monotonic Fall at Far-end ;
+---------------+--------------+---------------------+---------------------+------------------------------+------------------------------+---------------------+---------------------+--------------------------------------+--------------------------------------+-----------------------------+-----------------------------+----------------------------+----------------------------+-----------------------------+-----------------------------+--------------------+--------------------+-------------------------------------+-------------------------------------+----------------------------+----------------------------+---------------------------+---------------------------+
; VGA_CLK       ; 2.5 V        ; 0 s                 ; 0 s                 ; 2.62 V                       ; 4.05e-08 V                   ; 2.72 V              ; -0.0349 V           ; 0.173 V                              ; 0.1 V                                ; 2.72e-10 s                  ; 2.69e-10 s                  ; Yes                        ; Yes                        ; 2.62 V                      ; 4.05e-08 V                  ; 2.72 V             ; -0.0349 V          ; 0.173 V                             ; 0.1 V                               ; 2.72e-10 s                 ; 2.69e-10 s                 ; Yes                       ; Yes                       ;
; VGA_HS        ; 2.5 V        ; 0 s                 ; 0 s                 ; 2.62 V                       ; 2.74e-08 V                   ; 2.73 V              ; -0.0384 V           ; 0.169 V                              ; 0.089 V                              ; 2.7e-10 s                   ; 2.62e-10 s                  ; Yes                        ; Yes                        ; 2.62 V                      ; 2.74e-08 V                  ; 2.73 V             ; -0.0384 V          ; 0.169 V                             ; 0.089 V                             ; 2.7e-10 s                  ; 2.62e-10 s                 ; Yes                       ; Yes                       ;
; VGA_VS        ; 2.5 V        ; 0 s                 ; 0 s                 ; 2.62 V                       ; 4.05e-08 V                   ; 2.72 V              ; -0.0349 V           ; 0.173 V                              ; 0.1 V                                ; 2.72e-10 s                  ; 2.69e-10 s                  ; Yes                        ; Yes                        ; 2.62 V                      ; 4.05e-08 V                  ; 2.72 V             ; -0.0349 V          ; 0.173 V                             ; 0.1 V                               ; 2.72e-10 s                 ; 2.69e-10 s                 ; Yes                       ; Yes                       ;
; VGA_R[0]      ; 2.5 V        ; 0 s                 ; 0 s                 ; 2.62 V                       ; 4.05e-08 V                   ; 2.72 V              ; -0.0349 V           ; 0.173 V                              ; 0.1 V                                ; 2.72e-10 s                  ; 2.69e-10 s                  ; Yes                        ; Yes                        ; 2.62 V                      ; 4.05e-08 V                  ; 2.72 V             ; -0.0349 V          ; 0.173 V                             ; 0.1 V                               ; 2.72e-10 s                 ; 2.69e-10 s                 ; Yes                       ; Yes                       ;
; VGA_R[1]      ; 2.5 V        ; 0 s                 ; 0 s                 ; 2.62 V                       ; 4.05e-08 V                   ; 2.72 V              ; -0.0349 V           ; 0.173 V                              ; 0.1 V                                ; 2.72e-10 s                  ; 2.69e-10 s                  ; Yes                        ; Yes                        ; 2.62 V                      ; 4.05e-08 V                  ; 2.72 V             ; -0.0349 V          ; 0.173 V                             ; 0.1 V                               ; 2.72e-10 s                 ; 2.69e-10 s                 ; Yes                       ; Yes                       ;
; VGA_R[2]      ; 2.5 V        ; 0 s                 ; 0 s                 ; 2.62 V                       ; 4.05e-08 V                   ; 2.72 V              ; -0.0349 V           ; 0.173 V                              ; 0.1 V                                ; 2.72e-10 s                  ; 2.69e-10 s                  ; Yes                        ; Yes                        ; 2.62 V                      ; 4.05e-08 V                  ; 2.72 V             ; -0.0349 V          ; 0.173 V                             ; 0.1 V                               ; 2.72e-10 s                 ; 2.69e-10 s                 ; Yes                       ; Yes                       ;
; VGA_R[3]      ; 2.5 V        ; 0 s                 ; 0 s                 ; 2.62 V                       ; 4.05e-08 V                   ; 2.72 V              ; -0.0349 V           ; 0.173 V                              ; 0.1 V                                ; 2.72e-10 s                  ; 2.69e-10 s                  ; Yes                        ; Yes                        ; 2.62 V                      ; 4.05e-08 V                  ; 2.72 V             ; -0.0349 V          ; 0.173 V                             ; 0.1 V                               ; 2.72e-10 s                 ; 2.69e-10 s                 ; Yes                       ; Yes                       ;
; VGA_R[4]      ; 2.5 V        ; 0 s                 ; 0 s                 ; 2.62 V                       ; 4.05e-08 V                   ; 2.72 V              ; -0.0349 V           ; 0.173 V                              ; 0.1 V                                ; 2.72e-10 s                  ; 2.69e-10 s                  ; Yes                        ; Yes                        ; 2.62 V                      ; 4.05e-08 V                  ; 2.72 V             ; -0.0349 V          ; 0.173 V                             ; 0.1 V                               ; 2.72e-10 s                 ; 2.69e-10 s                 ; Yes                       ; Yes                       ;
; VGA_R[5]      ; 2.5 V        ; 0 s                 ; 0 s                 ; 2.62 V                       ; 4.05e-08 V                   ; 2.64 V              ; -0.0113 V           ; 0.208 V                              ; 0.179 V                              ; 2.38e-09 s                  ; 2.23e-09 s                  ; No                         ; Yes                        ; 2.62 V                      ; 4.05e-08 V                  ; 2.64 V             ; -0.0113 V          ; 0.208 V                             ; 0.179 V                             ; 2.38e-09 s                 ; 2.23e-09 s                 ; No                        ; Yes                       ;
; VGA_R[6]      ; 2.5 V        ; 0 s                 ; 0 s                 ; 2.62 V                       ; 4.05e-08 V                   ; 2.72 V              ; -0.0349 V           ; 0.173 V                              ; 0.1 V                                ; 2.72e-10 s                  ; 2.69e-10 s                  ; Yes                        ; Yes                        ; 2.62 V                      ; 4.05e-08 V                  ; 2.72 V             ; -0.0349 V          ; 0.173 V                             ; 0.1 V                               ; 2.72e-10 s                 ; 2.69e-10 s                 ; Yes                       ; Yes                       ;
; VGA_R[7]      ; 2.5 V        ; 0 s                 ; 0 s                 ; 2.62 V                       ; 4.05e-08 V                   ; 2.72 V              ; -0.0349 V           ; 0.173 V                              ; 0.1 V                                ; 2.72e-10 s                  ; 2.69e-10 s                  ; Yes                        ; Yes                        ; 2.62 V                      ; 4.05e-08 V                  ; 2.72 V             ; -0.0349 V          ; 0.173 V                             ; 0.1 V                               ; 2.72e-10 s                 ; 2.69e-10 s                 ; Yes                       ; Yes                       ;
; VGA_G[0]      ; 2.5 V        ; 0 s                 ; 0 s                 ; 2.62 V                       ; 4.05e-08 V                   ; 2.72 V              ; -0.0349 V           ; 0.173 V                              ; 0.1 V                                ; 2.72e-10 s                  ; 2.69e-10 s                  ; Yes                        ; Yes                        ; 2.62 V                      ; 4.05e-08 V                  ; 2.72 V             ; -0.0349 V          ; 0.173 V                             ; 0.1 V                               ; 2.72e-10 s                 ; 2.69e-10 s                 ; Yes                       ; Yes                       ;
; VGA_G[1]      ; 2.5 V        ; 0 s                 ; 0 s                 ; 2.62 V                       ; 4.05e-08 V                   ; 2.72 V              ; -0.0349 V           ; 0.173 V                              ; 0.1 V                                ; 2.72e-10 s                  ; 2.69e-10 s                  ; Yes                        ; Yes                        ; 2.62 V                      ; 4.05e-08 V                  ; 2.72 V             ; -0.0349 V          ; 0.173 V                             ; 0.1 V                               ; 2.72e-10 s                 ; 2.69e-10 s                 ; Yes                       ; Yes                       ;
; VGA_G[2]      ; 2.5 V        ; 0 s                 ; 0 s                 ; 2.62 V                       ; 4.05e-08 V                   ; 2.72 V              ; -0.0349 V           ; 0.173 V                              ; 0.1 V                                ; 2.72e-10 s                  ; 2.69e-10 s                  ; Yes                        ; Yes                        ; 2.62 V                      ; 4.05e-08 V                  ; 2.72 V             ; -0.0349 V          ; 0.173 V                             ; 0.1 V                               ; 2.72e-10 s                 ; 2.69e-10 s                 ; Yes                       ; Yes                       ;
; VGA_G[3]      ; 2.5 V        ; 0 s                 ; 0 s                 ; 2.62 V                       ; 4.05e-08 V                   ; 2.64 V              ; -0.0113 V           ; 0.208 V                              ; 0.179 V                              ; 2.38e-09 s                  ; 2.23e-09 s                  ; No                         ; Yes                        ; 2.62 V                      ; 4.05e-08 V                  ; 2.64 V             ; -0.0113 V          ; 0.208 V                             ; 0.179 V                             ; 2.38e-09 s                 ; 2.23e-09 s                 ; No                        ; Yes                       ;
; VGA_G[4]      ; 2.5 V        ; 0 s                 ; 0 s                 ; 2.62 V                       ; 4.05e-08 V                   ; 2.72 V              ; -0.0349 V           ; 0.173 V                              ; 0.1 V                                ; 2.72e-10 s                  ; 2.69e-10 s                  ; Yes                        ; Yes                        ; 2.62 V                      ; 4.05e-08 V                  ; 2.72 V             ; -0.0349 V          ; 0.173 V                             ; 0.1 V                               ; 2.72e-10 s                 ; 2.69e-10 s                 ; Yes                       ; Yes                       ;
; VGA_G[5]      ; 2.5 V        ; 0 s                 ; 0 s                 ; 2.62 V                       ; 4.05e-08 V                   ; 2.72 V              ; -0.0349 V           ; 0.173 V                              ; 0.1 V                                ; 2.72e-10 s                  ; 2.69e-10 s                  ; Yes                        ; Yes                        ; 2.62 V                      ; 4.05e-08 V                  ; 2.72 V             ; -0.0349 V          ; 0.173 V                             ; 0.1 V                               ; 2.72e-10 s                 ; 2.69e-10 s                 ; Yes                       ; Yes                       ;
; VGA_G[6]      ; 2.5 V        ; 0 s                 ; 0 s                 ; 2.62 V                       ; 4.05e-08 V                   ; 2.72 V              ; -0.0349 V           ; 0.173 V                              ; 0.1 V                                ; 2.72e-10 s                  ; 2.69e-10 s                  ; Yes                        ; Yes                        ; 2.62 V                      ; 4.05e-08 V                  ; 2.72 V             ; -0.0349 V          ; 0.173 V                             ; 0.1 V                               ; 2.72e-10 s                 ; 2.69e-10 s                 ; Yes                       ; Yes                       ;
; VGA_G[7]      ; 2.5 V        ; 0 s                 ; 0 s                 ; 2.62 V                       ; 4.05e-08 V                   ; 2.72 V              ; -0.0349 V           ; 0.173 V                              ; 0.1 V                                ; 2.72e-10 s                  ; 2.69e-10 s                  ; Yes                        ; Yes                        ; 2.62 V                      ; 4.05e-08 V                  ; 2.72 V             ; -0.0349 V          ; 0.173 V                             ; 0.1 V                               ; 2.72e-10 s                 ; 2.69e-10 s                 ; Yes                       ; Yes                       ;
; VGA_B[0]      ; 2.5 V        ; 0 s                 ; 0 s                 ; 2.62 V                       ; 2.74e-08 V                   ; 2.73 V              ; -0.0384 V           ; 0.169 V                              ; 0.089 V                              ; 2.7e-10 s                   ; 2.62e-10 s                  ; Yes                        ; Yes                        ; 2.62 V                      ; 2.74e-08 V                  ; 2.73 V             ; -0.0384 V          ; 0.169 V                             ; 0.089 V                             ; 2.7e-10 s                  ; 2.62e-10 s                 ; Yes                       ; Yes                       ;
; VGA_B[1]      ; 2.5 V        ; 0 s                 ; 0 s                 ; 2.62 V                       ; 4.05e-08 V                   ; 2.72 V              ; -0.0349 V           ; 0.173 V                              ; 0.1 V                                ; 2.72e-10 s                  ; 2.69e-10 s                  ; Yes                        ; Yes                        ; 2.62 V                      ; 4.05e-08 V                  ; 2.72 V             ; -0.0349 V          ; 0.173 V                             ; 0.1 V                               ; 2.72e-10 s                 ; 2.69e-10 s                 ; Yes                       ; Yes                       ;
; VGA_B[2]      ; 2.5 V        ; 0 s                 ; 0 s                 ; 2.62 V                       ; 4.05e-08 V                   ; 2.72 V              ; -0.0349 V           ; 0.173 V                              ; 0.1 V                                ; 2.72e-10 s                  ; 2.69e-10 s                  ; Yes                        ; Yes                        ; 2.62 V                      ; 4.05e-08 V                  ; 2.72 V             ; -0.0349 V          ; 0.173 V                             ; 0.1 V                               ; 2.72e-10 s                 ; 2.69e-10 s                 ; Yes                       ; Yes                       ;
; VGA_B[3]      ; 2.5 V        ; 0 s                 ; 0 s                 ; 2.62 V                       ; 4.05e-08 V                   ; 2.72 V              ; -0.0349 V           ; 0.173 V                              ; 0.1 V                                ; 2.72e-10 s                  ; 2.69e-10 s                  ; Yes                        ; Yes                        ; 2.62 V                      ; 4.05e-08 V                  ; 2.72 V             ; -0.0349 V          ; 0.173 V                             ; 0.1 V                               ; 2.72e-10 s                 ; 2.69e-10 s                 ; Yes                       ; Yes                       ;
; VGA_B[4]      ; 2.5 V        ; 0 s                 ; 0 s                 ; 2.62 V                       ; 4.05e-08 V                   ; 2.72 V              ; -0.0349 V           ; 0.173 V                              ; 0.1 V                                ; 2.72e-10 s                  ; 2.69e-10 s                  ; Yes                        ; Yes                        ; 2.62 V                      ; 4.05e-08 V                  ; 2.72 V             ; -0.0349 V          ; 0.173 V                             ; 0.1 V                               ; 2.72e-10 s                 ; 2.69e-10 s                 ; Yes                       ; Yes                       ;
; VGA_B[5]      ; 2.5 V        ; 0 s                 ; 0 s                 ; 2.62 V                       ; 4.05e-08 V                   ; 2.72 V              ; -0.0349 V           ; 0.173 V                              ; 0.1 V                                ; 2.72e-10 s                  ; 2.69e-10 s                  ; Yes                        ; Yes                        ; 2.62 V                      ; 4.05e-08 V                  ; 2.72 V             ; -0.0349 V          ; 0.173 V                             ; 0.1 V                               ; 2.72e-10 s                 ; 2.69e-10 s                 ; Yes                       ; Yes                       ;
; VGA_B[6]      ; 2.5 V        ; 0 s                 ; 0 s                 ; 2.62 V                       ; 4.05e-08 V                   ; 2.72 V              ; -0.0349 V           ; 0.173 V                              ; 0.1 V                                ; 2.72e-10 s                  ; 2.69e-10 s                  ; Yes                        ; Yes                        ; 2.62 V                      ; 4.05e-08 V                  ; 2.72 V             ; -0.0349 V          ; 0.173 V                             ; 0.1 V                               ; 2.72e-10 s                 ; 2.69e-10 s                 ; Yes                       ; Yes                       ;
; VGA_B[7]      ; 2.5 V        ; 0 s                 ; 0 s                 ; 2.62 V                       ; 4.05e-08 V                   ; 2.72 V              ; -0.0349 V           ; 0.173 V                              ; 0.1 V                                ; 2.72e-10 s                  ; 2.69e-10 s                  ; Yes                        ; Yes                        ; 2.62 V                      ; 4.05e-08 V                  ; 2.72 V             ; -0.0349 V          ; 0.173 V                             ; 0.1 V                               ; 2.72e-10 s                 ; 2.69e-10 s                 ; Yes                       ; Yes                       ;
; VGA_BLANK_N   ; 2.5 V        ; 0 s                 ; 0 s                 ; 2.62 V                       ; 4.05e-08 V                   ; 2.72 V              ; -0.0349 V           ; 0.173 V                              ; 0.1 V                                ; 2.72e-10 s                  ; 2.69e-10 s                  ; Yes                        ; Yes                        ; 2.62 V                      ; 4.05e-08 V                  ; 2.72 V             ; -0.0349 V          ; 0.173 V                             ; 0.1 V                               ; 2.72e-10 s                 ; 2.69e-10 s                 ; Yes                       ; Yes                       ;
; VGA_SYNC_N    ; 2.5 V        ; 0 s                 ; 0 s                 ; 2.62 V                       ; 4.05e-08 V                   ; 2.72 V              ; -0.0349 V           ; 0.173 V                              ; 0.1 V                                ; 2.72e-10 s                  ; 2.69e-10 s                  ; Yes                        ; Yes                        ; 2.62 V                      ; 4.05e-08 V                  ; 2.72 V             ; -0.0349 V          ; 0.173 V                             ; 0.1 V                               ; 2.72e-10 s                 ; 2.69e-10 s                 ; Yes                       ; Yes                       ;
; HEX0[0]       ; 2.5 V        ; 0 s                 ; 0 s                 ; 2.62 V                       ; 4.05e-08 V                   ; 2.72 V              ; -0.0349 V           ; 0.173 V                              ; 0.1 V                                ; 2.72e-10 s                  ; 2.69e-10 s                  ; Yes                        ; Yes                        ; 2.62 V                      ; 4.05e-08 V                  ; 2.72 V             ; -0.0349 V          ; 0.173 V                             ; 0.1 V                               ; 2.72e-10 s                 ; 2.69e-10 s                 ; Yes                       ; Yes                       ;
; HEX0[1]       ; 2.5 V        ; 0 s                 ; 0 s                 ; 2.62 V                       ; 4.05e-08 V                   ; 2.72 V              ; -0.0349 V           ; 0.173 V                              ; 0.1 V                                ; 2.72e-10 s                  ; 2.69e-10 s                  ; Yes                        ; Yes                        ; 2.62 V                      ; 4.05e-08 V                  ; 2.72 V             ; -0.0349 V          ; 0.173 V                             ; 0.1 V                               ; 2.72e-10 s                 ; 2.69e-10 s                 ; Yes                       ; Yes                       ;
; HEX0[2]       ; 2.5 V        ; 0 s                 ; 0 s                 ; 2.62 V                       ; 2.74e-08 V                   ; 2.71 V              ; -0.0317 V           ; 0.148 V                              ; 0.064 V                              ; 4.51e-10 s                  ; 4.15e-10 s                  ; No                         ; Yes                        ; 2.62 V                      ; 2.74e-08 V                  ; 2.71 V             ; -0.0317 V          ; 0.148 V                             ; 0.064 V                             ; 4.51e-10 s                 ; 4.15e-10 s                 ; No                        ; Yes                       ;
; HEX0[3]       ; 2.5 V        ; 0 s                 ; 0 s                 ; 2.62 V                       ; 2.74e-08 V                   ; 2.73 V              ; -0.0384 V           ; 0.169 V                              ; 0.089 V                              ; 2.7e-10 s                   ; 2.62e-10 s                  ; Yes                        ; Yes                        ; 2.62 V                      ; 2.74e-08 V                  ; 2.73 V             ; -0.0384 V          ; 0.169 V                             ; 0.089 V                             ; 2.7e-10 s                  ; 2.62e-10 s                 ; Yes                       ; Yes                       ;
; HEX0[4]       ; 2.5 V        ; 0 s                 ; 0 s                 ; 2.62 V                       ; 2.74e-08 V                   ; 2.71 V              ; -0.0317 V           ; 0.148 V                              ; 0.064 V                              ; 4.51e-10 s                  ; 4.15e-10 s                  ; No                         ; Yes                        ; 2.62 V                      ; 2.74e-08 V                  ; 2.71 V             ; -0.0317 V          ; 0.148 V                             ; 0.064 V                             ; 4.51e-10 s                 ; 4.15e-10 s                 ; No                        ; Yes                       ;
; HEX0[5]       ; 2.5 V        ; 0 s                 ; 0 s                 ; 2.62 V                       ; 4.05e-08 V                   ; 2.72 V              ; -0.0349 V           ; 0.173 V                              ; 0.1 V                                ; 2.72e-10 s                  ; 2.69e-10 s                  ; Yes                        ; Yes                        ; 2.62 V                      ; 4.05e-08 V                  ; 2.72 V             ; -0.0349 V          ; 0.173 V                             ; 0.1 V                               ; 2.72e-10 s                 ; 2.69e-10 s                 ; Yes                       ; Yes                       ;
; HEX0[6]       ; 2.5 V        ; 0 s                 ; 0 s                 ; 2.62 V                       ; 4.05e-08 V                   ; 2.72 V              ; -0.0349 V           ; 0.173 V                              ; 0.1 V                                ; 2.72e-10 s                  ; 2.69e-10 s                  ; Yes                        ; Yes                        ; 2.62 V                      ; 4.05e-08 V                  ; 2.72 V             ; -0.0349 V          ; 0.173 V                             ; 0.1 V                               ; 2.72e-10 s                 ; 2.69e-10 s                 ; Yes                       ; Yes                       ;
; HEX1[0]       ; 2.5 V        ; 0 s                 ; 0 s                 ; 2.62 V                       ; 2.74e-08 V                   ; 2.71 V              ; -0.0317 V           ; 0.148 V                              ; 0.064 V                              ; 4.51e-10 s                  ; 4.15e-10 s                  ; No                         ; Yes                        ; 2.62 V                      ; 2.74e-08 V                  ; 2.71 V             ; -0.0317 V          ; 0.148 V                             ; 0.064 V                             ; 4.51e-10 s                 ; 4.15e-10 s                 ; No                        ; Yes                       ;
; HEX1[1]       ; 2.5 V        ; 0 s                 ; 0 s                 ; 2.62 V                       ; 2.74e-08 V                   ; 2.73 V              ; -0.0384 V           ; 0.169 V                              ; 0.089 V                              ; 2.7e-10 s                   ; 2.62e-10 s                  ; Yes                        ; Yes                        ; 2.62 V                      ; 2.74e-08 V                  ; 2.73 V             ; -0.0384 V          ; 0.169 V                             ; 0.089 V                             ; 2.7e-10 s                  ; 2.62e-10 s                 ; Yes                       ; Yes                       ;
; HEX1[2]       ; 2.5 V        ; 0 s                 ; 0 s                 ; 2.62 V                       ; 4.05e-08 V                   ; 2.72 V              ; -0.0349 V           ; 0.173 V                              ; 0.1 V                                ; 2.72e-10 s                  ; 2.69e-10 s                  ; Yes                        ; Yes                        ; 2.62 V                      ; 4.05e-08 V                  ; 2.72 V             ; -0.0349 V          ; 0.173 V                             ; 0.1 V                               ; 2.72e-10 s                 ; 2.69e-10 s                 ; Yes                       ; Yes                       ;
; HEX1[3]       ; 2.5 V        ; 0 s                 ; 0 s                 ; 2.62 V                       ; 2.74e-08 V                   ; 2.71 V              ; -0.0317 V           ; 0.148 V                              ; 0.064 V                              ; 4.51e-10 s                  ; 4.15e-10 s                  ; No                         ; Yes                        ; 2.62 V                      ; 2.74e-08 V                  ; 2.71 V             ; -0.0317 V          ; 0.148 V                             ; 0.064 V                             ; 4.51e-10 s                 ; 4.15e-10 s                 ; No                        ; Yes                       ;
; HEX1[4]       ; 2.5 V        ; 0 s                 ; 0 s                 ; 2.62 V                       ; 2.74e-08 V                   ; 2.71 V              ; -0.0317 V           ; 0.148 V                              ; 0.064 V                              ; 4.51e-10 s                  ; 4.15e-10 s                  ; No                         ; Yes                        ; 2.62 V                      ; 2.74e-08 V                  ; 2.71 V             ; -0.0317 V          ; 0.148 V                             ; 0.064 V                             ; 4.51e-10 s                 ; 4.15e-10 s                 ; No                        ; Yes                       ;
; HEX1[5]       ; 2.5 V        ; 0 s                 ; 0 s                 ; 2.62 V                       ; 4.05e-08 V                   ; 2.72 V              ; -0.0349 V           ; 0.173 V                              ; 0.1 V                                ; 2.72e-10 s                  ; 2.69e-10 s                  ; Yes                        ; Yes                        ; 2.62 V                      ; 4.05e-08 V                  ; 2.72 V             ; -0.0349 V          ; 0.173 V                             ; 0.1 V                               ; 2.72e-10 s                 ; 2.69e-10 s                 ; Yes                       ; Yes                       ;
; HEX1[6]       ; 2.5 V        ; 0 s                 ; 0 s                 ; 2.62 V                       ; 4.05e-08 V                   ; 2.72 V              ; -0.0349 V           ; 0.173 V                              ; 0.1 V                                ; 2.72e-10 s                  ; 2.69e-10 s                  ; Yes                        ; Yes                        ; 2.62 V                      ; 4.05e-08 V                  ; 2.72 V             ; -0.0349 V          ; 0.173 V                             ; 0.1 V                               ; 2.72e-10 s                 ; 2.69e-10 s                 ; Yes                       ; Yes                       ;
; HEX2[0]       ; 2.5 V        ; 0 s                 ; 0 s                 ; 2.62 V                       ; 4.05e-08 V                   ; 2.72 V              ; -0.0349 V           ; 0.173 V                              ; 0.1 V                                ; 2.72e-10 s                  ; 2.69e-10 s                  ; Yes                        ; Yes                        ; 2.62 V                      ; 4.05e-08 V                  ; 2.72 V             ; -0.0349 V          ; 0.173 V                             ; 0.1 V                               ; 2.72e-10 s                 ; 2.69e-10 s                 ; Yes                       ; Yes                       ;
; HEX2[1]       ; 2.5 V        ; 0 s                 ; 0 s                 ; 2.62 V                       ; 4.05e-08 V                   ; 2.72 V              ; -0.0349 V           ; 0.173 V                              ; 0.1 V                                ; 2.72e-10 s                  ; 2.69e-10 s                  ; Yes                        ; Yes                        ; 2.62 V                      ; 4.05e-08 V                  ; 2.72 V             ; -0.0349 V          ; 0.173 V                             ; 0.1 V                               ; 2.72e-10 s                 ; 2.69e-10 s                 ; Yes                       ; Yes                       ;
; HEX2[2]       ; 2.5 V        ; 0 s                 ; 0 s                 ; 2.62 V                       ; 2.74e-08 V                   ; 2.71 V              ; -0.0317 V           ; 0.148 V                              ; 0.064 V                              ; 4.51e-10 s                  ; 4.15e-10 s                  ; No                         ; Yes                        ; 2.62 V                      ; 2.74e-08 V                  ; 2.71 V             ; -0.0317 V          ; 0.148 V                             ; 0.064 V                             ; 4.51e-10 s                 ; 4.15e-10 s                 ; No                        ; Yes                       ;
; HEX2[3]       ; 2.5 V        ; 0 s                 ; 0 s                 ; 2.62 V                       ; 4.05e-08 V                   ; 2.72 V              ; -0.0349 V           ; 0.173 V                              ; 0.1 V                                ; 2.72e-10 s                  ; 2.69e-10 s                  ; Yes                        ; Yes                        ; 2.62 V                      ; 4.05e-08 V                  ; 2.72 V             ; -0.0349 V          ; 0.173 V                             ; 0.1 V                               ; 2.72e-10 s                 ; 2.69e-10 s                 ; Yes                       ; Yes                       ;
; HEX2[4]       ; 2.5 V        ; 0 s                 ; 0 s                 ; 2.62 V                       ; 2.74e-08 V                   ; 2.71 V              ; -0.0317 V           ; 0.148 V                              ; 0.064 V                              ; 4.51e-10 s                  ; 4.15e-10 s                  ; No                         ; Yes                        ; 2.62 V                      ; 2.74e-08 V                  ; 2.71 V             ; -0.0317 V          ; 0.148 V                             ; 0.064 V                             ; 4.51e-10 s                 ; 4.15e-10 s                 ; No                        ; Yes                       ;
; HEX2[5]       ; 2.5 V        ; 0 s                 ; 0 s                 ; 2.62 V                       ; 4.05e-08 V                   ; 2.72 V              ; -0.0349 V           ; 0.173 V                              ; 0.1 V                                ; 2.72e-10 s                  ; 2.69e-10 s                  ; Yes                        ; Yes                        ; 2.62 V                      ; 4.05e-08 V                  ; 2.72 V             ; -0.0349 V          ; 0.173 V                             ; 0.1 V                               ; 2.72e-10 s                 ; 2.69e-10 s                 ; Yes                       ; Yes                       ;
; HEX2[6]       ; 2.5 V        ; 0 s                 ; 0 s                 ; 2.62 V                       ; 2.74e-08 V                   ; 2.71 V              ; -0.0317 V           ; 0.148 V                              ; 0.064 V                              ; 4.51e-10 s                  ; 4.15e-10 s                  ; No                         ; Yes                        ; 2.62 V                      ; 2.74e-08 V                  ; 2.71 V             ; -0.0317 V          ; 0.148 V                             ; 0.064 V                             ; 4.51e-10 s                 ; 4.15e-10 s                 ; No                        ; Yes                       ;
; HEX3[0]       ; 2.5 V        ; 0 s                 ; 0 s                 ; 2.62 V                       ; 4.05e-08 V                   ; 2.72 V              ; -0.0349 V           ; 0.173 V                              ; 0.1 V                                ; 2.72e-10 s                  ; 2.69e-10 s                  ; Yes                        ; Yes                        ; 2.62 V                      ; 4.05e-08 V                  ; 2.72 V             ; -0.0349 V          ; 0.173 V                             ; 0.1 V                               ; 2.72e-10 s                 ; 2.69e-10 s                 ; Yes                       ; Yes                       ;
; HEX3[1]       ; 2.5 V        ; 0 s                 ; 0 s                 ; 2.62 V                       ; 2.74e-08 V                   ; 2.71 V              ; -0.0317 V           ; 0.148 V                              ; 0.064 V                              ; 4.51e-10 s                  ; 4.15e-10 s                  ; No                         ; Yes                        ; 2.62 V                      ; 2.74e-08 V                  ; 2.71 V             ; -0.0317 V          ; 0.148 V                             ; 0.064 V                             ; 4.51e-10 s                 ; 4.15e-10 s                 ; No                        ; Yes                       ;
; HEX3[2]       ; 2.5 V        ; 0 s                 ; 0 s                 ; 2.62 V                       ; 2.74e-08 V                   ; 2.71 V              ; -0.0317 V           ; 0.148 V                              ; 0.064 V                              ; 4.51e-10 s                  ; 4.15e-10 s                  ; No                         ; Yes                        ; 2.62 V                      ; 2.74e-08 V                  ; 2.71 V             ; -0.0317 V          ; 0.148 V                             ; 0.064 V                             ; 4.51e-10 s                 ; 4.15e-10 s                 ; No                        ; Yes                       ;
; HEX3[3]       ; 2.5 V        ; 0 s                 ; 0 s                 ; 2.62 V                       ; 4.05e-08 V                   ; 2.72 V              ; -0.0349 V           ; 0.173 V                              ; 0.1 V                                ; 2.72e-10 s                  ; 2.69e-10 s                  ; Yes                        ; Yes                        ; 2.62 V                      ; 4.05e-08 V                  ; 2.72 V             ; -0.0349 V          ; 0.173 V                             ; 0.1 V                               ; 2.72e-10 s                 ; 2.69e-10 s                 ; Yes                       ; Yes                       ;
; HEX3[4]       ; 2.5 V        ; 0 s                 ; 0 s                 ; 2.62 V                       ; 4.05e-08 V                   ; 2.72 V              ; -0.0349 V           ; 0.173 V                              ; 0.1 V                                ; 2.72e-10 s                  ; 2.69e-10 s                  ; Yes                        ; Yes                        ; 2.62 V                      ; 4.05e-08 V                  ; 2.72 V             ; -0.0349 V          ; 0.173 V                             ; 0.1 V                               ; 2.72e-10 s                 ; 2.69e-10 s                 ; Yes                       ; Yes                       ;
; HEX3[5]       ; 2.5 V        ; 0 s                 ; 0 s                 ; 2.62 V                       ; 2.74e-08 V                   ; 2.71 V              ; -0.0317 V           ; 0.148 V                              ; 0.064 V                              ; 4.51e-10 s                  ; 4.15e-10 s                  ; No                         ; Yes                        ; 2.62 V                      ; 2.74e-08 V                  ; 2.71 V             ; -0.0317 V          ; 0.148 V                             ; 0.064 V                             ; 4.51e-10 s                 ; 4.15e-10 s                 ; No                        ; Yes                       ;
; HEX3[6]       ; 2.5 V        ; 0 s                 ; 0 s                 ; 2.62 V                       ; 4.05e-08 V                   ; 2.72 V              ; -0.0349 V           ; 0.173 V                              ; 0.1 V                                ; 2.72e-10 s                  ; 2.69e-10 s                  ; Yes                        ; Yes                        ; 2.62 V                      ; 4.05e-08 V                  ; 2.72 V             ; -0.0349 V          ; 0.173 V                             ; 0.1 V                               ; 2.72e-10 s                 ; 2.69e-10 s                 ; Yes                       ; Yes                       ;
; ~ALTERA_DCLK~ ; 2.5 V        ; 0 s                 ; 0 s                 ; 2.62 V                       ; 2.22e-08 V                   ; 2.74 V              ; -0.06 V             ; 0.158 V                              ; 0.08 V                               ; 2.68e-10 s                  ; 2.19e-10 s                  ; Yes                        ; Yes                        ; 2.62 V                      ; 2.22e-08 V                  ; 2.74 V             ; -0.06 V            ; 0.158 V                             ; 0.08 V                              ; 2.68e-10 s                 ; 2.19e-10 s                 ; Yes                       ; Yes                       ;
; ~ALTERA_nCEO~ ; 2.5 V        ; 0 s                 ; 0 s                 ; 2.62 V                       ; 3.54e-08 V                   ; 2.7 V               ; -0.00943 V          ; 0.276 V                              ; 0.035 V                              ; 3.19e-10 s                  ; 4.99e-10 s                  ; No                         ; Yes                        ; 2.62 V                      ; 3.54e-08 V                  ; 2.7 V              ; -0.00943 V         ; 0.276 V                             ; 0.035 V                             ; 3.19e-10 s                 ; 4.99e-10 s                 ; No                        ; Yes                       ;
+---------------+--------------+---------------------+---------------------+------------------------------+------------------------------+---------------------+---------------------+--------------------------------------+--------------------------------------+-----------------------------+-----------------------------+----------------------------+----------------------------+-----------------------------+-----------------------------+--------------------+--------------------+-------------------------------------+-------------------------------------+----------------------------+----------------------------+---------------------------+---------------------------+


+---------------------------------------------------------------------------------------------------------------------------------------------------------+
; Setup Transfers                                                                                                                                         ;
+------------------------------------------------------+------------------------------------------------------+----------+----------+----------+----------+
; From Clock                                           ; To Clock                                             ; RR Paths ; FR Paths ; RF Paths ; FF Paths ;
+------------------------------------------------------+------------------------------------------------------+----------+----------+----------+----------+
; pll_inst|altpll_component|auto_generated|pll1|clk[0] ; pll_inst|altpll_component|auto_generated|pll1|clk[0] ; 39705    ; 0        ; 0        ; 0        ;
+------------------------------------------------------+------------------------------------------------------+----------+----------+----------+----------+
Entries labeled "false path" only account for clock-to-clock false paths and not path-based false paths. As a result, actual path counts may be lower than reported.


+---------------------------------------------------------------------------------------------------------------------------------------------------------+
; Hold Transfers                                                                                                                                          ;
+------------------------------------------------------+------------------------------------------------------+----------+----------+----------+----------+
; From Clock                                           ; To Clock                                             ; RR Paths ; FR Paths ; RF Paths ; FF Paths ;
+------------------------------------------------------+------------------------------------------------------+----------+----------+----------+----------+
; pll_inst|altpll_component|auto_generated|pll1|clk[0] ; pll_inst|altpll_component|auto_generated|pll1|clk[0] ; 39705    ; 0        ; 0        ; 0        ;
+------------------------------------------------------+------------------------------------------------------+----------+----------+----------+----------+
Entries labeled "false path" only account for clock-to-clock false paths and not path-based false paths. As a result, actual path counts may be lower than reported.


---------------
; Report TCCS ;
---------------
No dedicated SERDES Transmitter circuitry present in device or used in design


---------------
; Report RSKM ;
---------------
No non-DPA dedicated SERDES Receiver circuitry present in device or used in design


+------------------------------------------------+
; Unconstrained Paths Summary                    ;
+---------------------------------+-------+------+
; Property                        ; Setup ; Hold ;
+---------------------------------+-------+------+
; Illegal Clocks                  ; 0     ; 0    ;
; Unconstrained Clocks            ; 0     ; 0    ;
; Unconstrained Input Ports       ; 11    ; 11   ;
; Unconstrained Input Port Paths  ; 264   ; 264  ;
; Unconstrained Output Ports      ; 28    ; 28   ;
; Unconstrained Output Port Paths ; 1804  ; 1804 ;
+---------------------------------+-------+------+


+---------------------------------------------------------------------------------------------------------------------------------------+
; Clock Status Summary                                                                                                                  ;
+------------------------------------------------------+------------------------------------------------------+-----------+-------------+
; Target                                               ; Clock                                                ; Type      ; Status      ;
+------------------------------------------------------+------------------------------------------------------+-----------+-------------+
; CLOCK_50                                             ; CLOCK_50                                             ; Base      ; Constrained ;
; pll_inst|altpll_component|auto_generated|pll1|clk[0] ; pll_inst|altpll_component|auto_generated|pll1|clk[0] ; Generated ; Constrained ;
+------------------------------------------------------+------------------------------------------------------+-----------+-------------+


+---------------------------------------------------------------------------------------------------+
; Unconstrained Input Ports                                                                         ;
+------------+--------------------------------------------------------------------------------------+
; Input Port ; Comment                                                                              ;
+------------+--------------------------------------------------------------------------------------+
; sw[0]      ; No input delay, min/max delays, false-path exceptions, or max skew assignments found ;
; sw[1]      ; No input delay, min/max delays, false-path exceptions, or max skew assignments found ;
; sw[2]      ; No input delay, min/max delays, false-path exceptions, or max skew assignments found ;
; sw[3]      ; No input delay, min/max delays, false-path exceptions, or max skew assignments found ;
; sw[4]      ; No input delay, min/max delays, false-path exceptions, or max skew assignments found ;
; sw[5]      ; No input delay, min/max delays, false-path exceptions, or max skew assignments found ;
; sw[6]      ; No input delay, min/max delays, false-path exceptions, or max skew assignments found ;
; sw[7]      ; No input delay, min/max delays, false-path exceptions, or max skew assignments found ;
; sw[8]      ; No input delay, min/max delays, false-path exceptions, or max skew assignments found ;
; sw[9]      ; No input delay, min/max delays, false-path exceptions, or max skew assignments found ;
; sw[10]     ; No input delay, min/max delays, false-path exceptions, or max skew assignments found ;
+------------+--------------------------------------------------------------------------------------+


+-----------------------------------------------------------------------------------------------------+
; Unconstrained Output Ports                                                                          ;
+-------------+---------------------------------------------------------------------------------------+
; Output Port ; Comment                                                                               ;
+-------------+---------------------------------------------------------------------------------------+
; VGA_BLANK_N ; No output delay, min/max delays, false-path exceptions, or max skew assignments found ;
; VGA_B[0]    ; No output delay, min/max delays, false-path exceptions, or max skew assignments found ;
; VGA_B[1]    ; No output delay, min/max delays, false-path exceptions, or max skew assignments found ;
; VGA_B[2]    ; No output delay, min/max delays, false-path exceptions, or max skew assignments found ;
; VGA_B[3]    ; No output delay, min/max delays, false-path exceptions, or max skew assignments found ;
; VGA_B[4]    ; No output delay, min/max delays, false-path exceptions, or max skew assignments found ;
; VGA_B[5]    ; No output delay, min/max delays, false-path exceptions, or max skew assignments found ;
; VGA_B[6]    ; No output delay, min/max delays, false-path exceptions, or max skew assignments found ;
; VGA_B[7]    ; No output delay, min/max delays, false-path exceptions, or max skew assignments found ;
; VGA_CLK     ; No output delay, min/max delays, false-path exceptions, or max skew assignments found ;
; VGA_G[0]    ; No output delay, min/max delays, false-path exceptions, or max skew assignments found ;
; VGA_G[1]    ; No output delay, min/max delays, false-path exceptions, or max skew assignments found ;
; VGA_G[2]    ; No output delay, min/max delays, false-path exceptions, or max skew assignments found ;
; VGA_G[3]    ; No output delay, min/max delays, false-path exceptions, or max skew assignments found ;
; VGA_G[4]    ; No output delay, min/max delays, false-path exceptions, or max skew assignments found ;
; VGA_G[5]    ; No output delay, min/max delays, false-path exceptions, or max skew assignments found ;
; VGA_G[6]    ; No output delay, min/max delays, false-path exceptions, or max skew assignments found ;
; VGA_G[7]    ; No output delay, min/max delays, false-path exceptions, or max skew assignments found ;
; VGA_HS      ; No output delay, min/max delays, false-path exceptions, or max skew assignments found ;
; VGA_R[0]    ; No output delay, min/max delays, false-path exceptions, or max skew assignments found ;
; VGA_R[1]    ; No output delay, min/max delays, false-path exceptions, or max skew assignments found ;
; VGA_R[2]    ; No output delay, min/max delays, false-path exceptions, or max skew assignments found ;
; VGA_R[3]    ; No output delay, min/max delays, false-path exceptions, or max skew assignments found ;
; VGA_R[4]    ; No output delay, min/max delays, false-path exceptions, or max skew assignments found ;
; VGA_R[5]    ; No output delay, min/max delays, false-path exceptions, or max skew assignments found ;
; VGA_R[6]    ; No output delay, min/max delays, false-path exceptions, or max skew assignments found ;
; VGA_R[7]    ; No output delay, min/max delays, false-path exceptions, or max skew assignments found ;
; VGA_VS      ; No output delay, min/max delays, false-path exceptions, or max skew assignments found ;
+-------------+---------------------------------------------------------------------------------------+


+---------------------------------------------------------------------------------------------------+
; Unconstrained Input Ports                                                                         ;
+------------+--------------------------------------------------------------------------------------+
; Input Port ; Comment                                                                              ;
+------------+--------------------------------------------------------------------------------------+
; sw[0]      ; No input delay, min/max delays, false-path exceptions, or max skew assignments found ;
; sw[1]      ; No input delay, min/max delays, false-path exceptions, or max skew assignments found ;
; sw[2]      ; No input delay, min/max delays, false-path exceptions, or max skew assignments found ;
; sw[3]      ; No input delay, min/max delays, false-path exceptions, or max skew assignments found ;
; sw[4]      ; No input delay, min/max delays, false-path exceptions, or max skew assignments found ;
; sw[5]      ; No input delay, min/max delays, false-path exceptions, or max skew assignments found ;
; sw[6]      ; No input delay, min/max delays, false-path exceptions, or max skew assignments found ;
; sw[7]      ; No input delay, min/max delays, false-path exceptions, or max skew assignments found ;
; sw[8]      ; No input delay, min/max delays, false-path exceptions, or max skew assignments found ;
; sw[9]      ; No input delay, min/max delays, false-path exceptions, or max skew assignments found ;
; sw[10]     ; No input delay, min/max delays, false-path exceptions, or max skew assignments found ;
+------------+--------------------------------------------------------------------------------------+


+-----------------------------------------------------------------------------------------------------+
; Unconstrained Output Ports                                                                          ;
+-------------+---------------------------------------------------------------------------------------+
; Output Port ; Comment                                                                               ;
+-------------+---------------------------------------------------------------------------------------+
; VGA_BLANK_N ; No output delay, min/max delays, false-path exceptions, or max skew assignments found ;
; VGA_B[0]    ; No output delay, min/max delays, false-path exceptions, or max skew assignments found ;
; VGA_B[1]    ; No output delay, min/max delays, false-path exceptions, or max skew assignments found ;
; VGA_B[2]    ; No output delay, min/max delays, false-path exceptions, or max skew assignments found ;
; VGA_B[3]    ; No output delay, min/max delays, false-path exceptions, or max skew assignments found ;
; VGA_B[4]    ; No output delay, min/max delays, false-path exceptions, or max skew assignments found ;
; VGA_B[5]    ; No output delay, min/max delays, false-path exceptions, or max skew assignments found ;
; VGA_B[6]    ; No output delay, min/max delays, false-path exceptions, or max skew assignments found ;
; VGA_B[7]    ; No output delay, min/max delays, false-path exceptions, or max skew assignments found ;
; VGA_CLK     ; No output delay, min/max delays, false-path exceptions, or max skew assignments found ;
; VGA_G[0]    ; No output delay, min/max delays, false-path exceptions, or max skew assignments found ;
; VGA_G[1]    ; No output delay, min/max delays, false-path exceptions, or max skew assignments found ;
; VGA_G[2]    ; No output delay, min/max delays, false-path exceptions, or max skew assignments found ;
; VGA_G[3]    ; No output delay, min/max delays, false-path exceptions, or max skew assignments found ;
; VGA_G[4]    ; No output delay, min/max delays, false-path exceptions, or max skew assignments found ;
; VGA_G[5]    ; No output delay, min/max delays, false-path exceptions, or max skew assignments found ;
; VGA_G[6]    ; No output delay, min/max delays, false-path exceptions, or max skew assignments found ;
; VGA_G[7]    ; No output delay, min/max delays, false-path exceptions, or max skew assignments found ;
; VGA_HS      ; No output delay, min/max delays, false-path exceptions, or max skew assignments found ;
; VGA_R[0]    ; No output delay, min/max delays, false-path exceptions, or max skew assignments found ;
; VGA_R[1]    ; No output delay, min/max delays, false-path exceptions, or max skew assignments found ;
; VGA_R[2]    ; No output delay, min/max delays, false-path exceptions, or max skew assignments found ;
; VGA_R[3]    ; No output delay, min/max delays, false-path exceptions, or max skew assignments found ;
; VGA_R[4]    ; No output delay, min/max delays, false-path exceptions, or max skew assignments found ;
; VGA_R[5]    ; No output delay, min/max delays, false-path exceptions, or max skew assignments found ;
; VGA_R[6]    ; No output delay, min/max delays, false-path exceptions, or max skew assignments found ;
; VGA_R[7]    ; No output delay, min/max delays, false-path exceptions, or max skew assignments found ;
; VGA_VS      ; No output delay, min/max delays, false-path exceptions, or max skew assignments found ;
+-------------+---------------------------------------------------------------------------------------+


+--------------------------+
; Timing Analyzer Messages ;
+--------------------------+
Info: *******************************************************************
Info: Running Quartus Prime Timing Analyzer
    Info: Version 22.1std.0 Build 915 10/25/2022 SC Lite Edition
    Info: Processing started: Thu Jul 17 13:15:54 2025
Info: Command: quartus_sta finalproj -c finalproj
Info: qsta_default_script.tcl version: #1
Warning (18236): Number of processors has not been specified which may cause overloading on shared machines.  Set the global assignment NUM_PARALLEL_PROCESSORS in your QSF to an appropriate value for best performance.
Info (20030): Parallel compilation is enabled and will use 10 of the 10 processors detected
Info (21077): Low junction temperature is 0 degrees C
Info (21077): High junction temperature is 85 degrees C
Critical Warning (332012): Synopsys Design Constraints File file not found: 'finalproj.sdc'. A Synopsys Design Constraints File is required by the Timing Analyzer to get proper timing constraints. Without it, the Compiler will not properly optimize the design.
Info (332142): No user constrained generated clocks found in the design. Calling "derive_pll_clocks -create_base_clocks"
Info (332110): Deriving PLL clocks
    Info (332110): create_clock -period 20.000 -waveform {0.000 10.000} -name CLOCK_50 CLOCK_50
    Info (332110): create_generated_clock -source {pll_inst|altpll_component|auto_generated|pll1|inclk[0]} -divide_by 32 -multiply_by 95 -duty_cycle 50.00 -name {pll_inst|altpll_component|auto_generated|pll1|clk[0]} {pll_inst|altpll_component|auto_generated|pll1|clk[0]}
Info (332142): No user constrained base clocks found in the design. Calling "derive_clocks -period 1.0"
Info (332096): The command derive_clocks did not find any clocks to derive.  No clocks were created or changed.
Info (332143): No user constrained clock uncertainty found in the design. Calling "derive_clock_uncertainty"
Info (332123): Deriving Clock Uncertainty. Please refer to report_sdc in the Timing Analyzer to see clock uncertainties.
Info: Found TIMING_ANALYZER_REPORT_SCRIPT_INCLUDE_DEFAULT_ANALYSIS = ON
Info: Analyzing Slow 1200mV 85C Model
Critical Warning (332148): Timing requirements not met
    Info (11105): For recommendations on closing timing, run Report Timing Closure Recommendations in the Timing Analyzer.
Info (332146): Worst-case setup slack is -0.264
    Info (332119):     Slack       End Point TNS Clock 
    Info (332119): ========= =================== =====================
    Info (332119):    -0.264              -1.682 pll_inst|altpll_component|auto_generated|pll1|clk[0] 
Info (332146): Worst-case hold slack is 0.641
    Info (332119):     Slack       End Point TNS Clock 
    Info (332119): ========= =================== =====================
    Info (332119):     0.641               0.000 pll_inst|altpll_component|auto_generated|pll1|clk[0] 
Info (332140): No Recovery paths to report
Info (332140): No Removal paths to report
Info (332146): Worst-case minimum pulse width slack is 3.043
    Info (332119):     Slack       End Point TNS Clock 
    Info (332119): ========= =================== =====================
    Info (332119):     3.043               0.000 pll_inst|altpll_component|auto_generated|pll1|clk[0] 
    Info (332119):     9.891               0.000 CLOCK_50 
Info: Analyzing Slow 1200mV 0C Model
Info (334003): Started post-fitting delay annotation
Info (334004): Delay annotation completed successfully
Info (332123): Deriving Clock Uncertainty. Please refer to report_sdc in the Timing Analyzer to see clock uncertainties.
Info (332146): Worst-case setup slack is 0.347
    Info (332119):     Slack       End Point TNS Clock 
    Info (332119): ========= =================== =====================
    Info (332119):     0.347               0.000 pll_inst|altpll_component|auto_generated|pll1|clk[0] 
Info (332146): Worst-case hold slack is 0.587
    Info (332119):     Slack       End Point TNS Clock 
    Info (332119): ========= =================== =====================
    Info (332119):     0.587               0.000 pll_inst|altpll_component|auto_generated|pll1|clk[0] 
Info (332140): No Recovery paths to report
Info (332140): No Removal paths to report
Info (332146): Worst-case minimum pulse width slack is 3.060
    Info (332119):     Slack       End Point TNS Clock 
    Info (332119): ========= =================== =====================
    Info (332119):     3.060               0.000 pll_inst|altpll_component|auto_generated|pll1|clk[0] 
    Info (332119):     9.887               0.000 CLOCK_50 
Info: Analyzing Fast 1200mV 0C Model
Info (332123): Deriving Clock Uncertainty. Please refer to report_sdc in the Timing Analyzer to see clock uncertainties.
Info (332146): Worst-case setup slack is 3.188
    Info (332119):     Slack       End Point TNS Clock 
    Info (332119): ========= =================== =====================
    Info (332119):     3.188               0.000 pll_inst|altpll_component|auto_generated|pll1|clk[0] 
Info (332146): Worst-case hold slack is 0.292
    Info (332119):     Slack       End Point TNS Clock 
    Info (332119): ========= =================== =====================
    Info (332119):     0.292               0.000 pll_inst|altpll_component|auto_generated|pll1|clk[0] 
Info (332140): No Recovery paths to report
Info (332140): No Removal paths to report
Info (332146): Worst-case minimum pulse width slack is 3.119
    Info (332119):     Slack       End Point TNS Clock 
    Info (332119): ========= =================== =====================
    Info (332119):     3.119               0.000 pll_inst|altpll_component|auto_generated|pll1|clk[0] 
    Info (332119):     9.574               0.000 CLOCK_50 
Info (332102): Design is not fully constrained for setup requirements
Info (332102): Design is not fully constrained for hold requirements
Info: Quartus Prime Timing Analyzer was successful. 0 errors, 3 warnings
    Info: Peak virtual memory: 4973 megabytes
    Info: Processing ended: Thu Jul 17 13:15:56 2025
    Info: Elapsed time: 00:00:02
    Info: Total CPU time (on all processors): 00:00:02


